"Gene"	"C_0_vs_1_pval"	"C_0_vs_1_logFC"	"C_0_vs_1_pct1"	"C_0_vs_1_pct2"	"C_0_vs_1_adjpval"
"Ly6c2"	0	-3.03336191877402	0.229	0.813	0
"Ly6c1"	0	-3.13445360113968	0.184	0.739	0
"Plac8"	0	-2.99526069236848	0.327	0.824	0
"C1qb"	0	2.92499742341655	0.706	0.212	0
"C1qa"	0	3.15929622158798	0.708	0.219	0
"Gbp4"	0	-2.24452145461413	0.307	0.779	0
"C1qc"	0	2.96487056936922	0.72	0.25	0
"Ms4a8a"	0	-3.13070221136947	0.1	0.566	0
"Il1b"	0	-2.58380436761551	0.395	0.819	0
"C3"	0	-1.93956081392671	0.182	0.59	0
"Ifitm6"	0	-2.55682791300105	0.254	0.658	0
"Glipr2"	0	-1.76273892710077	0.241	0.636	0
"Ly6i"	0	-3.45040861942598	0.066	0.449	0
"Thbs1"	0	-2.38374194374922	0.267	0.647	0
"Gm14548"	0	-2.02458308389468	0.222	0.598	0
"Plbd1"	0	-1.52322943071167	0.426	0.797	0
"Gbp2"	0	-1.94764771908144	0.408	0.771	0
"Ifi47"	0	-1.76105268595019	0.344	0.706	0
"Ifitm1"	0	-1.55250737610194	0.459	0.817	0
"Rgs10"	0	1.70560737590492	0.671	0.318	0
"Emb"	0	-1.41602830621489	0.459	0.81	0
"Hp"	0	-3.93881559503526	0.044	0.378	0
"Samhd1"	0	-1.75469516907913	0.569	0.9	0
"Pmp22"	0	4.02335707860756	0.368	0.041	0
"Nfil3"	0	-1.39637803470744	0.468	0.794	0
"Tap1"	0	-1.2723329544968	0.494	0.808	0
"Sell"	0	-3.99718956863976	0.026	0.339	0
"H2-Eb1"	0	-1.66618858122001	0.587	0.888	0
"Irf1"	0	-1.3999081564402	0.513	0.814	0
"Stat1"	0	-1.26699622213652	0.561	0.847	0
"H2-Aa"	0	-1.67496741283561	0.673	0.921	0
"Rpl12"	0	1.35360891611701	0.938	0.691	0
"Clec4n"	0	-1.41654833962619	0.637	0.882	0
"Ly6a"	0	-1.37691294285885	0.66	0.903	0
"AW112010"	0	-1.50701296462952	0.689	0.918	0
"Gatm"	0	2.07295356040939	0.722	0.506	0
"H2-Ab1"	0	-1.5006901191052	0.734	0.93	0
"Rpl13a"	0	0.938125575160433	0.973	0.85	0
"Rpl10a"	0	1.02946982888238	0.978	0.864	0
"Gm10260"	0	0.982242437060455	0.971	0.858	0
"S100a11"	0	-1.57982328024883	0.893	0.985	0
"Junb"	0	-1.12328963989177	0.886	0.977	0
"Cd74"	0	-1.39144311641148	0.883	0.972	0
"Rpl36a"	0	0.967817008009467	0.983	0.897	0
"Ctsc"	0	-0.893850575819338	0.914	0.994	0
"Ly6e"	0	-0.902986844035146	0.905	0.984	0
"Rpl14"	0	1.02505480362481	0.985	0.906	0
"Rpl3"	0	1.01862493565845	0.993	0.93	0
"Ifitm2"	0	-1.00373472765134	0.921	0.982	0
"Rps21"	0	0.807292478828767	0.994	0.949	0
"Rps23"	0	0.790121512483829	0.988	0.944	0
"Rpl17"	0	0.824284574523679	0.994	0.954	0
"Rps12"	0	0.954014526683657	0.995	0.961	0
"Rpl36"	0	0.804340278833603	0.992	0.96	0
"Rpl22"	0	0.691876261742629	0.995	0.964	0
"Rps19"	0	0.951795147164772	0.996	0.965	0
"Rpl26"	0	0.753700029497026	0.996	0.968	0
"Cebpb"	0	-0.782864171663141	0.97	0.995	0
"Rpl10"	0	0.768242679763155	0.996	0.972	0
"Rps15a"	0	0.788653718058249	0.996	0.977	0
"Rpl21"	0	0.780009377403197	0.999	0.981	0
"Rps11"	0	0.753936824173204	0.997	0.979	0
"Rpl35"	0	0.873059623234651	0.998	0.981	0
"Rpl39"	0	0.819299985610101	0.999	0.984	0
"Rpl28"	0	0.77456266857845	0.998	0.984	0
"Rplp1"	0	0.8934602833975	0.999	0.986	0
"Rps5"	0	0.863518033229528	0.998	0.987	0
"Rpl30"	0	0.68870167966136	0.999	0.989	0
"Rps26"	0	0.762045263954804	0.999	0.991	0
"Rpl11"	0	0.637658886177878	0.999	0.992	0
"Rpl32"	0	0.988957238193037	0.999	0.992	0
"Rpl27a"	0	0.729810696097319	0.999	0.994	0
"Rps8"	0	0.78639033855382	1	0.997	0
"Rpl13"	0	0.702889463863808	1	0.998	0
"Rpl19"	0	0.590200210160019	1	0.998	0
"Rpl23"	0	0.752571670125881	1	0.998	0
"Rps2"	0	0.709196819235582	1	0.998	0
"H2-D1"	0	-0.598205105283476	0.999	1	0
"Rps20"	0	0.682632799665938	0.999	0.999	0
"Rps24"	0	0.701886250163146	1	1	0
"Tmsb10"	0	-1.24065985892271	0.999	0.999	0
"Rpl35a"	4.44659081257122e-323	0.664002243108942	0.998	0.985	5.59558987853962e-319
"Timp2"	6.42285339593621e-323	2.43892184555942	0.522	0.173	8.08251871344612e-319
"Rpl41"	9.29337479827385e-321	0.589961371912707	1	1	1.16947828461478e-316
"Fgl2"	2.29197053105754e-320	-1.82972928565969	0.291	0.651	2.88421571628281e-316
"Rpl29"	4.16991405090012e-320	0.623209262072668	0.997	0.992	5.24741984165271e-316
"Mif"	1.11968121054418e-318	0.973577195779559	0.981	0.829	1.4090068353488e-314
"Rplp2"	2.56989727881262e-318	0.637620781996345	0.998	0.979	3.2339587356578e-314
"Rpl37a"	6.08433443737516e-318	0.752358919266379	0.997	0.98	7.6565264559929e-314
"Ifitm3"	9.13127185987333e-318	-0.690029664649212	0.978	0.996	1.14907925084646e-313
"Rps14"	1.15514721886525e-317	0.621513766535997	0.998	0.987	1.45363726022003e-313
"Mcemp1"	3.09730395416184e-314	-1.95648237958051	0.172	0.543	3.89764729591726e-310
"Rps3"	2.00278394389475e-312	0.607098693961364	0.999	0.993	2.52030331499715e-308
"Rpl18a"	1.90309185202456e-308	0.622403896419999	0.999	0.992	2.39485078658771e-304
"Rpl6"	5.26503757814514e-308	0.668392397898763	0.998	0.988	6.62552328833785e-304
"Zfp36"	1.26337526175626e-306	-1.08936983901019	0.849	0.957	1.58983142939408e-302
"Ms4a4c"	1.48171786074782e-306	-1.61567512522414	0.326	0.687	1.86459375596506e-302
"Rps4x"	1.50543613150688e-306	0.702639888263	0.998	0.991	1.89444082788825e-302
"Pmepa1"	1.44341622301517e-305	2.63263045186652	0.441	0.107	1.81639497504228e-301
"Trem2"	2.74691301220074e-304	1.05123254583772	0.886	0.632	3.45671533455341e-300
"Serpinb6a"	1.84195993933224e-302	2.46255788508568	0.482	0.147	2.3179223876557e-298
"Rps27a"	3.48982335649325e-298	0.600534975971863	1	0.997	4.39159371181111e-294
"Rps7"	5.2360841995468e-298	0.676502514514856	0.998	0.978	6.5890883567097e-294
"Rps13"	3.93485602429743e-297	0.668211734749533	0.997	0.984	4.95162282097589e-293
"Prtn3"	9.29221401243385e-297	-3.17531311743723	0.059	0.356	1.16933221132468e-292
"Upp1"	3.85007569781199e-296	-1.81390608805956	0.308	0.641	4.84493525812661e-292
"Rpl37"	9.47203893663888e-295	0.646650736097369	1	0.994	1.19196137978664e-290
"Fcgr4"	4.30522604554867e-294	-1.12296449483922	0.546	0.841	5.41769645571844e-290
"Rpl31"	8.90616979205897e-289	0.886713770857429	0.932	0.76	1.1207524066327e-284
"Gbp7"	8.77555582233e-288	-1.84471917004226	0.204	0.554	1.10431594468201e-283
"Rps6"	1.17053874037144e-285	0.945766795298475	0.933	0.778	1.47300595088342e-281
"Rpl9"	4.94519682426172e-285	0.556986335875262	1	0.999	6.22303568365094e-281
"Cfb"	5.15195551430957e-283	-2.23964472219706	0.182	0.525	6.48322081920717e-279
"Zyx"	1.70964403297554e-280	-1.32631601855024	0.57	0.806	2.15141605109642e-276
"Rps3a1"	2.03272685980716e-279	0.564206975302762	1	0.995	2.55798348038133e-275
"Eef1b2"	3.32192812011365e-279	0.794827873255499	0.964	0.852	4.18031434635101e-275
"Rpl4"	4.10146465281671e-276	0.869573238113138	0.941	0.775	5.16128311910454e-272
"Gm36161"	1.76794671473818e-275	-1.64622066388841	0.245	0.599	2.22478414582653e-271
"Bst1"	1.16911970652303e-274	-1.33358290028636	0.438	0.744	1.47122023868858e-270
"Selenom"	5.62533526814762e-274	-1.51741609903413	0.581	0.789	7.07892190143697e-270
"Atp5g2"	5.86688467736702e-274	0.708150056569272	0.979	0.903	7.38288767799866e-270
"Rpl24"	2.70479786306691e-272	0.580903814008521	0.999	0.995	3.4037176308834e-268
"Vcan"	2.70531894692232e-271	-3.65561198713882	0.03	0.284	3.40437336280704e-267
"Pira2"	4.94141950087971e-271	-1.54829015583059	0.302	0.636	6.21828229990703e-267
"Ppia"	9.12851891143806e-268	0.564870698223843	0.999	0.997	1.14873281981537e-263
"Glrx"	5.35506050925038e-267	-0.971077742546753	0.78	0.934	6.73880814484068e-263
"Gbp2b"	8.66709312294227e-267	-1.87406184686249	0.229	0.556	1.09066699859106e-262
"Eef1a1"	1.81212643477258e-266	0.703688318186876	0.998	0.995	2.28037990551782e-262
"Fpr1"	1.00668188533404e-264	-2.32961425004052	0.101	0.412	1.26680848450435e-260
"Cd72"	2.04041778806667e-264	2.44056893477894	0.424	0.111	2.5676617445031e-260
"Slfn1"	1.9188713705542e-261	-1.66798180825489	0.235	0.576	2.4147077327054e-257
"Rpl7a"	2.05753861222831e-261	0.600552150109542	0.998	0.985	2.58920658962811e-257
"Clec4e"	1.81906833608266e-260	-1.44837796563656	0.383	0.707	2.28911559412642e-256
"Igtp"	1.9360782760652e-260	-1.49891681289203	0.299	0.638	2.43636090260045e-256
"Rps16"	2.78565818566909e-259	0.520849873659822	0.999	0.998	3.50547226084598e-255
"Rpl8"	4.25556736754793e-258	0.579357789105163	0.999	0.988	5.35520597532231e-254
"Ms4a7"	5.68052273046655e-258	1.44984304873241	0.778	0.487	7.14836980401911e-254
"Gbp8"	1.01611387300214e-256	-2.25487489335586	0.091	0.394	1.27867769778589e-252
"Ier3"	1.10269641954503e-255	-1.1913484053015	0.718	0.909	1.38763317435547e-251
"Rpl5"	3.62408956761051e-255	0.953889966183908	0.87	0.651	4.56055431188106e-251
"Tgtp1"	1.67519347985233e-254	-3.24319335830355	0.032	0.28	2.10806347504618e-250
"Rps10"	3.8533952367981e-254	0.519702054391634	1	0.997	4.84911256598673e-250
"Tnfrsf1a"	9.99156234396156e-254	-1.0494581157994	0.604	0.822	1.25733820536412e-249
"Rpsa"	4.09517791912741e-253	0.6241214630795	0.998	0.995	5.15337189342993e-249
"Ccl6"	1.7568457120237e-252	-1.28713899599331	0.691	0.892	2.21081464401063e-248
"Rps28"	1.20152379456884e-251	0.7497468588373	0.992	0.952	1.51199754308542e-247
"Tap2"	1.29416666161853e-251	-1.30738823146313	0.36	0.681	1.62857932698076e-247
"Ifi205"	6.84414104975306e-251	-3.38577721774679	0.033	0.278	8.61266709700926e-247
"Rpl34"	4.69543089802362e-250	0.538910461694775	0.999	0.995	5.90873024207293e-246
"Socs3"	1.4562971201931e-246	-1.05198357524294	0.698	0.889	1.83260429605099e-242
"Fcgr1"	1.18206553708783e-243	-1.00072832568319	0.701	0.864	1.48751127187133e-239
"Slpi"	1.01648396312516e-242	-2.79097766347894	0.198	0.493	1.27914341919671e-238
"H2-DMb2"	3.77900258276627e-242	-1.13571162893824	0.501	0.777	4.75549685015307e-238
"Lst1"	5.28516162509465e-242	-1.0040369144861	0.62	0.857	6.65084738901911e-238
"S100a10"	2.26130469827118e-241	-0.853868527203072	0.934	0.973	2.84562583230445e-237
"Naca"	4.2015036183238e-241	0.697772387838673	0.975	0.894	5.28717215329867e-237
"Socs1"	1.61087315202274e-240	-1.6203580530299	0.272	0.6	2.02712277450541e-236
"Rack1"	4.70431171604668e-237	0.781841361562931	0.944	0.812	5.91990586347314e-233
"Rps15"	1.1039278644381e-236	0.87538721122952	0.893	0.708	1.3891828246089e-232
"Iigp1"	7.3153113920109e-236	-1.41032537004132	0.29	0.62	9.20558785570652e-232
"Cxcl16"	8.85810143389273e-236	0.794446811236475	0.895	0.62	1.11470348444106e-231
"Spp1"	2.22868187910974e-235	2.53905210293006	0.699	0.45	2.80457327667169e-231
"Rpl7"	3.51288310675732e-235	0.629438967217271	0.988	0.944	4.42061210154342e-231
"H2-K1"	3.11378117268984e-234	-0.49445304946418	0.998	1	3.9183822277129e-230
"Ptpn1"	1.22516198899823e-232	-1.33697429149084	0.432	0.688	1.54174384695538e-228
"Fau"	1.09065344879146e-231	0.502501528752911	1	1	1.37247829995917e-227
"Fbxl5"	3.58194504832141e-230	-1.28347818265117	0.357	0.668	4.50751964880767e-226
"Grina"	1.28202470673039e-229	-1.04350223043899	0.842	0.947	1.61329989094953e-225
"Irf7"	1.8613886862166e-229	-0.915186965717251	0.587	0.865	2.34237152273498e-225
"Nfkbia"	1.44571456625722e-228	-1.17481223603504	0.742	0.899	1.81928721017808e-224
"Napsa"	4.20743419686691e-228	-1.50079387808672	0.257	0.576	5.29463519333732e-224
"Myd88"	8.71594810080568e-228	-1.59983636263883	0.233	0.54	1.09681490900539e-223
"Cd63"	2.22993728978712e-227	1.07474596361832	0.815	0.557	2.80615308546811e-223
"Fos"	5.29058261765207e-227	-0.846017880285072	0.866	0.96	6.65766916605336e-223
"Tgtp2"	2.55714258092072e-225	-1.60224721797639	0.222	0.539	3.21790822383063e-221
"Myl12b"	8.07888913572591e-225	-0.668172197418684	0.862	0.964	1.01664740883975e-220
"Calm1"	1.94330702617387e-223	-0.594074404120353	0.978	0.996	2.4454575617372e-219
"Psmb8"	1.09572653927342e-221	-0.655362273661228	0.932	0.971	1.37886227702168e-217
"H2-DMb1"	3.53076997375112e-221	-1.37528343439551	0.251	0.577	4.4431209349684e-217
"Lyn"	6.79624413735654e-221	-0.948984213056437	0.626	0.847	8.55239362244947e-217
"Rpl38"	1.04576449151969e-220	0.676164201049066	0.992	0.96	1.31599003612838e-216
"Gstp1"	1.59150719544238e-220	-1.34444781949142	0.385	0.671	2.0027526547447e-216
"Ccr1"	3.4882824088851e-220	-0.949734523738526	0.595	0.834	4.38965458334101e-216
"Rpl15"	4.66801646802082e-218	0.55890996323797	0.996	0.98	5.8742319233574e-214
"Ccr2"	2.49579422019085e-217	-1.11635078186816	0.386	0.706	3.14070744668817e-213
"Rps25"	4.44263220978558e-217	0.764073064363331	0.929	0.772	5.59060837279418e-213
"Cx3cr1"	1.0875859261136e-216	3.28692215405112	0.265	0.037	1.36861812942136e-212
"Calhm6"	1.67072259724971e-216	-2.107278067816	0.133	0.416	2.10243731637903e-212
"Jaml"	3.26656752024108e-215	-1.33073594407301	0.286	0.603	4.11064856747137e-211
"Npm1"	4.21583260064929e-215	0.891580352960575	0.872	0.689	5.30520374465706e-211
"Pde4b"	8.96442824216661e-213	-1.24377981185901	0.427	0.695	1.12808364999425e-208
"Psme2"	2.0779381291546e-212	-0.772881775704352	0.829	0.924	2.61487734172815e-208
"Wfdc17"	4.32067556555537e-212	-0.83922673958728	0.544	0.818	5.43713813169487e-208
"Gpr141"	5.80824223198378e-212	-2.002381409322	0.116	0.394	7.30909202472839e-208
"Ms4a4a"	3.80339367305039e-211	-0.966880441620602	0.533	0.81	4.78619059816661e-207
"Gm21188"	9.5559614531356e-210	-1.33707402617111	0.277	0.591	1.20252218926258e-205
"Rpl27"	1.37906004630812e-209	0.497462187709026	0.995	0.977	1.73540916227414e-205
"Arg1"	1.37072232608078e-208	0.765966660846749	0.782	0.466	1.72491697514006e-204
"Cd38"	7.29018760966117e-208	-1.79331635962748	0.184	0.476	9.17397208799762e-204
"Ch25h"	8.39385023697964e-208	2.89524964289678	0.317	0.072	1.05628211382152e-203
"Fpr2"	9.79835331280895e-208	-1.87518939286822	0.138	0.418	1.23302478088388e-203
"Tarm1"	7.02319710478097e-207	-1.78467709996277	0.151	0.438	8.83799123665637e-203
"Pim1"	7.9251481221539e-207	-0.914992641052979	0.659	0.855	9.97300639691847e-203
"Syngr1"	2.06886039174773e-206	2.15461043220215	0.38	0.112	2.60345391697534e-202
"Mndal"	4.08473467897531e-206	-1.33038119450932	0.344	0.629	5.14023012002253e-202
"Ifngr1"	1.37159660489544e-205	-1.19106958277565	0.461	0.703	1.72601716760042e-201
"Ltb4r1"	2.0409958246628e-205	-1.28043091486972	0.353	0.649	2.56838914575567e-201
"Cd47"	1.115063828425e-204	-0.893203583146566	0.607	0.819	1.40319632169002e-200
"F10"	6.08671902311135e-204	-1.41148689872489	0.22	0.531	7.65952721868332e-200
"Aldoa"	7.96291192540215e-201	0.670244535315799	0.997	0.979	1.00205283669261e-196
"Cd81"	5.79310476520704e-200	1.15989594879768	0.67	0.364	7.29004303653654e-196
"Rps17"	7.92035065895064e-200	0.802768263567145	0.886	0.738	9.96696926922349e-196
"Pdgfa"	1.25600227814604e-199	2.77586229831071	0.272	0.046	1.58055326681898e-195
"Rpl18"	1.4818063935675e-199	0.464403546268902	0.999	0.993	1.86470516566534e-195
"Itga1"	7.18196150096216e-199	-2.88318218362175	0.036	0.248	9.03778035281079e-195
"Fam20c"	1.36000455408085e-197	2.06919241506165	0.4	0.132	1.71142973085534e-193
"Rnase6"	2.33900458571175e-197	-2.39981862845671	0.063	0.299	2.94340337065967e-193
"Adgre5"	6.65565467313192e-197	-1.6441737959683	0.197	0.484	8.37547584066921e-193
"Rpl22l1"	8.73456079506641e-197	1.00236545817387	0.791	0.599	1.09915713045116e-192
"Hif1a"	1.77010430275082e-196	-1.11560439470445	0.406	0.69	2.22749925458163e-192
"Dusp1"	1.30521162697965e-195	-0.896096680301012	0.8	0.931	1.64247831139119e-191
"Ifi27l2a"	2.391520259823e-195	-1.0248465470444	0.729	0.866	3.00948909496126e-191
"Mmp8"	8.40703640107528e-194	-3.00847538791556	0.045	0.26	1.05794146071131e-189
"C1rl"	6.65309530807252e-193	-2.64989708102597	0.05	0.269	8.37225513567846e-189
"Ms4a6c"	2.70674628288528e-192	-0.80037457536403	0.777	0.913	3.40616952238284e-188
"Trafd1"	9.38515560217201e-191	-1.09850423901762	0.39	0.672	1.18102798097733e-186
"Itgb7"	2.33477778303971e-190	-1.065185793216	0.421	0.704	2.93808436217718e-186
"Pirb"	5.69194172490665e-190	-1.26954212523574	0.333	0.607	7.16273946662253e-186
"Rps29"	6.07970607694547e-190	0.653522112631041	0.997	0.989	7.65070212722817e-186
"Tmbim6"	1.73653100400128e-188	-0.555474412525596	0.935	0.982	2.18525061543521e-184
"Ckb"	2.57641336414753e-188	1.51102742940893	0.588	0.331	3.24215857744326e-184
"S100a8"	1.63813833487074e-186	-2.31558900960728	0.339	0.585	2.06143328060134e-182
"Isg15"	1.05546728057428e-185	-0.968198495174568	0.407	0.705	1.32820002587468e-181
"Eef2"	6.01485842645378e-185	0.573180776075884	0.991	0.973	7.56909784384944e-181
"Irf2"	1.65027941005538e-184	-1.16196960936609	0.339	0.622	2.07671160961369e-180
"Cd300a"	1.7219184341198e-182	-1.54421615837785	0.204	0.477	2.16686215749636e-178
"Gbp6"	6.90559367525244e-180	-1.71032747143936	0.14	0.404	8.68999908093766e-176
"Cytip"	1.35330706410444e-179	-1.77141877921116	0.176	0.436	1.70300160946903e-175
"Csf2rb"	1.97241361163673e-179	-1.10946129882858	0.397	0.669	2.48208528888366e-175
"Mgst1"	6.47515655730034e-179	-1.31202464701077	0.338	0.603	8.14833701170675e-175
"Lat2"	1.75189601918214e-178	0.989446220669802	0.721	0.489	2.20458595053881e-174
"Plaur"	4.98538446002409e-177	-0.896797662626585	0.737	0.892	6.27360780449432e-173
"Plau"	2.1836438276424e-176	2.29404407123855	0.4	0.165	2.7478973927052e-172
"Slc27a1"	5.35719622088708e-175	1.92163673616517	0.357	0.112	6.74149572436431e-171
"Tgfbi"	4.44083330352901e-174	-0.810376962477298	0.832	0.945	5.58834462916091e-170
"Clec4a1"	1.49214071131507e-173	-1.1589450890761	0.312	0.596	1.87770987111888e-169
"Cers6"	4.47552831952732e-173	-1.68402628222705	0.152	0.407	5.63200483729318e-169
"Tspan13"	6.84559182938689e-172	-1.64629757968048	0.167	0.427	8.61449275810047e-168
"Pkp3"	7.05866470131538e-172	-2.69053710567935	0.041	0.237	8.88262366013527e-168
"Pla2g7"	3.96055712759582e-171	-0.772272889329215	0.761	0.914	4.98396508936658e-167
"Ms4a6d"	4.00310846601392e-171	-0.618139115225232	0.891	0.973	5.03751169363192e-167
"Gbp3"	7.32918015155804e-171	-1.51069350220916	0.187	0.451	9.22304030272064e-167
"Tnfaip2"	1.96782165047087e-170	-1.25715082656552	0.276	0.558	2.47630676495254e-166
"Ccl9"	7.41696153218458e-170	-1.00360482360477	0.68	0.838	9.33350439210108e-166
"Psmb9"	1.37511555728843e-169	-0.675672280302646	0.756	0.903	1.73044541729176e-165
"Irgm1"	1.35794691233074e-167	-1.13212224129854	0.309	0.592	1.708840394477e-163
"Hopx"	1.99735905619547e-167	-1.20877786482264	0.259	0.541	2.51347663631638e-163
"Sod2"	3.12096583669917e-167	-1.49807184634177	0.439	0.63	3.92742340890223e-163
"Uba52"	6.74611460582512e-166	0.774495306534134	0.849	0.66	8.48931061997034e-162
"Tax1bp1"	2.37070273983438e-163	-1.07366961825786	0.412	0.65	2.98329232780759e-159
"Cd24a"	4.19613871421876e-163	-1.26675514371573	0.128	0.373	5.28042095797289e-159
"Ifi209"	3.00425815831037e-162	-1.99159888498353	0.086	0.309	3.78055846641777e-158
"Ccnd1"	6.0257004913609e-162	1.77112185165873	0.4	0.158	7.58274149832855e-158
"Rps27"	2.89037453788216e-161	0.574994860412166	0.991	0.957	3.63724731847092e-157
"Bhlhe41"	6.52233847212228e-161	4.07122956692694	0.164	0.012	8.20771073331867e-157
"H2-DMa"	6.93564590220667e-161	-0.701996994010614	0.756	0.876	8.72781680333687e-157
"Gbp9"	1.02304649175099e-160	-1.96986849984952	0.089	0.312	1.28740170521945e-156
"Malat1"	4.0997165461702e-160	-0.361795776074321	0.967	0.996	5.15908330170058e-156
"Rassf4"	8.20479031801943e-160	-1.15424482611904	0.337	0.589	1.03249081361957e-155
"Clec4a3"	5.24213678045809e-159	-1.39244415576536	0.234	0.491	6.59670492452846e-155
"Tapbp"	7.45660481117416e-158	-0.814216947625876	0.593	0.791	9.38339149438156e-154
"Btg1"	1.39356532703726e-157	-0.619837288587658	0.896	0.966	1.75366260754369e-153
"Coro1b"	2.70664075065813e-157	-0.675372202437209	0.715	0.866	3.40603672062819e-153
"H2-T22"	3.38117260351153e-156	-0.780911185943911	0.612	0.818	4.25486760425891e-152
"Cxcl14"	3.66040462641446e-156	1.65884815009373	0.434	0.192	4.60625318187996e-152
"Cxcl2"	7.25701419212236e-155	-1.44422722324789	0.602	0.745	9.13222665936678e-151
"Txn1"	3.82161633425728e-154	-0.585478418129155	0.932	0.961	4.80912199502936e-150
"Dmkn"	7.28337523798239e-154	-3.66281368144368	0.015	0.165	9.16539939947704e-150
"Nrros"	4.68936208321602e-152	-0.941625045934177	0.519	0.729	5.90109324551903e-148
"Gbp5"	5.57605158524489e-152	-2.01444725806359	0.085	0.299	7.01690331487217e-148
"Btg2"	2.19109618432237e-150	-1.23878919237817	0.316	0.568	2.75727543835127e-146
"Rara"	1.53168666217612e-149	-1.30596533071395	0.209	0.466	1.92747449568243e-145
"Zbp1"	1.70669569027643e-148	-0.958357622046685	0.458	0.695	2.14770585664386e-144
"Il1r2"	7.54972962280257e-148	-3.0779043294282	0.021	0.175	9.50057975733476e-144
"Pycard"	8.37177341332145e-147	-0.969107256255855	0.472	0.68	1.05350396633237e-142
"Cdkn1a"	4.24017754565229e-146	-0.793540414294441	0.651	0.836	5.33583942344885e-142
"Lilra6"	8.87992856701217e-146	-1.93885703578999	0.089	0.297	1.11745021087281e-141
"Svil"	1.36842492681709e-145	-1.35437951211986	0.197	0.444	1.72202592790663e-141
"Ptgs2"	5.01447241340783e-145	-1.89116059740831	0.116	0.338	6.31021208503242e-141
"Stab1"	4.4607319571314e-144	1.57816699079567	0.419	0.186	5.61338509485415e-140
"Capza2"	6.8719623412731e-144	-0.692682113605205	0.703	0.846	8.64767741025807e-140
"Il13ra1"	1.29014714780259e-143	-1.34750568642781	0.209	0.449	1.62352117079478e-139
"Gbp10"	2.13134424252625e-143	-2.12794082544015	0.065	0.259	2.68208359479503e-139
"Slc11a1"	1.62035752911323e-142	-0.876863318001927	0.487	0.712	2.03905791463609e-138
"Rtp4"	9.190694874464e-142	-1.1280888051638	0.293	0.55	1.15655704300255e-137
"Il2rg"	1.66221945463789e-141	-0.898174306176821	0.481	0.708	2.09173696171632e-137
"Tnfsf12"	5.14909708589416e-141	1.69462623001239	0.351	0.131	6.47962377288921e-137
"Tpi1"	1.03835070716411e-140	0.615027253953275	0.974	0.892	1.30666052989531e-136
"Plcb1"	1.35277810432886e-140	-2.37597080665898	0.046	0.222	1.70233596648743e-136
"Nr4a1"	2.81022143166619e-140	-1.21779249401242	0.373	0.61	3.53638264960873e-136
"Ifi202b"	2.46303708348601e-139	-1.08039260757855	0.309	0.561	3.09948586585879e-135
"Htr7"	9.0019916780557e-139	-2.94733917862405	0.023	0.173	1.13281063276653e-134
"Col14a1"	4.02910158080398e-138	4.76238053405908	0.126	0.005	5.07022142928372e-134
"Smox"	9.83100070835486e-138	-1.03426558379153	0.527	0.7	1.23713312913938e-133
"Sema4a"	1.44080803366113e-137	-1.30095329874012	0.196	0.435	1.81311282955916e-133
"Cnn3"	9.29820137693872e-137	-1.49633899674846	0.153	0.383	1.17008566127397e-132
"Parp10"	3.56474146657319e-136	-1.53752673751858	0.131	0.354	4.48587066153571e-132
"Irf5"	4.01909871663534e-136	-0.729209275818679	0.629	0.804	5.05763382501391e-132
"Ntpcr"	5.09560160929109e-136	1.34105933829958	0.46	0.287	6.41230506513191e-132
"Mmp19"	1.46550026932719e-135	-1.71220199239308	0.15	0.363	1.84418553892134e-131
"Hmgn1"	6.30922138180996e-135	1.45166258065843	0.413	0.186	7.93952418686966e-131
"Hexb"	1.08024148105848e-133	1.104018483523	0.625	0.455	1.35937587976399e-129
"Nrg1"	1.49103924672771e-133	-3.39670766442154	0.014	0.147	1.87632378808215e-129
"Atp1a1"	8.82028983000176e-133	-0.819741272139221	0.543	0.732	1.10994527220742e-128
"Atox1"	9.56443456084414e-133	-0.457254761529078	0.958	0.984	1.20358844513663e-128
"Gapdh"	1.89874562433186e-132	0.485820558108732	0.999	0.996	2.38938149365922e-128
"Gm5150"	3.87315140036145e-132	-1.06044131922897	0.363	0.601	4.87397372221485e-128
"Rpl36al"	4.48858221579957e-132	0.452309439555239	0.978	0.916	5.64843186036218e-128
"Csrnp1"	1.98329503027312e-131	-1.12808810913311	0.298	0.538	2.49577846609569e-127
"Rhoc"	4.78427647990518e-131	1.4124639630826	0.451	0.246	6.02053352231268e-127
"AB124611"	1.47413795333566e-130	-0.892297368521808	0.446	0.669	1.8550552004776e-126
"Actr3"	2.03607063829309e-130	-0.551390781641716	0.88	0.935	2.56219129122803e-126
"Slc9a3r1"	2.53554688256877e-130	-0.898529761047174	0.437	0.657	3.19073219702454e-126
"H2-Q4"	2.87861224394542e-130	-0.601687064055092	0.773	0.903	3.62244564778092e-126
"Ldha"	4.81234486706835e-130	0.559451523939057	0.986	0.953	6.05585478071881e-126
"Bcl3"	9.01943056119864e-130	-1.34900797621767	0.201	0.428	1.13500514182124e-125
"Sash1"	2.88354287973817e-129	1.69193361837899	0.314	0.108	3.62865035986252e-125
"Sub1"	3.21085791986563e-129	-0.805660675647019	0.588	0.744	4.04054360635891e-125
"Tspo"	3.58718903034086e-129	-0.399721951551871	0.977	0.991	4.51411867578094e-125
"Prdx6"	6.68657677881916e-129	-0.742685374292598	0.673	0.839	8.41438821846603e-125
"Cadm1"	8.48713108607644e-129	2.4480592467712	0.2	0.038	1.06802057587186e-124
"Rpl23a"	8.73379073079938e-129	0.635389256171437	0.864	0.708	1.09906022556379e-124
"Inpp5j"	1.05040950722286e-128	-2.34333822860662	0.044	0.209	1.32183532388925e-124
"Cd1d1"	9.87411020620161e-127	-2.88173223873499	0.031	0.178	1.24255802834841e-122
"Ptma"	1.39401820712875e-126	0.527978033440208	0.991	0.961	1.75423251185082e-122
"Zmynd15"	2.60556711586479e-125	1.92156928614025	0.335	0.142	3.27884565860425e-121
"Pls3"	2.94431116305671e-125	1.9733881919159	0.258	0.075	3.70512116759057e-121
"Blnk"	8.48961951956969e-125	2.96674576089953	0.162	0.022	1.06833372034265e-120
"Cyp4f18"	9.20547407436988e-125	-1.00535542220894	0.283	0.529	1.15841685751871e-120
"Cisd2"	1.53102929131405e-124	-0.987380627824034	0.329	0.56	1.9266472601896e-120
"Aprt"	2.43311686343686e-124	0.506572999792873	0.956	0.886	3.06183426094895e-120
"Igfbp4"	3.5850237371196e-124	2.37742382950184	0.231	0.061	4.51139387079131e-120
"Rnase4"	8.6056728251207e-124	1.17028378042303	0.5	0.312	1.08293786831319e-119
"Lgmn"	2.49643299374771e-123	0.580633844487461	0.924	0.776	3.14151127933212e-119
"Shisa5"	4.55726973124391e-123	-0.580492594037526	0.765	0.885	5.73486822979734e-119
"Gda"	3.01598244778725e-122	-1.07616971153931	0.342	0.555	3.79531231229547e-118
"Serpina3g"	6.90761728056362e-122	-1.92055158035456	0.073	0.254	8.69254558586126e-118
"Tpm3"	7.48513476008924e-122	-0.582941914039308	0.727	0.876	9.4192935820963e-118
"Arhgdib"	9.59487276828432e-122	-0.567834273895063	0.804	0.912	1.2074187891609e-117
"Slamf9"	4.14388708156296e-121	1.43470901315795	0.406	0.195	5.21466750343883e-117
"Serp1"	4.42926533088718e-121	-0.741627631216262	0.645	0.785	5.57378749238843e-117
"Trim30d"	1.62537658547342e-120	-1.9608778571425	0.067	0.241	2.04537389515975e-116
"H2-Q6"	1.05437026398359e-119	-0.650398861310832	0.708	0.851	1.32681954019694e-115
"Kcnn4"	1.54431377992724e-119	1.44615708740095	0.365	0.154	1.94336446066044e-115
"Rplp0"	3.93047737830255e-119	0.375752369671397	1	0.998	4.94611273285593e-115
"Rbms1"	6.49378640422362e-119	-0.659988825165512	0.677	0.828	8.171780811075e-115
"H2-T23"	7.53149348768074e-119	-0.649133016878182	0.61	0.8	9.47763140489745e-115
"Arf5"	2.11555625871276e-118	-0.468999546885091	0.889	0.944	2.66221599596414e-114
"St3gal4"	8.65796395575832e-118	-1.4635248670359	0.151	0.351	1.08951818419263e-113
"Anpep"	1.05329075174436e-117	1.52721403873349	0.312	0.113	1.32546108199511e-113
"Gm4951"	1.10821296655807e-117	-1.46015189358937	0.133	0.337	1.39457519711668e-113
"Dhrs3"	1.22762058304446e-117	1.44939315546512	0.354	0.149	1.54483774170315e-113
"Slc25a4"	3.03205540407138e-117	1.25233702451615	0.43	0.215	3.81553852048342e-113
"Antxr2"	5.29693584982331e-117	-1.59807437916624	0.12	0.312	6.66566407341765e-113
"Ifi211"	6.57796909563029e-117	-1.43020129535441	0.141	0.346	8.27771630994116e-113
"Itgb2"	1.52780720556165e-116	-0.51017982033382	0.817	0.928	1.92259258747878e-112
"Sem1"	3.38777117562359e-116	-0.354772572895077	0.985	0.994	4.26317124740473e-112
"Sp100"	4.29356511223313e-116	-1.1610912017318	0.237	0.457	5.40302233723417e-112
"Gpi1"	4.62494095910382e-116	0.558051029244724	0.965	0.893	5.82002570293624e-112
"Slfn2"	1.1392354937421e-115	-0.674516112587877	0.651	0.812	1.43361394532506e-111
"Olfml3"	1.46680763753304e-115	2.27458559968472	0.206	0.048	1.84583073107158e-111
"Taldo1"	2.01374537068354e-115	-0.603280312423897	0.757	0.869	2.53409717446817e-111
"Ier5"	6.86397164895196e-115	-0.787886095797942	0.487	0.696	8.63762192304114e-111
"Tmem173"	9.98523926373209e-115	-1.15405675087019	0.235	0.453	1.25654250894805e-110
"Ier2"	1.01808985585772e-114	-0.781463808649011	0.643	0.814	1.28116427461136e-110
"C1qbp"	1.38867487097476e-114	1.29335899106422	0.398	0.192	1.74750845763463e-110
"mt-Co1"	1.6078320509941e-114	0.537234580405982	0.995	0.999	2.02329585297097e-110
"Fabp5"	1.71520180002653e-114	1.70749040405736	0.385	0.181	2.15840994515338e-110
"Hpgds"	8.94131902481702e-114	3.32724842209259	0.135	0.015	1.12517558608297e-109
"Psme1"	9.72620868103744e-114	-0.499970539476335	0.872	0.936	1.22394610042175e-109
"Klra2"	1.6008056551698e-113	-0.983713849646385	0.314	0.538	2.01445383646567e-109
"B3gnt5"	1.5626455060455e-112	-2.51947298452457	0.031	0.169	1.96643310480766e-108
"Syngr2"	4.80669175521628e-112	-0.819050204959291	0.505	0.694	6.04874090476417e-108
"H3f3a"	2.17629052998262e-111	-0.352114691713773	0.987	0.995	2.73864400293013e-107
"Nme2"	3.51005427961002e-111	0.51326838823078	0.939	0.851	4.41705230546125e-107
"Cxcl9"	9.16820807099611e-111	-1.63961073378069	0.12	0.313	1.15372730365415e-106
"Slc7a11"	1.61466402324309e-110	-1.80378488437688	0.101	0.278	2.03189320684911e-106
"Bcar3"	3.18284774080011e-110	2.73081552341483	0.159	0.026	4.00529559702285e-106
"Lgals1"	8.00831716008164e-110	0.511122044179939	0.99	0.962	1.00776663142467e-105
"Fgr"	1.18041856135726e-109	-1.10079018107376	0.235	0.454	1.48543871761198e-105
"Il18"	2.11740561875796e-109	-1.40477194439317	0.147	0.341	2.66454323064502e-105
"Ccr5"	7.64055356866433e-109	-0.698933549409215	0.555	0.75	9.6148726108072e-105
"AI839979"	1.2652982208423e-108	-1.32318041333614	0.175	0.374	1.59225128110795e-104
"Rgs1"	5.62480701212789e-108	0.534018487686845	0.714	0.483	7.07825714406174e-104
"1600014C10Rik"	1.3076412625303e-107	-1.09827041354333	0.256	0.47	1.64553576476812e-103
"Cybb"	1.09446718156805e-106	-0.745426956329558	0.659	0.783	1.37727750128523e-102
"Rps9"	2.8100507188386e-106	0.384771631335226	0.998	0.992	3.53616782458649e-102
"Blvrb"	3.9748428532693e-106	-0.743601709860801	0.6	0.753	5.00194224655409e-102
"Bmyc"	1.57954678118189e-105	1.63541346840808	0.275	0.099	1.98770166943929e-101
"Smpdl3b"	4.47143211048809e-105	-1.29538332617158	0.202	0.394	5.62685016783822e-101
"Tnfaip3"	1.56082978362965e-104	-1.21020068663354	0.24	0.445	1.96414819971955e-100
"Fas"	1.71656294524713e-104	-1.81258538447627	0.08	0.245	2.16012281029899e-100
"Cd52"	2.18437174086965e-103	-0.4387225566622	0.933	0.975	2.74881339871037e-99
"Cxcl3"	3.0093260820112e-103	-4.26918609235556	0.047	0.168	3.78693594160289e-99
"Rtcb"	1.86433661049794e-102	1.00251867309121	0.487	0.299	2.34608119065061e-98
"Gpr137b"	1.51594011913909e-101	1.13149650901456	0.493	0.364	1.90765904592464e-97
"Eif3f"	3.97836233510447e-101	0.476660433406617	0.942	0.867	5.00637116249547e-97
"Mtss1"	4.04732313627197e-101	1.47589977649619	0.313	0.132	5.09315143468465e-97
"Prr13"	4.99743094417764e-101	-0.668976898587203	0.608	0.761	6.28876710015314e-97
"1110038B12Rik"	2.99630209415192e-100	1.05398561713806	0.496	0.305	3.77054655528078e-96
"Ifi204"	1.42866747818011e-99	-1.17933249858841	0.202	0.4	1.79783515454186e-95
"Siglec1"	7.83373773171051e-99	2.09724696752475	0.192	0.049	9.85797556158451e-95
"F5"	1.25849746674922e-98	-2.87769624847879	0.02	0.134	1.58369321215721e-94
"Orai1"	1.35981342262701e-98	-0.847214765291172	0.347	0.561	1.71118921103383e-94
"0610012G03Rik"	2.67207360495887e-98	0.878603160096539	0.524	0.358	3.36253742448025e-94
"Gm9733"	3.36450823617829e-98	-2.27938434606003	0.041	0.172	4.23389716440676e-94
"Tmem51"	6.83817665507554e-98	-1.03847950754667	0.225	0.431	8.60516150274706e-94
"Bnip3"	7.24580584224303e-98	0.904967282395784	0.679	0.504	9.11812207187863e-94
"Slc6a8"	1.11047926510749e-97	1.7592271010202	0.235	0.077	1.39742710721126e-93
"Fam49b"	3.75946986040635e-97	-0.594138485322112	0.696	0.814	4.73091687233535e-93
"Ctla2a"	5.9253172180658e-96	2.58225367267563	0.147	0.026	7.45641918721401e-92
"Dhx58"	1.11574447363069e-95	-1.34516673967635	0.127	0.307	1.40405284561686e-91
"Eef1g"	2.0108335783255e-95	0.69636445055659	0.705	0.545	2.53043297496481e-91
"Il18bp"	3.11469431871641e-95	-0.857261298343792	0.248	0.459	3.91953133067274e-91
"Sptssa"	1.04017391085371e-94	0.927558085808695	0.514	0.346	1.30895484941831e-90
"Themis2"	1.14714337329362e-94	-1.20104675493494	0.185	0.375	1.44356522095269e-90
"Bsg"	1.51188162997398e-94	0.617341056889972	0.918	0.832	1.90255184315925e-90
"mt-Nd1"	2.06491423672149e-94	0.550106194577464	0.869	0.859	2.59848807549032e-90
"Osbpl9"	2.26222542393977e-94	-0.755697759404768	0.44	0.637	2.8467844734858e-90
"Camk1"	4.28166809050158e-94	1.02667978345085	0.455	0.296	5.38805112508718e-90
"Uck2"	4.6129441792512e-94	-1.27427737756519	0.164	0.349	5.8049289551697e-90
"Cd14"	7.78167052088463e-94	-0.686293186059056	0.896	0.934	9.79245418348122e-90
"F11r"	1.4655435424305e-93	-1.25090484830985	0.157	0.342	1.84423999379455e-89
"Nfkbie"	2.98288071029871e-93	-1.15138021614449	0.177	0.369	3.7536570858399e-89
"Gng10"	7.600339457042e-93	-0.62351455038058	0.587	0.751	9.56426717274165e-89
"Rnf213"	8.84747664482334e-93	-1.09428045111441	0.203	0.4	1.11336646098457e-88
"Parp14"	1.03508115016625e-92	-1.03994158474979	0.23	0.429	1.30254611936921e-88
"Mxd1"	3.42343561844334e-92	-1.12526752798767	0.179	0.371	4.3080513822491e-88
"Slfn5"	3.85095227464465e-92	-1.34218418987224	0.145	0.324	4.84603834241283e-88
"Anxa6"	8.57792867784673e-92	-0.946358204816878	0.281	0.478	1.07944654482023e-87
"Basp1"	2.44928643313394e-91	0.773722344423182	0.691	0.507	3.08218204745575e-87
"Gpr132"	4.28479259941931e-91	-1.32767135840914	0.135	0.31	5.39198300710926e-87
"Rab32"	2.48966291112338e-90	-0.903609565317762	0.295	0.493	3.13299180735766e-86
"Parp12"	3.00311284442647e-90	-1.20599984379416	0.16	0.342	3.77911720342627e-86
"Lmnb1"	3.44954617419606e-90	-1.15618890180821	0.2	0.388	4.34090890560832e-86
"Ctsz"	3.81613531758741e-90	0.427146333040972	0.982	0.969	4.80222468365199e-86
"March1"	5.164878339721e-90	-1.16417891993822	0.184	0.368	6.49948290270491e-86
"Ctsh"	5.74980397297523e-90	-0.490429427605531	0.768	0.887	7.23555331959202e-86
"Cd80"	7.15298271904614e-90	-1.51194203160222	0.092	0.251	9.00131345364766e-86
"Cdk2ap2"	1.52276239096193e-89	-0.74907175975014	0.466	0.647	1.91624419278649e-85
"Lrp10"	2.71056260992551e-89	-0.73753445389716	0.43	0.619	3.41097198833026e-85
"Plgrkt"	2.73596635333957e-89	-0.96303503031084	0.284	0.471	3.44294005904252e-85
"Snx18"	8.72110315850253e-89	-0.8436121210535	0.368	0.564	1.09746362146596e-84
"Clec4d"	9.82054211625816e-89	-0.617680413108247	0.686	0.817	1.23581701990993e-84
"Plp2"	2.23579615752258e-88	0.623801858067443	0.774	0.636	2.81352588462641e-84
"Angptl2"	2.65413969765596e-88	3.7985823748108	0.096	0.008	3.33996939553025e-84
"Pomp"	3.69683312824763e-88	-0.508821373898147	0.749	0.859	4.65209480858682e-84
"Naaa"	5.60947756015881e-88	-1.18271934844268	0.21	0.388	7.05896656170385e-84
"Gpr183"	7.85891564947901e-88	1.74139964781529	0.219	0.072	9.88965945330438e-84
"Gng5"	7.92301215285287e-88	0.346817979063772	0.995	0.992	9.97031849315005e-84
"Vkorc1"	1.04939117446625e-87	1.20053437086955	0.342	0.163	1.32055385394833e-83
"Apoe"	1.08160149654569e-87	0.695110339592934	0.898	0.779	1.36108732325309e-83
"Pdpn"	1.22436347633249e-86	0.434673257565431	0.606	0.397	1.54073899861681e-82
"E230016K23Rik"	1.67339043943486e-86	-2.96934688669256	0.016	0.114	2.10579452898483e-82
"Apbb2"	2.07822208322568e-86	3.74811941950242	0.094	0.007	2.61523466953119e-82
"Vat1"	2.09314160142752e-86	0.876824389082347	0.553	0.379	2.6340093912364e-82
"Slfn4"	2.77051819256137e-86	-1.21467950350096	0.154	0.332	3.48642009351923e-82
"Snx10"	4.37187512357242e-86	-0.922015248988935	0.288	0.476	5.50156765550353e-82
"Klf13"	4.77971909075236e-86	-0.774917462582318	0.38	0.578	6.01479850380277e-82
"Psmd8"	5.8641721464671e-85	0.744882663372658	0.773	0.69	7.37947422911419e-81
"H2-Q1"	6.9640093278445e-85	-0.632179678933347	0.533	0.709	8.76350933815952e-81
"Tpt1"	8.47113954974172e-85	0.316936418495634	1	1	1.0660082009395e-80
"Itgb5"	1.0187472126194e-84	1.04683428761317	0.419	0.245	1.28199149236025e-80
"Htra3"	1.20209384933578e-84	1.78011442672482	0.188	0.054	1.51271490000414e-80
"Lcp2"	2.77361042437864e-84	-0.856905143391617	0.329	0.519	3.49031135803808e-80
"Stmn1"	4.51369340936463e-84	2.65167015328937	0.148	0.036	5.68003178634445e-80
"Plekho1"	7.13923595949876e-84	0.866205307511741	0.543	0.371	8.98401453143324e-80
"Dram1"	8.24619970956641e-84	-1.20760133708081	0.163	0.335	1.03770177145184e-79
"Lhfpl2"	1.35671197953668e-83	1.61742527847905	0.247	0.097	1.70728635504896e-79
"Tfec"	5.91508681463551e-83	-1.61084284957163	0.076	0.219	7.44354524753733e-79
"Serpina3f"	6.08948876987413e-83	-2.20517404262664	0.035	0.15	7.66301266800961e-79
"Pnp"	1.28661288689416e-82	-0.763563228795591	0.469	0.632	1.61907365686761e-78
"Ndufv3"	1.96557329077196e-82	0.53581510009797	0.794	0.666	2.47347742910743e-78
"Trem1"	2.25478190990301e-82	-0.978787650312417	0.291	0.476	2.83741755542195e-78
"Pxn"	5.07474154252254e-82	-0.849375924891891	0.295	0.486	6.38605475711036e-78
"N4bp1"	1.09775569690283e-81	-1.031407589196	0.205	0.387	1.38141576898252e-77
"Rab20"	1.75182176769864e-81	-0.878212327532917	0.304	0.49	2.20449251247197e-77
"Fam162a"	3.18162669218352e-81	0.70094999670318	0.652	0.466	4.00375902944374e-77
"Gas5"	4.07945105867036e-81	0.94699399791638	0.503	0.34	5.13358121223079e-77
"Tppp3"	4.73610527083328e-81	-1.95350418497372	0.073	0.202	5.9599148728166e-77
"Mvp"	5.23136225533133e-81	-0.768495461197673	0.339	0.535	6.58314626210895e-77
"Plin2"	5.85372092414482e-81	-0.409319932495872	0.837	0.93	7.36632241094384e-77
"Prdx5"	5.85607854012377e-81	-0.393812243488624	0.987	0.995	7.36928923489175e-77
"Ly6g"	8.56015462991463e-81	-5.2720795454368	0.002	0.07	1.07720985862846e-76
"Relt"	1.279094417248e-80	-1.66520311531676	0.066	0.201	1.60961241466489e-76
"Igfbp6"	3.00295501385524e-80	-1.78287464288454	0.061	0.191	3.77891858943543e-76
"Gmfg"	3.22145541470294e-80	-0.589505638776711	0.561	0.723	4.05387949386218e-76
"Skap2"	4.73271131080934e-80	-0.743890693187701	0.378	0.566	5.95564391352247e-76
"Casp1"	5.39600046149179e-80	-0.942533988625176	0.25	0.434	6.79032698074127e-76
"Cd44"	1.28332935413467e-79	-0.640459975030395	0.575	0.724	1.61494165924306e-75
"Zfp36l1"	1.38580761570142e-79	-0.692910359428329	0.57	0.726	1.74390030359867e-75
"Gm4841"	3.01174898356727e-79	-3.83148591477006	0.006	0.081	3.78998492092105e-75
"Fosl2"	3.88693469240634e-79	-0.76128803037382	0.342	0.538	4.89131861692414e-75
"Ciita"	3.95884644511716e-79	-1.68821016118019	0.065	0.198	4.98181236653543e-75
"Chil3"	4.04846096752447e-79	-2.29855525190621	0.017	0.111	5.0945832815328e-75
"Ctla2b"	5.00676438484258e-79	1.37332024596914	0.295	0.14	6.3005123018859e-75
"Ccnd3"	8.55826643874891e-79	-0.816128638208429	0.344	0.53	1.07697224865216e-74
"Tmem171"	1.14303726149276e-78	1.70286473851076	0.2	0.067	1.43839808986249e-74
"Klf3"	3.06457242603265e-78	-1.0545658696551	0.203	0.376	3.85645794091949e-74
"Arhgap22"	4.50289201900653e-78	1.73773493735462	0.188	0.058	5.66643931671782e-74
"Cmklr1"	4.60635223311884e-78	-0.935065886443681	0.248	0.429	5.79663365015674e-74
"Eef1d"	4.88664862480582e-78	0.611716300060929	0.69	0.534	6.14935862945565e-74
"Bcl2a1b"	1.66680949456719e-77	0.590769788930349	0.645	0.449	2.09751306796335e-73
"Ethe1"	1.84350535072552e-77	-0.944393755567011	0.251	0.421	2.319867133353e-73
"Hck"	1.8993552320204e-77	-0.724320939702563	0.382	0.572	2.39014862397447e-73
"Ncf2"	1.99740693127197e-77	-0.573500093569764	0.589	0.735	2.51353688231265e-73
"Lrrk2"	7.25313790746603e-77	-1.86726247709659	0.057	0.18	9.12734874275526e-73
"Vdac1"	7.30865841081e-77	0.680541787812383	0.69	0.556	9.1972157441633e-73
"Folr2"	8.49053724735328e-77	0.736245319214131	0.406	0.222	1.06844920720694e-72
"Gm26532"	1.01344452433041e-76	-0.871306679171518	0.293	0.481	1.27531858941739e-72
"mt-Nd2"	1.11633620873409e-76	0.53692562227428	0.833	0.78	1.40479748507098e-72
"Tgfbr2"	2.6219134378122e-76	1.11185111534775	0.343	0.184	3.29941587014288e-72
"Scamp5"	3.16434677710806e-76	2.65865779212609	0.11	0.017	3.98201398431278e-72
"Pfdn5"	5.24204242194801e-76	0.384419193512421	0.957	0.903	6.59658618377938e-72
"Pkib"	5.98433580800799e-76	-0.948229922193413	0.24	0.417	7.53068818079726e-72
"Cdk18"	6.01029750866246e-76	3.57521325996796	0.086	0.008	7.56335838490084e-72
"Rac2"	7.8222447077009e-76	-0.471763183959661	0.744	0.85	9.84351274017082e-72
"Psma7"	9.34520274816638e-76	-0.439481421589353	0.815	0.883	1.17600031382926e-71
"Klrk1"	1.10790609064191e-75	-1.459566503019	0.092	0.234	1.39418902446378e-71
"Gna12"	1.65887523741505e-75	1.26822985435614	0.281	0.126	2.0875285987631e-71
"Serpinb2"	1.65925248168927e-75	-3.67004660782959	0.005	0.075	2.08800332295777e-71
"Nav2"	1.7614870644281e-75	3.09059489179387	0.098	0.012	2.21665532187632e-71
"Arhgdia"	6.19976589776618e-75	0.389096071842328	0.933	0.879	7.80178540574896e-71
"Gsdmd"	1.22176517786715e-74	-0.844577311391665	0.293	0.471	1.53746929982803e-70
"Dusp4"	1.34490633180597e-74	1.95369869073903	0.191	0.067	1.69243012794463e-70
"Ncl"	1.69246373751118e-74	0.863448891387846	0.483	0.327	2.12979636728407e-70
"Pebp1"	1.95411771354198e-74	0.642099766313906	0.648	0.505	2.45906173072123e-70
"Ctsa"	7.97499908457553e-74	0.505396573101629	0.932	0.895	1.00357388480298e-69
"Casp3"	9.45748271310852e-74	-1.36303888230531	0.101	0.244	1.19012962461758e-69
"Aopep"	1.78613500566439e-73	0.868791751966137	0.498	0.375	2.24767229112807e-69
"Nos2"	1.99251027700267e-73	-1.33793899989737	0.216	0.327	2.50737493258016e-69
"Ccl24"	3.01556671610128e-73	-3.00808792223762	0.03	0.128	3.79478915554185e-69
"2410006H16Rik"	4.18033551158501e-73	0.817719601970309	0.618	0.487	5.26053420777858e-69
"Nupr1"	5.46213354604812e-73	-0.863193778168264	0.374	0.552	6.87354885434696e-69
"Rap1a"	6.21750058315635e-73	-0.495266867318771	0.689	0.798	7.82410273384396e-69
"Ets2"	6.52938434947813e-73	-0.736469174936205	0.398	0.573	8.21657726538328e-69
"Cox4i1"	7.02948224945464e-73	0.302445234675617	0.988	0.966	8.84590046271372e-69
"Ms4a6b"	7.06088870573653e-73	-0.555603490044973	0.601	0.757	8.88542234729885e-69
"Grn"	9.19862548038295e-73	0.412395311495735	0.96	0.943	1.15755503045139e-68
"Gm15056"	1.2255150840551e-72	-2.48278145940585	0.043	0.152	1.54218818177493e-68
"Tomm20"	1.30792286881718e-72	0.586536180860734	0.696	0.563	1.64589013811954e-68
"Ptpn6"	1.5276200173223e-72	-0.62991247597163	0.437	0.624	1.92235702979838e-68
"Mirt2"	2.14008844518308e-72	-1.80596934374477	0.048	0.164	2.69308729941839e-68
"Rap2c"	2.20433381790653e-72	-1.23028435169078	0.129	0.279	2.77393367645358e-68
"mt-Co3"	2.77860827784283e-72	0.467982678238853	0.986	0.996	3.49660065683741e-68
"Tmem154"	2.82389841772446e-72	-2.62783842283569	0.017	0.104	3.55359376886446e-68
"Tubb5"	4.24752733924596e-72	0.589937872691495	0.855	0.766	5.34508840370712e-68
"Sgms2"	5.75174798206968e-72	-1.43968779102966	0.08	0.215	7.23799966063649e-68
"Abhd12"	9.7810331408672e-72	0.869852514837104	0.428	0.279	1.23084521044673e-67
"Ms4a4b"	1.21303915925322e-71	-3.0202397256715	0.015	0.097	1.52648847800425e-67
"Trim30a"	1.27907970032461e-71	-1.08883577173985	0.17	0.331	1.60959389488849e-67
"Tmem37"	1.77412731689802e-71	0.989002949794982	0.43	0.277	2.23256181558447e-67
"Psmb10"	2.37347309239884e-71	-0.66913765637467	0.465	0.635	2.9867785394747e-67
"Rps18"	2.77533945655248e-71	0.892534008516282	0.433	0.275	3.49248717212565e-67
"Osm"	2.77882392155656e-71	-1.01295337790084	0.254	0.42	3.49687202288677e-67
"Ywhaz"	3.19984049528908e-71	-0.491301839976688	0.725	0.833	4.02667927927178e-67
"Erp29"	3.77329815101866e-71	0.462504451452895	0.859	0.766	4.74831839324189e-67
"mt-Nd5"	3.82180757356856e-71	0.53407520802506	0.785	0.708	4.80936265057867e-67
"Naa50"	4.20452391158095e-71	1.09337809929513	0.373	0.239	5.29097289033347e-67
"Slc31a1"	5.14976152773334e-71	-0.768327363123463	0.337	0.515	6.48045990649964e-67
"Slco2b1"	5.33363574360356e-71	3.72967266529064	0.073	0.005	6.71184721975072e-67
"Abracl"	6.45100499030932e-71	-0.5510381021009	0.605	0.74	8.11794467980525e-67
"Gpr34"	2.6428736350737e-70	3.34904202813201	0.086	0.01	3.32579218237674e-66
"Ndel1"	2.65280834296428e-70	-0.818952510902088	0.306	0.477	3.33829401878625e-66
"Hgsnat"	2.733758625376e-70	-1.03702071226419	0.206	0.364	3.44016185417316e-66
"Ctsb"	4.61350194924651e-70	0.439725338329608	0.992	0.991	5.8056308529318e-66
"Rspo1"	4.91795213191339e-70	-3.39198039094779	0.008	0.08	6.18875096279981e-66
"Sh3glb1"	7.13301434867666e-70	0.447722745859136	0.918	0.858	8.97618525637471e-66
"Slc28a2"	9.36672023769552e-70	-1.35956965122877	0.108	0.247	1.1787080747116e-65
"Lap3"	2.65906758754115e-69	-1.0012972375836	0.235	0.388	3.34617065216179e-65
"Slc7a2"	5.33577418380742e-69	1.42302263304534	0.249	0.107	6.71453823290325e-65
"Arhgef37"	8.80107208307957e-69	-3.06557849687024	0.011	0.087	1.10752691093473e-64
"Casp4"	9.48914060256775e-69	-1.0965967031791	0.16	0.315	1.19411345342713e-64
"Pgam1"	1.86321887499485e-68	0.381677421970684	0.966	0.918	2.34467463229352e-64
"Atf4"	1.96192939481949e-68	0.911111871294839	0.548	0.456	2.46889195044084e-64
"Cacna1d"	2.12203612559845e-68	-1.38803891550383	0.115	0.246	2.67037026045309e-64
"Sdc4"	2.43023436370483e-68	-0.710016232633578	0.52	0.639	3.05820692328615e-64
"Cycs"	2.57918866905863e-68	-0.534311399241334	0.742	0.834	3.24565102114338e-64
"Stx11"	4.18033169441077e-68	-1.07204895938728	0.113	0.255	5.26052940424652e-64
"Pgls"	1.04978868321518e-67	0.577046724364877	0.663	0.539	1.32105407895799e-63
"Dgat2"	1.46531787171778e-67	-1.79116309323917	0.058	0.171	1.84395600976965e-63
"Pstpip2"	7.31228218207317e-67	-1.24347312344732	0.118	0.256	9.20177589792087e-63
"Peli1"	7.53800049567298e-67	-0.851720377232893	0.236	0.407	9.48581982375487e-63
"C1galt1c1"	7.63451962021556e-67	-1.24139575657467	0.129	0.264	9.60727949007926e-63
"Pgk1"	1.13286440368102e-66	0.434744977768587	0.955	0.897	1.4255965655922e-62
"Stat3"	1.35995302353996e-66	-0.707763430749697	0.351	0.526	1.71136488482269e-62
"Il15ra"	1.50510060130041e-66	-1.63761944362827	0.057	0.173	1.89401859667643e-62
"Marcks"	1.64414344903665e-66	-0.995911388483165	0.194	0.355	2.06899011626772e-62
"Ybx1"	1.80047202344088e-66	0.369957360721069	0.971	0.946	2.265713994298e-62
"Cox7a2l"	1.88079836925054e-66	0.586438959968094	0.661	0.529	2.36679666786488e-62
"F830016B08Rik"	1.89167173440266e-66	-2.52715858208612	0.021	0.107	2.38047971057231e-62
"Rhog"	2.00347174886302e-66	-0.36351761325532	0.896	0.949	2.52116884876922e-62
"Ifi203"	2.70645895383887e-66	-1.00429227817898	0.199	0.358	3.40580794751084e-62
"Marcksl1"	2.72239275562606e-66	-0.714081794633845	0.597	0.73	3.42585904367984e-62
"H2afy"	3.90213450644713e-66	-0.68462125886691	0.423	0.58	4.91044606291307e-62
"Csf2ra"	4.39760155160438e-66	-0.482606744417068	0.66	0.796	5.53394179253895e-62
"Cib1"	5.54948128510435e-66	-0.824063391053882	0.278	0.435	6.98346724917531e-62
"AU020206"	6.68967789127528e-66	1.21136063908822	0.273	0.135	8.41829065838081e-62
"Fam32a"	8.70366119811479e-66	-0.622716447295963	0.455	0.615	1.09526872517077e-61
"Jarid2"	9.74299429581598e-66	-1.00358151181724	0.202	0.353	1.22605840218548e-61
"Gm11808"	1.11399872810575e-65	0.688159294746877	0.553	0.39	1.40185599944828e-61
"Mmp9"	1.5833230724627e-65	-1.55917399085075	0.036	0.136	1.99245375438706e-61
"Bin2"	2.09319468196487e-65	-0.804522095747686	0.285	0.454	2.63407618778459e-61
"Nampt"	2.23568318554273e-65	-0.678520665047277	0.396	0.563	2.81338372068697e-61
"Birc3"	2.52925825875615e-65	-1.06828678431846	0.165	0.314	3.18281859281874e-61
"Icam1"	3.15890444941499e-65	-0.999140969878227	0.217	0.376	3.97516535914383e-61
"Tle3"	6.29872061864309e-65	-1.11825867226409	0.145	0.292	7.92631002650046e-61
"Oas3"	7.70730670372962e-65	-1.34705811474374	0.091	0.221	9.69887475597335e-61
"Rtraf"	8.03418341668959e-65	0.456034710072511	0.804	0.681	1.01102164115622e-60
"Arg2"	8.96889909404512e-65	-0.624772327398933	0.329	0.509	1.12864626199464e-60
"Nek6"	1.22508121557539e-64	1.06072279635332	0.311	0.16	1.54164220168008e-60
"Adprh"	1.35979690681401e-64	-0.791857110088265	0.286	0.452	1.71116842753475e-60
"Ssr4"	1.3808179956278e-64	0.437723365376826	0.836	0.743	1.73762136569803e-60
"Cd177"	1.73461489679547e-64	-4.30814880014432	0.004	0.064	2.18283938612741e-60
"S1pr1"	1.12360155719481e-63	2.07389114343861	0.132	0.035	1.41394019957395e-59
"Ppp1r14b"	2.86623617512572e-63	0.862341409940239	0.407	0.257	3.6068716027782e-59
"Arpc5"	3.47100980572657e-63	-0.39281210626168	0.826	0.895	4.36791873952631e-59
"Cd68"	4.76229962801853e-63	0.414990686351119	0.963	0.928	5.99287785189852e-59
"Hspe1-rs1"	5.38742603107599e-63	1.03832960653013	0.337	0.19	6.77953691750603e-59
"Nlrp3"	6.3604833977897e-63	-0.987856770816477	0.209	0.363	8.00403230777856e-59
"Anp32b"	1.81966399471322e-62	0.515838265135427	0.75	0.662	2.28986517094712e-58
"Atp6v1b2"	1.96833735742651e-62	-0.579122052433726	0.497	0.648	2.47695573058553e-58
"Batf2"	2.60952260503059e-62	-1.16299632668077	0.123	0.262	3.2838232461705e-58
"Cdc42ep2"	2.79100857274563e-62	-1.3792318982058	0.085	0.209	3.5122051879431e-58
"Ftl1"	2.99222080837851e-62	0.403870769622875	1	1	3.76541066526351e-58
"Litaf"	3.44081231871051e-62	-0.316097387686686	0.813	0.91	4.3299182218653e-58
"Colec12"	3.91077511462894e-62	0.854950632466864	0.432	0.29	4.92131940424906e-58
"Rap2a"	5.3647003556304e-62	1.13319351881119	0.288	0.151	6.7509389275253e-58
"Irf8"	9.19320114712014e-62	-0.537594701552405	0.613	0.738	1.1568724323536e-57
"Tpst2"	1.06585885595897e-61	-0.626588675846954	0.429	0.587	1.34127678433877e-57
"BC028528"	1.14562183964649e-61	-0.633984689248863	0.428	0.587	1.44165052301114e-57
"Gas6"	1.2803763398804e-61	2.31180912193304	0.093	0.016	1.6112255861055e-57
"Vdac2"	2.01759123041391e-61	0.405371065550591	0.862	0.769	2.53893680435286e-57
"Mt1"	3.55654099948091e-61	0.68710458633975	0.874	0.772	4.47555119374678e-57
"Ezr"	4.07629713793918e-61	-0.836759806374363	0.284	0.44	5.12961231838266e-57
"Serf1"	5.94745649531617e-61	1.43180243171427	0.196	0.076	7.48427925370587e-57
"Oas1a"	1.79927805391082e-60	-0.833905103408026	0.242	0.403	2.26421150304137e-56
"Trf"	2.33777515476286e-60	-1.02782418523931	0.302	0.447	2.94185625475358e-56
"Mboat7"	2.49435642002093e-60	-1.15831901560172	0.12	0.254	3.13889811895434e-56
"Gm15448"	3.47887625725306e-60	-1.42105207390043	0.077	0.193	4.37781788212725e-56
"Timd4"	4.45950860652417e-60	-3.08073830404125	0.013	0.083	5.61184563045002e-56
"Alpk1"	4.48005065009341e-60	-1.10143921290468	0.138	0.276	5.63769573807754e-56
"Gpx4"	4.98305887935784e-60	0.403535546275963	0.895	0.824	6.27068129378391e-56
"Chmp4b"	8.17228751288211e-60	-0.505328249395265	0.653	0.755	1.02840066062109e-55
"Atpif1"	9.0565611157918e-60	0.486201926482871	0.806	0.732	1.13967765081124e-55
"Ifi207"	1.23714366512266e-59	-0.80344243600281	0.286	0.445	1.55682158819035e-55
"Ifi35"	1.39426250410711e-59	-0.831024983730914	0.247	0.403	1.75453993516838e-55
"Dtx3l"	1.53991814972599e-59	-1.05497771725759	0.145	0.286	1.93783299961518e-55
"Bola3"	1.74781766100037e-59	0.892050698476898	0.36	0.226	2.19945374460287e-55
"Hnrnpa2b1"	2.96109497315505e-59	-0.346845410399759	0.747	0.87	3.72624191421831e-55
"Oasl2"	3.31014298355111e-59	-0.775792034358958	0.225	0.385	4.16548393050072e-55
"Osbpl8"	4.07505101674489e-59	1.04444179484955	0.319	0.197	5.12804419947177e-55
"Psen2"	5.2571932882743e-59	-0.735800706319398	0.296	0.459	6.61565203396438e-55
"P2ry6"	6.8595877064068e-59	0.647756454320751	0.576	0.446	8.63210516974232e-55
"Laptm5"	1.12345103462079e-58	-0.256016676631195	0.972	0.989	1.4137507819668e-54
"Slamf8"	1.25179221409015e-58	-0.697886307950606	0.211	0.367	1.57525532221104e-54
"Ehd1"	2.70824200914694e-58	-0.637321094498924	0.439	0.592	3.4080517443105e-54
"Adora2a"	3.05816705475579e-58	-2.78731663684288	0.011	0.077	3.84839742170469e-54
"Gng11"	3.9546101353571e-58	1.46259935692844	0.199	0.084	4.97648139433338e-54
"Rab5if"	4.34972009132516e-58	-0.428548144425695	0.678	0.802	5.47368776292359e-54
"Ifi44"	7.83417376215504e-58	-0.979279332709561	0.176	0.322	9.8585242622959e-54
"Mkrn1"	8.65411901560279e-58	-0.503110995695258	0.559	0.7	1.08903433692345e-53
"Fam49a"	1.07999264767752e-57	-1.67607370358505	0.051	0.15	1.35906274783739e-53
"Ifi27"	1.29043427321206e-57	0.786989750097526	0.434	0.278	1.62388248941006e-53
"Phlda1"	1.86007496826888e-57	-1.13996177631358	0.232	0.366	2.34071834006956e-53
"1110038F14Rik"	2.59128196264146e-57	-0.864453704882456	0.218	0.367	3.26086922178802e-53
"Sla"	3.01051288648681e-57	-0.739799020341227	0.288	0.451	3.78842941635501e-53
"Fnip2"	3.06852281464686e-57	1.16760893355087	0.262	0.14	3.86142910995161e-53
"Anxa11"	5.76676039622001e-57	-0.736590189965346	0.283	0.443	7.25689128260326e-53
"Trim47"	6.12703424832056e-57	1.463873048801	0.164	0.058	7.71025989808659e-53
"Eif3i"	1.06312726604486e-56	0.514527439703468	0.676	0.568	1.33783935159086e-52
"Cd164"	2.14620038788374e-56	-0.864436336571342	0.215	0.365	2.7007785681129e-52
"Pf4"	2.27482760743097e-56	0.268207497996038	0.499	0.336	2.86264306119113e-52
"Arid5a"	2.28181903697613e-56	-1.10082785806053	0.133	0.265	2.87144107613076e-52
"Scnn1a"	2.48709868589785e-56	-3.54702934426934	0.005	0.061	3.12976498633386e-52
"Id3"	2.5425523223686e-56	-1.67182449527453	0.059	0.161	3.19954784246865e-52
"Sap30"	3.54580607747434e-56	0.836536645538541	0.41	0.349	4.4620423678937e-52
"Tent5c"	4.58851133730563e-56	1.65979961651564	0.181	0.076	5.7741826668654e-52
"Itga6"	4.64460144329915e-56	2.98909503136244	0.074	0.01	5.84476645624765e-52
"Aif1"	6.23974297394365e-56	-0.474255206053357	0.645	0.776	7.85209255841069e-52
"Fcrls"	6.38020721620953e-56	3.09583154016002	0.074	0.01	8.02885276087807e-52
"Bcl10"	6.52539563056464e-56	-0.643638803663244	0.343	0.505	8.21155786150254e-52
"Atp6v1c1"	6.68125879981588e-56	0.737838577289798	0.438	0.347	8.4076960736883e-52
"Lrp1"	6.9522454345238e-56	0.529209835004318	0.742	0.67	8.74870565480475e-52
"Mrpl33"	1.04894520693964e-55	-0.443271887713907	0.713	0.806	1.31999264841285e-51
"Msrb1"	3.47976910547011e-55	-0.471046534692666	0.733	0.825	4.37894144232359e-51
"Adm"	5.29149612515982e-55	2.98771319036297	0.07	0.008	6.65881872390111e-51
"Nmi"	7.26923520966262e-55	-0.896563043660783	0.193	0.335	9.14760558783944e-51
"Ppp1r15b"	7.45060465276267e-55	-0.854853879413897	0.219	0.365	9.37584089503655e-51
"Slc31a2"	8.37924235610974e-55	-0.68721937505889	0.316	0.476	1.05444385809285e-50
"Sertad1"	8.86011446803108e-55	-0.549189820228193	0.448	0.607	1.11495680465703e-50
"Ggh"	1.47582655027703e-54	-0.64657328989333	0.365	0.517	1.85718013086862e-50
"Tbca"	1.75338182093339e-54	0.410484971249626	0.827	0.738	2.20645568346258e-50
"Pilrb2"	1.90989514005167e-54	-1.19910604084903	0.102	0.222	2.40341204424102e-50
"Lgals8"	2.28017045455714e-54	-0.887716490744379	0.199	0.34	2.8693665000147e-50
"Pla2g4a"	2.28969425436452e-54	-1.1030758550079	0.127	0.254	2.88135124969232e-50
"Stx7"	2.35274275245229e-54	-0.552642513909224	0.461	0.61	2.96069147968596e-50
"Akr1a1"	6.18682910069657e-54	0.312008883088822	0.959	0.924	7.78550574031657e-50
"Cd86"	8.02400528662284e-54	-0.697677508670405	0.297	0.454	1.00974082526862e-49
"2510009E07Rik"	8.76472200887109e-54	1.31777037479969	0.197	0.086	1.10295261759634e-49
"Mefv"	1.58230967972015e-53	-1.22728028913164	0.089	0.205	1.99117850095983e-49
"Rab11fip1"	1.91317751151091e-53	-1.28129758049489	0.094	0.206	2.40754258048533e-49
"Nod1"	2.11624080660643e-53	-1.71639713376053	0.043	0.134	2.66307743103353e-49
"Prkcd"	2.5382499528843e-53	-0.523573196760751	0.536	0.67	3.19413374070961e-49
"Il27"	2.81538130819369e-53	-1.65731716856915	0.048	0.142	3.54287583823094e-49
"Lrrc8c"	3.19476280586076e-53	-1.01215749444059	0.145	0.276	4.02028951489518e-49
"Ifnar1"	3.22016583874021e-53	-0.71013014659772	0.284	0.439	4.05225669147068e-49
"Rnh1"	3.77541131237267e-53	-0.41521775428263	0.819	0.851	4.75097759548976e-49
"Sp140"	5.21702398064872e-53	-0.56130896335915	0.489	0.636	6.56510297724834e-49
"Entpd1"	8.71860311622669e-53	-0.641008891041234	0.353	0.511	1.09714901614597e-48
"Mvb12b"	8.75349900076577e-53	1.45548763750874	0.165	0.062	1.10154031425636e-48
"Dpysl2"	8.86137610912704e-53	1.14329002773944	0.237	0.114	1.11511556957255e-48
"Gdpd5"	1.24592557226727e-52	2.54125630080344	0.082	0.014	1.56787274014113e-48
"Eif4a1"	2.40318469518308e-52	0.432948352298847	0.844	0.779	3.02416762041839e-48
"Tgfb3"	2.62987523188313e-52	2.23423185479314	0.095	0.021	3.30943499180173e-48
"Xbp1"	3.17367487446777e-52	-0.550530931196392	0.511	0.632	3.99375246203024e-48
"Prune2"	3.69100474163053e-52	1.66274279539305	0.134	0.043	4.64476036686786e-48
"Spop"	5.12173950974103e-52	-0.539434606636332	0.451	0.603	6.44519699905812e-48
"Il6ra"	5.89924896095994e-52	-0.901131482049146	0.182	0.319	7.42361489247198e-48
"Aldh3b1"	6.71953546274649e-52	-0.6844871069969	0.297	0.449	8.45586342632019e-48
"Kynu"	9.25148866470863e-52	-4.05151216550868	0.003	0.051	1.16420733356693e-47
"Mapk13"	1.05346770063083e-51	-2.63928504181422	0.012	0.074	1.32568375447383e-47
"Snhg8"	1.27729488283524e-51	0.954087849535486	0.325	0.193	1.60734788055987e-47
"Il1a"	1.52392121527374e-51	-2.12915591818364	0.058	0.144	1.91770245730047e-47
"Hk3"	1.61944437706817e-51	-0.515697885024371	0.389	0.552	2.03790880410259e-47
"Zdhhc14"	2.72304099277947e-51	2.8228871879044	0.072	0.011	3.42667478531369e-47
"St3gal5"	3.17327060425392e-51	-1.07339777943874	0.121	0.244	3.99324372839313e-47
"Arhgap26"	4.21736672842043e-51	-1.71157967977518	0.041	0.129	5.30713429104427e-47
"Hspe1"	4.89563972505973e-51	0.782004596443661	0.396	0.261	6.16067303001517e-47
"Mcm6"	5.42155018847554e-51	2.53788659007734	0.087	0.019	6.82247875717761e-47
"Ifi214"	5.47811630312665e-51	-2.13822379870201	0.02	0.091	6.89366155585458e-47
"Agpat4"	6.20045940968662e-51	-0.721619004276206	0.276	0.423	7.80265812114964e-47
"Samsn1"	7.2010273065487e-51	-1.0517503923995	0.156	0.284	9.06177276256089e-47
"Slc4a11"	8.56750288934215e-51	-2.75597623454084	0.011	0.072	1.07813456359482e-46
"Klf6"	8.73996462788095e-51	-0.432696161053091	0.691	0.803	1.09983714877254e-46
"Atp11b"	9.54396939924785e-51	-0.987878737378416	0.145	0.274	1.20101310920135e-46
"Clec2i"	9.55615642706639e-51	-1.59539236583074	0.046	0.137	1.20254672478203e-46
"Epsti1"	1.53002129645e-50	-0.957651553060189	0.161	0.29	1.92537879945268e-46
"Gm47283"	1.58137759166794e-50	1.32973401485262	0.339	0.22	1.99000556135493e-46
"Trps1"	1.84849448334321e-50	-0.820160412905526	0.211	0.352	2.3261454578391e-46
"Lbr"	3.03719791424581e-50	-1.4175600168649	0.067	0.166	3.82200985528692e-46
"Bola2"	3.45214320560027e-50	0.566157306341905	0.569	0.46	4.34417700992738e-46
"Sbno2"	3.50512402678008e-50	-0.718077281336248	0.275	0.423	4.41084807530006e-46
"Tlr4"	3.70009278531877e-50	-0.977919440801833	0.151	0.278	4.65619676104514e-46
"Hspa9"	5.07066623554158e-50	0.818054823868672	0.378	0.242	6.38092639080552e-46
"S100a6"	5.22081666947863e-50	-0.320698175089545	0.979	0.99	6.56987569687191e-46
"Mafb"	5.3564670669719e-50	-0.440228312986329	0.843	0.832	6.74057815707743e-46
"Met"	6.01456353409356e-50	-1.57221040078184	0.037	0.121	7.56872675130334e-46
"Acer3"	6.25387540834886e-50	-0.801742948185963	0.206	0.347	7.8698768138662e-46
"mt-Nd3"	6.44168778266694e-50	0.526814125800288	0.575	0.524	8.10621990570807e-46
"Daxx"	6.68077472684936e-50	-0.963852892228506	0.18	0.305	8.40708691626723e-46
"Chp1"	8.02229410392222e-50	-0.525614253459554	0.471	0.611	1.00952549003757e-45
"Eif3h"	9.52531999218957e-50	0.392477620806456	0.855	0.779	1.19866626781714e-45
"Gm9844"	9.636318240897e-50	-1.32158493955002	0.074	0.178	1.21263428743448e-45
"Xaf1"	1.31092123048095e-49	-0.601777858990677	0.244	0.391	1.64966327643722e-45
"Pdgfb"	1.60045500776691e-49	1.96055435577616	0.103	0.027	2.01401258177388e-45
"Ncf4"	1.85639514445102e-49	-0.340184320133645	0.756	0.862	2.33608764977717e-45
"Lpp"	1.86687228271674e-49	-0.918419444929785	0.15	0.28	2.34927208057074e-45
"Arhgap10"	1.99159779663787e-49	1.16091586009176	0.228	0.115	2.50622666728909e-45
"Uqcr11"	2.12504477607012e-49	0.423810923267909	0.755	0.675	2.67415634620664e-45
"St6galnac4"	2.55608633621839e-49	0.825963824318521	0.364	0.248	3.21657904549722e-45
"Apex1"	4.64842224459145e-49	1.62965552299966	0.137	0.048	5.84957455259389e-45
"Adamtsl4"	5.78888139634883e-49	-1.32851268627765	0.077	0.179	7.28472834916537e-45
"Vamp5"	8.98055474101622e-49	-1.05959595833895	0.128	0.244	1.13011300860948e-44
"Tmem273"	1.31626825818801e-48	1.57050309062788	0.141	0.05	1.6563919761038e-44
"Adamtsl5"	1.50478500133316e-48	1.80377059786242	0.127	0.044	1.89362144567765e-44
"Lsp1"	1.95262207909175e-48	-0.453872830699226	0.674	0.759	2.45717962432905e-44
"Tuba4a"	2.81895232448283e-48	-1.02229589400188	0.131	0.252	3.54736960512919e-44
"Csf2rb2"	3.0459079040606e-48	-0.742726485818811	0.233	0.376	3.83297050646986e-44
"Rasgef1b"	3.34533434564229e-48	1.15357463000096	0.236	0.12	4.20976874055626e-44
"Wfdc21"	4.58212569496205e-48	-3.36389135207132	0.013	0.071	5.76614697454025e-44
"Fdx2"	4.73432421909847e-48	0.850319685862988	0.323	0.193	5.95767359731352e-44
"Serbp1"	5.62066046966904e-48	0.474370154052151	0.707	0.599	7.07303913503152e-44
"C1s1"	7.83617105586182e-48	-2.83507917949406	0.01	0.068	9.86103765669652e-44
"Dok2"	8.82285981874604e-48	-0.629763942912023	0.331	0.481	1.110268679591e-43
"Ccl12"	1.1335164856005e-47	1.3980974050931	0.352	0.255	1.42641714547967e-43
"Pxk"	1.29244444514667e-47	-0.844162497247592	0.191	0.322	1.62641208977257e-43
"Klc4"	1.5324410108541e-47	1.30729235562811	0.174	0.075	1.9284237680588e-43
"Ptprc"	1.55137620462547e-47	-0.513756637185207	0.52	0.65	1.95225181590069e-43
"Sirpb1c"	2.33647243806482e-47	-0.67617893952973	0.319	0.458	2.94021691606077e-43
"Fbxo32"	3.9882911555741e-47	1.72286310729338	0.133	0.047	5.01886559017445e-43
"Il10ra"	4.44460593361492e-47	-0.679191689470752	0.321	0.462	5.59309210686102e-43
"Dut"	4.65186075073825e-47	2.05690654262998	0.107	0.032	5.85390156872901e-43
"Clec2d"	5.08385662789395e-47	-0.934188963910816	0.15	0.275	6.39752518054175e-43
"Csf1r"	5.27154252446703e-47	0.376892626786961	0.82	0.805	6.63370911278932e-43
"Gpd2"	8.02113808057153e-47	-1.10832968931419	0.102	0.213	1.00938001605912e-42
"mt-Nd4"	8.43696358765279e-47	0.382868877617869	0.829	0.805	1.06170749787023e-42
"Tifa"	9.7314589168849e-47	-0.745351955225635	0.263	0.395	1.2246067901008e-42
"Rab24"	9.79977087504263e-47	-0.529147261319436	0.412	0.562	1.23320316691536e-42
"Ltbr"	1.05991672993464e-46	-0.573924112023393	0.35	0.5	1.33379921294975e-42
"Kdm6b"	1.13318895710272e-46	-0.860689823173101	0.174	0.304	1.42600498361806e-42
"Park7"	1.25730710067755e-46	0.465807113907034	0.683	0.58	1.58219525549263e-42
"Crlf3"	1.85444359191051e-46	-0.819067453064702	0.185	0.318	2.33363181606019e-42
"Pgap2"	1.96668041466055e-46	-0.757051193985213	0.235	0.366	2.47487063380883e-42
"Pea15a"	2.9775121795976e-46	0.624324000339568	0.483	0.366	3.74690132680562e-42
"Lrrc25"	3.6968111416691e-46	-0.574322913508684	0.351	0.501	4.6520671406764e-42
"Slc52a3"	4.15204837088629e-46	-2.47807380158664	0.013	0.072	5.2249376699233e-42
"Lpcat2"	5.47678758194293e-46	-0.794075538973085	0.204	0.339	6.89198949311699e-42
"Sms"	6.9463947754561e-46	1.08037504947599	0.229	0.121	8.74134318543396e-42
"Bag1"	7.78437595593703e-46	0.442838469741348	0.689	0.597	9.79585870295116e-42
"Mrpl12"	8.49505699314063e-46	0.684761775069358	0.4	0.288	1.06901797201682e-41
"Plk2"	8.60509013602953e-46	1.3698726178363	0.235	0.138	1.08286454271796e-41
"Pilrb1"	9.15696943675779e-46	-1.3861513121456	0.059	0.151	1.1523130339216e-41
"Ahr"	1.65594452068385e-45	-1.20108382254059	0.097	0.198	2.08384058482855e-41
"Ywhab"	1.79191036541902e-45	-0.409542675811787	0.629	0.748	2.25494000384329e-41
"Inhba"	1.97490779926255e-45	-1.26108054648754	0.084	0.187	2.48522397459199e-41
"Usb1"	2.23743249002031e-45	-0.783489558731407	0.194	0.327	2.81558504544155e-41
"Hint1"	3.45006394709833e-45	0.344582328309096	0.901	0.835	4.34156047102854e-41
"Jpt1"	6.57807270037542e-45	-0.383328284392599	0.668	0.781	8.27784668615243e-41
"Apoc2"	8.35405063766064e-45	-0.57793665888989	0.42	0.563	1.05127373224321e-40
"Tnfsf13b"	8.93115784515084e-45	1.62731094766097	0.13	0.046	1.12389690323378e-40
"Tlr2"	1.48131376236733e-44	-0.611825190475462	0.418	0.551	1.86408523856304e-40
"Fkbp1a"	1.68172239875638e-44	0.381595209030456	0.835	0.755	2.11627946659503e-40
"Pclaf"	1.73000027706811e-44	3.33232691189886	0.061	0.009	2.1770323486625e-40
"Ikbke"	2.17467840042029e-44	-1.00196344180271	0.124	0.238	2.7366152990889e-40
"Nsa2"	2.56249535719057e-44	0.385790379282121	0.801	0.706	3.22464415748862e-40
"2900026A02Rik"	3.03184439610345e-44	3.22914726694652	0.053	0.005	3.81527298805658e-40
"Arsb"	3.03639197185952e-44	1.65130246994231	0.129	0.046	3.82099565738802e-40
"Prelid2"	3.37023874889169e-44	0.948456154410491	0.27	0.152	4.2411084416053e-40
"Gm15987"	3.44041180154891e-44	-1.95022010291048	0.026	0.096	4.32941421106915e-40
"F7"	3.46219564106897e-44	-1.25001462415957	0.066	0.16	4.3568269947212e-40
"Txnip"	4.77028195624981e-44	-0.544650164183306	0.451	0.585	6.00292281374476e-40
"Atp6v1a"	6.20909519109559e-44	0.568927521366234	0.493	0.431	7.81352538847469e-40
"Tmem243"	6.50289822869514e-44	-0.913233096535584	0.145	0.264	8.18324713098997e-40
"Srm"	8.15890034406822e-44	1.16234822305044	0.206	0.105	1.02671601929755e-39
"Ube2d3"	8.98257579783379e-44	-0.282405857339742	0.888	0.928	1.1303673383994e-39
"Samd8"	1.18896727324362e-43	1.1213482188397	0.222	0.128	1.49619641664977e-39
"Sectm1a"	1.31090353617867e-43	-1.13018647963659	0.088	0.191	1.64964100992724e-39
"Psma6"	1.54272448470589e-43	-0.423724516740037	0.567	0.696	1.94136449155389e-39
"Serpine1"	2.06269178518205e-43	1.83256773878238	0.109	0.033	2.5956913424731e-39
"Gde1"	2.17479532505092e-43	0.72154643123611	0.434	0.308	2.73676243704407e-39
"Scarf1"	2.55704564598892e-43	-1.06165182230718	0.103	0.21	3.21778624091245e-39
"Tuba1a"	2.67221112084853e-43	-0.624213372612278	0.305	0.446	3.36271047447579e-39
"Atp5g1"	3.10919887403277e-43	0.424259686183656	0.766	0.702	3.91261586308284e-39
"Emd"	5.0829817826537e-43	-0.570110243861808	0.373	0.508	6.39642427529141e-39
"Ero1l"	5.5169902972146e-43	0.864541575042697	0.431	0.341	6.94258059001486e-39
"Stat2"	5.8096749045538e-43	-0.776844553095924	0.187	0.315	7.3108948998905e-39
"Uap1l1"	6.13653761172705e-43	0.794126235294631	0.334	0.217	7.72221893059732e-39
"Hmox1"	6.55268321921312e-43	0.982140980725644	0.635	0.582	8.24589656305779e-39
"Zranb3"	7.99509659359714e-43	2.51086903943886	0.068	0.012	1.00610295533826e-38
"G530011O06Rik"	1.06946396392315e-42	1.10510869268924	0.244	0.139	1.34581345220089e-38
"Ccl7"	1.14725978344735e-42	0.798999013328372	0.487	0.344	1.44371171149014e-38
"Arhgap24"	1.24131288064818e-42	0.919438458263381	0.28	0.168	1.56206812900767e-38
"Pdlim7"	1.36725434847495e-42	0.619104902200305	0.479	0.358	1.72055287212087e-38
"Dleu2"	1.59835962309425e-42	-0.787068125853988	0.216	0.341	2.01137574970181e-38
"Cnn2"	1.6048946460731e-42	-0.562342020586265	0.377	0.514	2.01959942261839e-38
"Gnl3"	2.05660943126425e-42	1.25236065685229	0.173	0.078	2.58803730830293e-38
"Zc3hav1"	2.29525335639668e-42	-0.796232942770862	0.199	0.323	2.88834682368959e-38
"Emp3"	2.59570467853854e-42	0.353277778258003	0.911	0.852	3.2664347674729e-38
"Phyhd1"	5.1915513686091e-42	3.97030065807616	0.043	0.003	6.53304824225769e-38
"Cxcr4"	6.80849771096395e-42	0.864093784191389	0.333	0.222	8.56781351947704e-38
"Gcnt2"	6.95580620171345e-42	-0.821214546086885	0.162	0.283	8.75318652423621e-38
"Atp5e"	8.27442467593836e-42	0.251850115529216	0.985	0.97	1.04125360122008e-37
"Helz2"	8.93748860103329e-42	-1.03364528755132	0.1	0.204	1.12469356555403e-37
"Tle1"	1.27751083962308e-41	1.55786951404867	0.116	0.039	1.60761964058168e-37
"Tmbim4"	1.48247726507001e-41	-0.406493200567847	0.593	0.71	1.8655493903641e-37
"Klf2"	1.64318362359522e-41	-0.586754913235543	0.584	0.589	2.06778227193223e-37
"Slc16a3"	2.03288173425799e-41	-0.490785319021001	0.553	0.674	2.55817837439026e-37
"Bdh2"	2.10344497937972e-41	2.37011742041623	0.068	0.013	2.64697516205144e-37
"Fcna"	2.28671655548157e-41	2.33012254474303	0.078	0.018	2.87760411341801e-37
"mt-Atp6"	2.47259413877449e-41	0.373661218209006	0.986	0.996	3.11151246423382e-37
"Jak2"	2.98353418865792e-41	-1.0778030130167	0.1	0.202	3.75447942300713e-37
"Ifit1bl1"	3.75556126822287e-41	-3.72918504004461	0.003	0.044	4.72599829993166e-37
"Trem3"	3.76132207550006e-41	-1.44724440980999	0.05	0.131	4.73324769980927e-37
"Pik3cd"	4.26705880327317e-41	-0.945282144534726	0.135	0.246	5.36966679803896e-37
"Gpr35"	4.49418499477405e-41	-0.778658046451283	0.21	0.333	5.65548239742366e-37
"Nfe2"	4.59277862183025e-41	-1.62421984862215	0.035	0.108	5.77955261771119e-37
"Adora2b"	4.74949570630503e-41	-1.15120944029649	0.107	0.199	5.97676539681425e-37
"mt-Atp8"	4.75359892183367e-41	0.508488518329813	0.813	0.805	5.9819288832355e-37
"Gna13"	5.04751570692691e-41	0.51340236433254	0.613	0.57	6.35179376559682e-37
"Ptp4a1.1"	5.29903840422551e-41	-0.73488482080704	0.232	0.358	6.66830992787739e-37
"Pa2g4"	6.21245851309836e-41	0.694274676052789	0.405	0.291	7.81775779288297e-37
"Comtd1"	7.58042586972281e-41	0.883035320669793	0.271	0.16	9.53920791445918e-37
"Rragc"	1.01647260116677e-40	0.848444271063109	0.274	0.171	1.27912912130826e-36
"Itga9"	1.27832992418236e-40	2.0573270104158	0.083	0.021	1.60865037659108e-36
"Ramp3"	1.68098766500726e-40	-2.00577350267836	0.012	0.063	2.11535487764514e-36
"Btf3"	2.01557365550685e-40	0.288121471312291	0.957	0.922	2.53639788808982e-36
"Smco4"	2.39151761132752e-40	2.15562175421731	0.079	0.019	3.00948576209455e-36
"Spon1"	2.48723190136028e-40	-3.06319675329399	0.007	0.053	3.12993262467177e-36
"Agtrap"	3.50761816518599e-40	-0.759452907761198	0.208	0.331	4.41398669907005e-36
"Cped1"	3.7898216835089e-40	-1.17614628184576	0.081	0.175	4.7691116065276e-36
"Cspg4"	4.10254071604453e-40	5.17647272695428	0.034	0.001	5.16263723707043e-36
"Alcam"	4.54020706002409e-40	0.820863008031937	0.303	0.187	5.71339656433431e-36
"Eif4ebp1"	4.579792662995e-40	0.386388670638564	0.84	0.762	5.76321108711291e-36
"Traf1"	4.98578206768881e-40	-1.08343132586163	0.104	0.205	6.27410815397959e-36
"Higd1a"	5.27656242453846e-40	0.539460047550026	0.637	0.576	6.6400261550392e-36
"AI427809"	7.21037542336737e-40	2.6400825908451	0.06	0.01	9.0735364327655e-36
"Rab8a"	8.39009850464969e-40	-0.555435669215191	0.347	0.483	1.05580999582512e-35
"Tacstd2"	9.5962358481042e-40	-2.95181067447113	0.006	0.049	1.20759031912543e-35
"Vps37b"	9.61672328609896e-40	-1.10665371970114	0.085	0.181	1.21016845832269e-35
"Fam174a"	1.07155507632103e-39	-0.464958592603242	0.495	0.619	1.34844490804238e-35
"Tatdn2"	1.07159843222103e-39	1.04204314696176	0.212	0.124	1.34849946710694e-35
"Rbm38"	1.10638703331777e-39	-0.977123562467648	0.113	0.217	1.39227744272708e-35
"Ptafr"	1.57448302695459e-39	-0.548433067073479	0.24	0.37	1.98132944111965e-35
"Pml"	1.59330393604128e-39	-1.03956674578781	0.092	0.19	2.00501367311435e-35
"Sirpb1a"	1.62851133110694e-39	-0.745867408914702	0.211	0.332	2.04931865906497e-35
"Rnpep"	1.63095964017296e-39	-0.601441027070797	0.301	0.435	2.05239961119366e-35
"Itga4"	1.64883838210084e-39	-1.12708324109681	0.098	0.192	2.07489822003569e-35
"Dusp5"	2.42186551451841e-39	-0.922318479947908	0.16	0.274	3.04767556346997e-35
"Nfkbiz"	2.50858067501979e-39	-0.822257262053365	0.311	0.418	3.15679792144491e-35
"Tnfsf13"	2.56064944077057e-39	0.611731821690199	0.425	0.334	3.22232125626569e-35
"Sharpin"	2.59754299517621e-39	-0.596558131983404	0.302	0.434	3.26874810512975e-35
"Nceh1"	2.79099470439494e-39	0.975234251081274	0.229	0.131	3.51218773601059e-35
"Nectin2"	3.19457568905429e-39	-1.13480913428925	0.086	0.179	4.02005404710591e-35
"Degs1"	3.52843215816746e-39	-0.517483738424024	0.419	0.55	4.44017902783794e-35
"Gpaa1"	3.56622087425287e-39	-0.798167972398046	0.183	0.298	4.48773234815981e-35
"Ppcdc"	3.82467879633255e-39	0.940656990083027	0.237	0.13	4.81297579730488e-35
"Prkx"	5.37274960056386e-39	-0.883849731007908	0.149	0.259	6.76106809734956e-35
"Lamp2"	5.49139201910401e-39	-0.425921840838196	0.636	0.723	6.91036771684049e-35
"Scamp2"	5.71065634641879e-39	-0.538040561042085	0.337	0.474	7.1862899463334e-35
"Cept1"	7.42141148947207e-39	-0.724537770286295	0.204	0.327	9.33910421835165e-35
"Itgam"	8.74064760950493e-39	-0.314055931344332	0.749	0.845	1.0999230951801e-34
"Tgfbr1"	9.743359160188e-39	1.00955316197838	0.219	0.117	1.22610431671806e-34
"Syne1"	1.02766171901888e-38	1.86534281631818	0.082	0.021	1.29320950721336e-34
"Ndufa2"	1.05106001207067e-38	0.330273168039998	0.833	0.757	1.32265391918973e-34
"Ldlr"	1.07301525245431e-38	-1.28261370803718	0.071	0.156	1.35028239368851e-34
"Ube2l6"	1.12197006346385e-38	-0.624818222300175	0.264	0.395	1.41188712786291e-34
"Ifi44l"	1.14780120972667e-38	-1.20235413612173	0.082	0.169	1.44439304232004e-34
"Stxbp6"	1.24174922067875e-38	-2.67833206363891	0.01	0.058	1.56261721930214e-34
"Tanc2"	1.84915895554714e-38	2.14016286949209	0.072	0.016	2.32698162966052e-34
"Rab3il1"	2.00222802572345e-38	0.859469733914821	0.285	0.179	2.51960374757039e-34
"Akr1b8"	2.2631409355421e-38	1.41228464569002	0.127	0.048	2.84793655328618e-34
"B3gnt7"	2.37605388813223e-38	1.78102400342649	0.092	0.027	2.9900262128256e-34
"Snx20"	2.56546207037858e-38	-0.583908086883198	0.319	0.451	3.22837746936441e-34
"Dtnbp1"	2.97491586819107e-38	0.706572290596094	0.34	0.234	3.74363412853165e-34
"Zeb2os"	3.01055548612042e-38	-0.647260422882483	0.286	0.409	3.78848302373394e-34
"Bid"	3.32244313520572e-38	-0.875962748577375	0.143	0.252	4.18096244134288e-34
"Atp6v0d2"	3.48936530022096e-38	3.90617032065644	0.043	0.004	4.39101729379805e-34
"Ist1"	4.17365871127287e-38	-0.591049659274268	0.285	0.416	5.25213212226577e-34
"Palm"	4.17570740059767e-38	-0.910990114296063	0.115	0.219	5.25471019291211e-34
"Capza1"	5.89569349468926e-38	-0.443599253737026	0.465	0.597	7.41914069371696e-34
"Adora3"	6.30055463915859e-38	-1.36682470747193	0.053	0.132	7.92861795791717e-34
"Fn1"	6.39554607020579e-38	0.727042649917927	0.602	0.573	8.04815517474696e-34
"Gm16104"	7.08031133044194e-38	2.86691950457395	0.053	0.008	8.90986377822813e-34
"Arhgap15"	7.84935263338626e-38	-1.07110960284347	0.098	0.191	9.87762535385327e-34
"Usf2"	1.0382088432227e-37	0.482972074279519	0.554	0.467	1.30648200831144e-33
"Sri"	1.16135484154248e-37	-0.402133209136228	0.559	0.675	1.46144893259705e-33
"Arhgef10l"	1.26126598465457e-37	-1.11000392505455	0.083	0.175	1.5871771150893e-33
"Jun"	1.2616624868986e-37	-0.447189382468744	0.681	0.772	1.5876760735132e-33
"Nabp1"	1.70794552635591e-37	-1.1972782247666	0.07	0.157	2.14927865036628e-33
"Tk1"	1.76377328213708e-37	3.34904202813201	0.048	0.006	2.2195322982413e-33
"Cpd"	1.92464563430571e-37	0.78494789725207	0.299	0.184	2.4219740662103e-33
"Ripk3"	2.30556459811218e-37	-0.838250905645984	0.159	0.267	2.90132249026436e-33
"Bri3bp"	2.57725758961208e-37	-0.71170012861032	0.222	0.341	3.24322095076785e-33
"Lilrb4a"	2.70896422084088e-37	-0.278775785006181	0.893	0.942	3.40896057550617e-33
"Cdkn2a"	2.88154653638197e-37	-2.03656687435537	0.021	0.08	3.62613816138308e-33
"Tsc22d4"	2.9485751326459e-37	-0.427346424241355	0.497	0.626	3.71048694692161e-33
"Mtln"	3.45523219564764e-37	0.650389359783192	0.376	0.268	4.34806419500299e-33
"1700017B05Rik"	5.45236687735812e-37	0.694878892553245	0.361	0.238	6.86125847846746e-33
"Wee1"	5.57293549343998e-37	2.55511486306394	0.059	0.011	7.01298202494487e-33
"Il4ra"	5.75010290142012e-37	-0.469155976972428	0.452	0.584	7.23592949114708e-33
"Sars"	5.81123729635387e-37	0.654224916525381	0.381	0.28	7.31286101373171e-33
"Rragd"	6.05904619210252e-37	3.62606240146371	0.04	0.003	7.62470372814181e-33
"Man2a1"	6.1819895128067e-37	-0.68758283590585	0.215	0.337	7.77941560291595e-33
"Sirpb1b"	8.85923807793931e-37	-0.724522746985981	0.196	0.315	1.11484651972788e-32
"Uvrag"	1.0186827258378e-36	-0.703557492674234	0.219	0.338	1.28191034219429e-32
"Bin1"	1.03984679284603e-36	0.571041199695912	0.438	0.353	1.30854320411745e-32
"Ndufa4"	1.12089821814193e-36	-0.300357359230064	0.67	0.787	1.4105383177098e-32
"Atg3"	1.12502267426042e-36	-0.567043822412258	0.314	0.442	1.41572853328931e-32
"Gm5431"	1.18188888497034e-36	-1.23203747210474	0.065	0.148	1.48728897284667e-32
"Egr1"	1.19873307264433e-36	-0.682174277905445	0.393	0.511	1.50848569861563e-32
"Cd69"	1.21824482716564e-36	-0.967264977766596	0.104	0.202	1.53303929050524e-32
"Nfkb2"	1.26315095469119e-36	-0.894406530320337	0.135	0.238	1.58954916138339e-32
"Sphk1"	1.45936219784257e-36	-1.36136547741229	0.051	0.128	1.83646138976509e-32
"Phf11b"	1.50067134679828e-36	-0.589615221697227	0.258	0.385	1.88844482281095e-32
"Csf3r"	1.57056194443774e-36	-0.78027774584275	0.14	0.247	1.97639515088045e-32
"Gapt"	1.82190462882482e-36	-1.16733094015927	0.072	0.158	2.29268478491315e-32
"Ralgds"	1.9870584273952e-36	-0.828164058042329	0.167	0.277	2.50051432503412e-32
"Mt2"	2.00332638444363e-36	0.529306353220298	0.33	0.209	2.52098592218386e-32
"Appl2"	2.03960242865658e-36	0.907017789760342	0.252	0.149	2.56663569622144e-32
"Auh"	2.04030389512112e-36	-0.816065075560478	0.153	0.262	2.56751842162042e-32
"Rassf8"	2.08496450396707e-36	2.00132755369678	0.078	0.021	2.62371933179216e-32
"Dnm2"	2.42576850347074e-36	-0.504638898153991	0.361	0.494	3.05258708476758e-32
"Gas7"	2.43302519905019e-36	-1.04033159794043	0.11	0.202	3.06171891048476e-32
"Uqcrh"	2.66375886320651e-36	0.276896516514452	0.919	0.859	3.35207415345907e-32
"Cxcl1"	2.94336620881677e-36	-1.48899710480406	0.187	0.264	3.70393203717502e-32
"Cxcl10"	3.29607184265042e-36	-1.19566822415673	0.127	0.227	4.14777680679129e-32
"Rabac1"	3.33962632555438e-36	0.410660115670539	0.668	0.601	4.20258576807763e-32
"Etv6"	3.37013750835649e-36	-0.76705877603998	0.184	0.295	4.2409810405158e-32
"Ncf1"	3.55255196954677e-36	0.503475716745665	0.522	0.437	4.47053139847765e-32
"Znrd1"	3.85101140793066e-36	-0.620246121553882	0.263	0.387	4.84611275573994e-32
"Cdkn2d"	4.04072535357504e-36	-0.726871346231022	0.207	0.324	5.08484878493884e-32
"Slfn8"	4.63869601882059e-36	-0.86092234715473	0.139	0.245	5.83733507008383e-32
"Mfsd14b"	6.2112889587992e-36	-0.898230466800642	0.131	0.231	7.81628602575292e-32
"Ptpn2"	6.6859633417078e-36	-0.753090411487534	0.184	0.297	8.4136162692051e-32
"Tmed5"	6.76755467163253e-36	-0.625302542689151	0.289	0.407	8.51629079878237e-32
"Hebp1"	7.3791597738995e-36	0.541839404229719	0.49	0.405	9.28593465947513e-32
"Rnf180"	9.43497532545874e-36	1.58715382118898	0.1	0.034	1.18729729495573e-31
"Myo1f"	9.63617142182089e-36	-0.566214020685391	0.322	0.448	1.21261581172194e-31
"Dazap2"	1.13886314965487e-35	-0.276067942224721	0.823	0.877	1.43314538752568e-31
"Nlrc5"	1.32317621490708e-35	-0.889725486026097	0.121	0.222	1.66508494883907e-31
"Vopp1"	1.3804387109807e-35	-0.887100255493885	0.116	0.216	1.73714407389811e-31
"Eno1"	1.76366697172634e-35	0.30837387848414	0.938	0.906	2.21939851722043e-31
"Hmgb1"	1.80720545501724e-35	0.480251494511545	0.551	0.482	2.27418734459369e-31
"Ass1"	1.8106814773287e-35	-0.730163597711864	0.419	0.508	2.27856157107043e-31
"Gm31814"	1.85009252158327e-35	-2.90375854506499	0.004	0.039	2.32815642916039e-31
"Hcls1"	1.92376200554069e-35	-0.42918944091781	0.5	0.62	2.42086210777241e-31
"Ogfr"	2.05586585500871e-35	-0.617478812573893	0.261	0.383	2.58710159194296e-31
"Treml4"	2.42354787263522e-35	-2.18884987177198	0.014	0.064	3.04979264292416e-31
"Wars"	2.51811253862435e-35	-0.886731014750908	0.145	0.246	3.16879281860488e-31
"Cd59a"	3.41779224539809e-35	2.15128281849297	0.064	0.014	4.30094976160895e-31
"Igsf8"	4.13883956939438e-35	0.493474444429166	0.515	0.423	5.20831571412589e-31
"Hpcal1"	4.21921061007726e-35	-0.46789131495414	0.449	0.571	5.30945463172122e-31
"Birc5"	4.43208647421042e-35	2.90534521623539	0.053	0.01	5.57733761914639e-31
"Man1a"	5.12928457419516e-35	1.0324397208219	0.187	0.096	6.45469170816719e-31
"Slc44a2"	5.17005403135219e-35	-0.860505347111103	0.14	0.242	6.5059959930536e-31
"St13"	5.24253805079142e-35	0.613618312133083	0.387	0.285	6.59720988311593e-31
"Ppp1ca"	6.44008013025899e-35	-0.294140011412036	0.784	0.856	8.10419683591791e-31
"Rac3"	6.95775984554828e-35	1.67063471394598	0.093	0.03	8.75564498963796e-31
"Tmem119"	7.75280427862185e-35	0.641066441380567	0.363	0.242	9.75612890421774e-31
"Pik3r6"	8.28947078664351e-35	-1.09618202788508	0.077	0.163	1.04314700379122e-30
"Hyal1"	9.22861083594012e-35	1.23374497868495	0.15	0.07	1.1613283875947e-30
"Kdm7a"	9.85082172865774e-35	-0.631830350354964	0.251	0.372	1.23962740633429e-30
"Polr1d"	1.31246948631837e-34	0.337852784839083	0.784	0.698	1.65161160158303e-30
"Rai14"	1.51163148674473e-34	0.998992077745429	0.193	0.1	1.90223706291957e-30
"Hmga2"	1.56562524389555e-34	2.8672306313901	0.049	0.007	1.97018280691816e-30
"Arl11"	1.56648982265605e-34	0.644773261049305	0.388	0.278	1.97127079283037e-30
"Batf3"	1.75219131031226e-34	-1.34247879288266	0.051	0.124	2.20495754489695e-30
"Smad7"	1.85690161981948e-34	1.12388905166072	0.189	0.11	2.33672499838083e-30
"Slc25a20"	2.10838432663196e-34	-0.975203889868892	0.1	0.192	2.65319083663366e-30
"Klf4"	2.31876333860792e-34	-0.470313864626297	0.442	0.571	2.9179317853042e-30
"Ccl8"	2.36144938421249e-34	1.67084925981552	0.199	0.122	2.971647905093e-30
"Dhrs1"	2.53797712979338e-34	-0.604685619406836	0.261	0.382	3.19379042013198e-30
"Npy"	2.81351833299397e-34	2.63243101931977	0.059	0.012	3.54053147023961e-30
"Dcakd"	2.95321843324883e-34	0.859581987885078	0.241	0.144	3.71633007640033e-30
"Spink2"	3.21402458315244e-34	-1.64314680149805	0.04	0.104	4.04452853543903e-30
"Ikbkb"	3.26297592726857e-34	-0.581492408927526	0.293	0.413	4.10612890687477e-30
"Scarb1"	3.5260878901716e-34	-0.815800867575569	0.143	0.246	4.43722900099195e-30
"Sf3b6"	3.74725160516861e-34	-0.356022133656977	0.577	0.696	4.71554141994417e-30
"Gm2a"	3.97330029354905e-34	-0.431797189655243	0.564	0.658	5.00000108940213e-30
"Nadk"	4.86041541980441e-34	-0.547964838690064	0.319	0.443	6.11634676428187e-30
"Gusb"	4.87276725679153e-34	0.474992489911975	0.401	0.356	6.13189031594646e-30
"Bach2os"	5.14666913987091e-34	1.55078857224127	0.1	0.035	6.47656844561356e-30
"Chd7"	5.23190334328649e-34	-0.594856386688382	0.294	0.417	6.58382716719172e-30
"Xdh"	6.51967934629305e-34	-0.509157707537812	0.382	0.507	8.20436448937518e-30
"Samd9l"	7.13753107118491e-34	-0.98622070525696	0.101	0.192	8.98186909997909e-30
"Alas1"	7.14544745339523e-34	-0.890502448362721	0.128	0.226	8.99183107535256e-30
"Gm12185"	7.45096408285853e-34	-2.08839264275	0.016	0.067	9.37629320186917e-30
"Sqor"	7.73675644531628e-34	-0.625314198093877	0.254	0.369	9.73593431078601e-30
"Hnrnpdl"	9.34193934002075e-34	-0.426122665583387	0.442	0.571	1.17558964654821e-29
"Tnfaip6"	9.63308606680511e-34	-1.75120067559276	0.03	0.09	1.21222755064675e-29
"Sertad3"	1.12000505418127e-33	-0.936457330791066	0.11	0.203	1.40941436018171e-29
"Neurl2"	1.27684465735569e-33	1.38784501296558	0.115	0.045	1.6067813168164e-29
"Tmem189"	1.4442593085867e-33	0.472673759989844	0.6	0.527	1.8174559139255e-29
"Cyp4f16"	1.48146639974905e-33	-0.953556778183139	0.11	0.201	1.86427731744421e-29
"Rab44"	1.57855767827891e-33	-2.00635835082804	0.016	0.066	1.98645698234618e-29
"Irgm2"	1.65531815199908e-33	-0.910813302598938	0.11	0.205	2.08305236247565e-29
"P4hb"	1.96313492002422e-33	0.283821538201674	0.973	0.946	2.47040898335848e-29
"Ubash3b"	2.1612943344884e-33	-0.76482078813113	0.173	0.278	2.7197727905202e-29
"Klhl6"	2.35476716006934e-33	-0.9251241311753	0.12	0.214	2.96323899423125e-29
"Ankrd37"	2.61260711189879e-33	0.755573580148552	0.341	0.234	3.28770478961343e-29
"Dab2"	2.85556029059051e-33	0.402486822092124	0.726	0.651	3.5934370696791e-29
"Mcub"	3.56193576102092e-33	-0.448209234882413	0.447	0.569	4.48233996166873e-29
"Il6"	3.72053337921736e-33	-5.28390125389765	0.001	0.028	4.68191920440713e-29
"4930430E12Rik"	4.60084252030537e-33	0.641621574666394	0.427	0.331	5.78970022755228e-29
"Rnasel"	4.61780970814955e-33	-1.19679862488747	0.071	0.15	5.8110517367354e-29
"Rilpl1"	4.70859061425695e-33	1.05011032128286	0.169	0.092	5.92529042898095e-29
"B4galt3"	4.71593987525655e-33	-0.872502809147916	0.131	0.225	5.93453873902284e-29
"Wsb1"	4.74153769865335e-33	-0.538393270860447	0.296	0.42	5.96675103998537e-29
"Gab1"	5.37250378019942e-33	-0.955150093213403	0.109	0.2	6.76075875700296e-29
"Stx3"	6.28558619326956e-33	-0.614533574581709	0.254	0.369	7.90978166561041e-29
"Spint2"	6.51304542040703e-33	-1.16849123837081	0.052	0.123	8.1960163570402e-29
"Crtc3"	7.52739299384627e-33	-0.829000419492383	0.147	0.247	9.47247134345615e-29
"Nav1"	7.97980780396829e-33	1.1806638418653	0.142	0.064	1.00417901405137e-28
"Cldnd1"	8.0341012079962e-33	-0.752120077667993	0.179	0.281	1.01101129601424e-28
"Dbn1"	8.94249625436129e-33	1.36184980443263	0.112	0.044	1.12532372864882e-28
"Tnfrsf14"	9.1654075478621e-33	-0.962953496439817	0.105	0.192	1.15337488582297e-28
"Trim30b"	9.79038248075386e-33	-2.02314727425532	0.014	0.061	1.23202173137807e-28
"Prag1"	1.02637866793998e-32	1.9523787500789	0.071	0.019	1.29159491573567e-28
"Ahnak2"	1.07083797999159e-32	1.63589479388166	0.091	0.03	1.34754251402141e-28
"Treml2"	2.01959966993317e-32	-1.23843425946864	0.058	0.131	2.5414642246439e-28
"Cmtr1"	2.36065734406581e-32	-0.781862206750774	0.154	0.255	2.97065120177242e-28
"Rnf7"	2.45787722400798e-32	0.391272425161748	0.637	0.556	3.09299269869164e-28
"Gsr"	2.90865317393503e-32	-0.593981500648453	0.275	0.39	3.66024915407985e-28
"Ndufab1"	3.35673086359666e-32	0.432270742991127	0.511	0.441	4.22411011875003e-28
"Ripor2"	3.45241512905262e-32	-1.88781700119597	0.018	0.069	4.34451919839982e-28
"Dram2"	3.83170416328826e-32	-0.523727495614057	0.338	0.453	4.82181651908194e-28
"Lbp"	3.93611675197048e-32	-2.65033573401548	0.007	0.047	4.95320932067965e-28
"Pbxip1"	3.99920918905903e-32	-0.703858038488745	0.192	0.3	5.03260484351188e-28
"Nhp2"	4.56500271096663e-32	0.644825216839461	0.344	0.254	5.74459941148041e-28
"Casp8"	5.46602069797552e-32	-0.556977051219675	0.293	0.412	6.8784404463324e-28
"Cd302"	5.75498478849024e-32	-0.590035465038487	0.285	0.402	7.24207285783612e-28
"Stk17b"	6.0320389094918e-32	-0.469704181345828	0.399	0.523	7.59071776370448e-28
"Lonrf3"	6.56512163825675e-32	3.16920472649024	0.04	0.005	8.2615490695823e-28
"Selenow"	7.48389263048376e-32	0.257656334653102	0.962	0.941	9.41773048620076e-28
"Lpl"	7.73447405733476e-32	-1.88824554569366	0.018	0.068	9.73306215375006e-28
"Scp2"	9.82303321222135e-32	0.383933714780819	0.626	0.555	1.23613049942593e-27
"Isy1"	1.174314346069e-31	-0.699968948646911	0.198	0.304	1.47775717309323e-27
"9930111J21Rik2"	1.18086422239554e-31	-0.982021657060029	0.1	0.185	1.48599953746254e-27
"Ak4"	1.42708441126774e-31	1.77890201910096	0.076	0.022	1.79584302313933e-27
"Snhg12"	1.6548837268819e-31	0.908807730673157	0.227	0.133	2.08250568190818e-27
"Htr2b"	1.6855376162444e-31	3.39921033193656	0.037	0.004	2.12108053628195e-27
"Cipc"	1.77839407908791e-31	1.50668124247543	0.099	0.038	2.23793110912422e-27
"Dap"	2.00617528884404e-31	0.499450874656406	0.494	0.398	2.52457098348134e-27
"Arhgap30"	2.14406880592825e-31	-0.538810821253413	0.302	0.421	2.69809618538011e-27
"Tnfsf8"	2.32673175662274e-31	2.37273812057537	0.054	0.011	2.92795924253406e-27
"Enpp1"	2.55237581716923e-31	1.68215780365183	0.085	0.029	3.21190972832576e-27
"Smyd2"	2.91411737062038e-31	1.69880199003194	0.081	0.026	3.66712529918869e-27
"Msn"	3.21401848217405e-31	-0.283534834141813	0.809	0.859	4.04452085796782e-27
"Tent5a"	3.22079599958567e-31	-0.770611645615903	0.144	0.244	4.0530496858786e-27
"Fam167b"	4.05786963029438e-31	3.9021904697439	0.031	0.002	5.10642314276245e-27
"Eps8"	4.31031894769174e-31	-0.677334877174563	0.226	0.33	5.42410536377528e-27
"Gm32633"	4.90974851964639e-31	-2.0386881251511	0.015	0.062	6.17842753712302e-27
"Sh3bp1"	5.5903327978534e-31	-0.493748252692634	0.323	0.444	7.03487479281872e-27
"Tmeff1"	6.80840420694585e-31	1.07010926434339	0.157	0.077	8.56769585402066e-27
"Vsir"	6.8915046353749e-31	-0.397755794040834	0.493	0.611	8.67226943315578e-27
"Pmaip1"	7.34366694521717e-31	-1.1279065077165	0.081	0.157	9.24127048386129e-27
"Znrf1"	7.88257724664115e-31	-0.621422811700219	0.203	0.312	9.91943520717323e-27
"Dhx38"	1.01389841844524e-30	-0.816031256001445	0.132	0.227	1.27588976977149e-26
"Xylt2"	1.10641289196903e-30	0.971159660805251	0.182	0.098	1.39230998325383e-26
"Vasp"	1.10866446447559e-30	-0.422382850713627	0.465	0.581	1.39514336209608e-26
"Cenpw"	1.28427841510413e-30	1.90337710576476	0.071	0.02	1.61613595756703e-26
"Anxa1"	1.3068414094293e-30	-0.363101198044276	0.815	0.829	1.64452922962582e-26
"Mycbp2"	1.35702955653749e-30	-0.743277717362635	0.179	0.276	1.70768599394677e-26
"Mgat5"	1.37197036015344e-30	1.05182790259222	0.158	0.079	1.72648750121708e-26
"Vmp1"	1.3830746178681e-30	-0.466615814632368	0.364	0.486	1.74046109912522e-26
"Ubac2"	1.43969219791094e-30	-0.628314901392754	0.225	0.331	1.81170866185113e-26
"Itgal"	1.68142631789305e-30	-0.731009065422724	0.143	0.241	2.11590687843662e-26
"Epb41l4aos"	1.863023704614e-30	1.08240601393518	0.156	0.078	2.34442902988626e-26
"Mir22hg"	1.94509344033219e-30	-0.726140826445712	0.154	0.253	2.44770558531403e-26
"Gramd1b"	1.99962647745951e-30	0.937418668537912	0.191	0.104	2.51632995923505e-26
"Ssr3"	2.12751157168353e-30	-0.461396522932069	0.414	0.524	2.67726056180656e-26
"Serpinb1a"	2.61281716861421e-30	-3.18746731772186	0.002	0.03	3.28796912498412e-26
"Galnt7"	2.69006976609467e-30	1.03880808923456	0.16	0.08	3.38518379365353e-26
"Gas2l3"	2.75061042381334e-30	1.36911780489667	0.111	0.046	3.46136815732671e-26
"A930007I19Rik"	3.30165703976646e-30	-1.11601251961185	0.07	0.145	4.15480521884211e-26
"Tmbim1"	3.52354472716996e-30	0.544314152234372	0.422	0.316	4.43402868467067e-26
"Mgarp"	3.73413027535725e-30	1.04909585572081	0.17	0.091	4.69902953850956e-26
"Mrpl23"	4.376750782734e-30	0.47459602736497	0.497	0.391	5.50770318499247e-26
"Kcna3"	5.02182865911865e-30	-0.861100905962858	0.126	0.212	6.31946918463491e-26
"Ccl5"	5.38574815146124e-30	-1.184209217539	0.109	0.194	6.77742547379882e-26
"Hnrnpa1"	5.82826495780122e-30	0.428548182174627	0.543	0.472	7.33428862289706e-26
"Snhg6"	5.86442677707803e-30	1.06659599318649	0.156	0.078	7.379794656275e-26
"Cd109"	6.09819706241621e-30	1.84913937562006	0.069	0.02	7.67397118334456e-26
"Idnk"	6.3363322673306e-30	-0.477697992097186	0.328	0.448	7.97364052520883e-26
"C5ar1"	6.72979941940927e-30	-0.371174854770698	0.586	0.692	8.46877958938462e-26
"Cd53"	7.06027176493593e-30	-0.314864878800342	0.703	0.783	8.88464598899538e-26
"Cct2"	8.82893709741974e-30	0.470220135358309	0.491	0.399	1.1110334443393e-25
"Rftn1"	9.1300801256359e-30	0.570068348289906	0.395	0.293	1.14892928301002e-25
"Rnf150"	9.26816207802947e-30	2.48521284983378	0.048	0.009	1.16630551589923e-25
"Rhov"	9.80103646430616e-30	0.944691812324463	0.2	0.165	1.23336242866829e-25
"Evl"	1.06736440823743e-29	-0.588389521384456	0.259	0.369	1.34317137132599e-25
"Vamp4"	1.16208901203897e-29	-0.409031911042606	0.437	0.557	1.46237281274984e-25
"Ostm1"	1.28212189385169e-29	-0.657325712658038	0.193	0.298	1.61342219122296e-25
"Tmsb4x"	1.3293930836973e-29	0.360867977723558	0.997	0.998	1.67290825652468e-25
"Hsbp1"	1.3889695695639e-29	0.359063837643969	0.668	0.606	1.74787930633921e-25
"Slc36a3os"	1.40329600150388e-29	-1.99620479382958	0.016	0.062	1.76590768829249e-25
"Selenbp1"	1.58821163908115e-29	1.18370429618535	0.152	0.078	1.99860552661972e-25
"Rsrp1"	1.60052623256132e-29	-0.303117377434938	0.476	0.599	2.01410221105517e-25
"Furin"	1.82911840242032e-29	0.5283399059592	0.456	0.388	2.30176259760574e-25
"Nfic"	2.65701248115947e-29	0.632503190206042	0.325	0.241	3.34358450629107e-25
"Tor1a"	2.98321487083225e-29	-0.500090638959517	0.332	0.444	3.75407759345531e-25
"Sgms1"	3.73261932838674e-29	-0.657944352757527	0.22	0.323	4.69712816284187e-25
"Nenf"	4.1931570652657e-29	0.528268587515744	0.403	0.312	5.27666885093035e-25
"Cd300lf"	4.21666634567095e-29	-0.316826830537478	0.55	0.667	5.30625292939232e-25
"Srsf5"	4.79580316448849e-29	-0.470121457094757	0.348	0.465	6.03503870219232e-25
"Mmp25"	5.4330268953553e-29	-1.55893004806755	0.024	0.075	6.83692104511511e-25
"F630028O10Rik"	5.79935761504665e-29	-1.02349967157473	0.068	0.142	7.2979116227747e-25
"C4b"	6.49385045888272e-29	-0.916609320248197	0.076	0.152	8.17186141745802e-25
"Sf3b1"	6.61732606257288e-29	-0.442820378326798	0.416	0.528	8.32724311714172e-25
"Sco2"	7.67354637928777e-29	1.00606711622266	0.156	0.078	9.65639076369573e-25
"Midn"	8.24832865007025e-29	-0.701089380628167	0.181	0.278	1.03796967732484e-24
"Nr1d1"	8.39012558767269e-29	2.61828198185984	0.044	0.007	1.05581340395273e-24
"Donson"	8.39945820122854e-29	-1.09361291200172	0.063	0.135	1.0569878200426e-24
"Cks1b"	9.29459384077886e-29	1.66383682368608	0.087	0.035	1.16963168892361e-24
"Ccnb2"	9.34498366337828e-29	3.05442127924039	0.04	0.006	1.17597274419952e-24
"Ifrd1"	1.16009270068699e-28	-0.321504494616633	0.454	0.574	1.45986065454451e-24
"Far1"	1.18037011684663e-28	-0.723186299423167	0.155	0.252	1.4853777550398e-24
"Sdc3"	1.25085907512032e-28	0.415328913933422	0.616	0.526	1.57408106013141e-24
"Adgrg5"	1.67389707858267e-28	-1.46558577964	0.031	0.086	2.10643208368843e-24
"Lman2"	1.9099533835495e-28	-0.425267920933433	0.432	0.542	2.40348533785869e-24
"Selenbp2"	2.00824953210909e-28	1.15082093437157	0.168	0.093	2.52718121120608e-24
"Bin3"	2.21320475017008e-28	-0.556702274849502	0.256	0.365	2.78509685761403e-24
"Rhou"	2.40289485999786e-28	-2.00528496688388	0.015	0.058	3.02380289182131e-24
"Fam241a"	2.40790154387513e-28	-1.00566760514531	0.079	0.155	3.03010330281246e-24
"Atg101"	2.43712865041808e-28	-0.64453323726149	0.212	0.306	3.06688269368612e-24
"Ptges"	2.50053544228067e-28	-1.60726435479845	0.073	0.119	3.146673800566e-24
"Coq10b"	2.6093285352081e-28	-0.816295703814648	0.124	0.212	3.28357902870587e-24
"B4galt1"	2.71815534052129e-28	0.512050395429699	0.451	0.35	3.42052668051199e-24
"Hexa"	2.84397155985539e-28	0.326558407255915	0.754	0.677	3.57885381092202e-24
"1200007C13Rik"	3.06164055782812e-28	-3.3821493815881	0.004	0.034	3.8527684779709e-24
"Isg20"	3.09991506414175e-28	-0.906632440519098	0.094	0.176	3.90093311671598e-24
"Itsn1"	3.14516167884988e-28	1.00349300146438	0.158	0.081	3.95787145666469e-24
"Timm13"	3.63204770742714e-28	0.359174230319616	0.662	0.576	4.57056883502631e-24
"Dtx4"	3.68304334842884e-28	1.50358456242386	0.087	0.032	4.63474174966286e-24
"Eid1"	4.58236846539626e-28	0.666699179564671	0.293	0.196	5.76645247685465e-24
"Nfam1"	4.76285838296951e-28	-0.578150271336489	0.23	0.338	5.99358098912884e-24
"Hpse"	4.81563815070038e-28	-0.491469641258337	0.27	0.382	6.05999904884136e-24
"Rhob"	5.09127589233345e-28	0.565726738236233	0.516	0.414	6.40686158291241e-24
"Hnrnph2"	5.48942755868836e-28	-0.569865730858558	0.246	0.353	6.90789563985343e-24
"Atp6v0d1"	5.5017498387754e-28	-0.320986053287414	0.644	0.722	6.92340199711497e-24
"Gm43351"	6.06587398568562e-28	1.74513128244572	0.072	0.023	7.63329582358678e-24
"Stard3"	6.52191139251467e-28	-0.537292837908492	0.251	0.361	8.20717329634046e-24
"P2rx4"	6.64069683308398e-28	-0.470131377980205	0.352	0.466	8.35665289475288e-24
"Arhgap9"	6.71826914913043e-28	-0.523301277496288	0.27	0.381	8.45426989726573e-24
"Parp1"	6.89817705613222e-28	0.917749839551327	0.181	0.103	8.68066600743679e-24
"Smagp"	7.0276140991174e-28	1.11878681950401	0.132	0.062	8.84354958232934e-24
"Cklf"	7.06554778427781e-28	-0.506307302770504	0.277	0.389	8.89128533173519e-24
"Ankrd66"	7.40918231101993e-28	-1.14765321162194	0.061	0.129	9.32371502018747e-24
"Myo5a"	8.45459037229756e-28	0.677637340635976	0.286	0.198	1.06392565244992e-23
"Bhlhe40"	8.48728354360174e-28	0.845493422429049	0.258	0.202	1.06803976112684e-23
"D16Ertd472e"	9.0197722964369e-28	-1.11888731360441	0.067	0.136	1.13504814578362e-23
"Gpr157"	1.05264003103618e-27	1.65213805244229	0.079	0.028	1.32464221505593e-23
"Swap70"	1.10126124282614e-27	1.05522136894065	0.148	0.076	1.38582714797241e-23
"Bcl2l1"	1.17286803999999e-27	0.525481817240425	0.405	0.319	1.47593714153599e-23
"Cebpe"	1.22211578818401e-27	-1.38407519286245	0.038	0.096	1.53791050785076e-23
"Pacsin2"	1.24745132397355e-27	-0.530324486703695	0.288	0.395	1.56979274608831e-23
"Uba7"	1.55355707089287e-27	-0.777881820209419	0.127	0.215	1.95499621801159e-23
"H2-M3"	1.58414937687519e-27	-0.478689691379854	0.338	0.449	1.99349357585974e-23
"Gsap"	1.65904999296395e-27	-0.64763526641599	0.184	0.283	2.08774851114584e-23
"G3bp2"	1.66797285767739e-27	-0.526149452363613	0.299	0.406	2.09897704410123e-23
"Gm1673"	1.76225561005795e-27	-1.41124229310843	0.039	0.097	2.21762245969692e-23
"Pdlim1"	2.03032503199375e-27	-1.48553721200929	0.033	0.087	2.55496102026094e-23
"Arl6ip1"	2.13634059943523e-27	-0.372772418612258	0.503	0.607	2.68837101032929e-23
"Mmp12"	2.4998152946311e-27	0.628741659224399	0.318	0.214	3.14576756676378e-23
"Cbfa2t3"	2.5087086603255e-27	-1.58006135732457	0.021	0.068	3.15695897815361e-23
"Reep3"	2.84697156981702e-27	-0.630215196813979	0.216	0.315	3.58262902345774e-23
"Btg3"	2.86197483002966e-27	-0.733040200165296	0.194	0.283	3.60150912610932e-23
"Nedd9"	2.96955737275161e-27	-0.860145512643766	0.092	0.171	3.73689099787062e-23
"Tcp1"	3.01136852092655e-27	0.443108136930115	0.492	0.401	3.78950614673398e-23
"Pld3"	3.13913563086334e-27	0.485887291262966	0.434	0.363	3.95028827787842e-23
"Lcn2"	3.51639820681467e-27	-1.97221384726308	0.007	0.041	4.42503550345558e-23
"Leprot"	4.1586518749896e-27	-0.413752638340542	0.389	0.504	5.23324751948692e-23
"Crem"	4.60999930763627e-27	-0.742799408921701	0.158	0.247	5.80122312872948e-23
"C1ra"	4.66888005938299e-27	-1.01999771724138	0.08	0.153	5.87531866672755e-23
"Flot1"	4.98803096752838e-27	-0.583856707590609	0.251	0.352	6.27693816953772e-23
"Psma2"	5.27158658558849e-27	-0.282601912013025	0.706	0.789	6.63376455930455e-23
"Acod1"	5.45981795184009e-27	-0.542959634313548	0.199	0.3	6.87063491059557e-23
"Dtx3"	5.52854457127683e-27	-0.633364185298905	0.164	0.26	6.95712048849476e-23
"Lars2"	5.91746556745911e-27	0.494031599734316	0.871	0.82	7.44653867009054e-23
"Spryd7"	6.67137830997767e-27	0.691346249011949	0.271	0.188	8.3952624652759e-23
"Gm20513"	7.12410474838949e-27	-2.20172674100817	0.01	0.046	8.96497341537333e-23
"Ednrb"	9.2429245412817e-27	-3.25622100810046	0.003	0.032	1.16312962427489e-22
"Rbm42"	9.44465678769842e-27	-0.476500795817284	0.329	0.436	1.18851561016397e-22
"Tradd"	9.58463539229741e-27	-0.581014897431036	0.232	0.333	1.20613051776671e-22
"Plod1"	9.6239088438282e-27	0.582084752487434	0.337	0.254	1.21107268890734e-22
"Zfand2a"	1.07225344335147e-26	0.901799838547348	0.194	0.114	1.3493237331135e-22
"Vav1"	1.12027139221708e-26	-0.399393855741931	0.375	0.49	1.40974951996597e-22
"Hspd1"	1.12640647027667e-26	0.578563913526565	0.333	0.263	1.41746990219616e-22
"Hist1h4i"	1.23270869052594e-26	1.65318957948657	0.095	0.04	1.55124061615785e-22
"Fxyd2"	1.28822392805163e-26	1.87138779608228	0.091	0.037	1.62110099106017e-22
"Zup1"	1.31321842309098e-26	-0.855971477324075	0.106	0.187	1.65255406361769e-22
"H2-Q2"	1.3595354956412e-26	-0.679793703909786	0.16	0.254	1.71083946771489e-22
"Adam15"	1.38085727191583e-26	0.290879289464527	0.577	0.561	1.73767079097888e-22
"Kif19a"	1.46945520003047e-26	-1.76440896214968	0.02	0.064	1.84916242371834e-22
"Bnip2"	1.62273316163706e-26	-0.393616034487861	0.343	0.456	2.04204741060407e-22
"Ap1m1"	1.64893328923921e-26	-0.615072470416717	0.194	0.294	2.07501765117863e-22
"Ranbp1"	1.98649652851956e-26	0.396169877616509	0.451	0.425	2.49980723148901e-22
"Rims2"	2.12629580736106e-26	-3.64072413923119	0.002	0.028	2.67573064398315e-22
"Parp9"	2.2011361648231e-26	-0.697524449415768	0.157	0.249	2.76990974981339e-22
"Vegfb"	2.57328184851429e-26	1.55921343127756	0.075	0.025	3.23821787817038e-22
"Hist1h2bc"	2.58256831198076e-26	1.95021416596557	0.062	0.019	3.24990396379659e-22
"Macrod1"	2.70816609497878e-26	1.4720181104675	0.083	0.031	3.4079562139213e-22
"Trib1"	2.73844298610994e-26	-0.48340015719325	0.311	0.421	3.44605665372075e-22
"Rp2"	2.77778057012656e-26	-0.779168203493539	0.123	0.208	3.49555906944726e-22
"Psmb2"	2.93454208713595e-26	-0.28810904158408	0.67	0.763	3.69282776245188e-22
"Kras"	3.31514362067146e-26	-0.513050870483702	0.299	0.402	4.17177673225296e-22
"Bak1"	3.42979002327417e-26	-0.391944088970239	0.42	0.532	4.31604776528822e-22
"Ndufa6"	3.71923529455193e-26	0.254199149808494	0.847	0.796	4.68028569466415e-22
"Fcho1"	4.24055668927438e-26	-1.13822379870201	0.052	0.114	5.33631653778288e-22
"Siglecg"	4.57669369858879e-26	-3.52069343552442	0.002	0.028	5.75931135030413e-22
"Prss22"	4.60499159023263e-26	-1.85624782921476	0.013	0.052	5.79492141714874e-22
"Dbnl"	4.65842243824775e-26	-0.458801687556436	0.352	0.461	5.86215879629097e-22
"Bcl2"	4.69227829780798e-26	1.2282698486188	0.106	0.046	5.90476300996156e-22
"Arfgef3"	4.74992453287285e-26	2.99105921824296	0.034	0.004	5.97730503216719e-22
"Lamtor1"	4.80485043350587e-26	0.328783690875692	0.682	0.621	6.04642378552379e-22
"Cmtm8"	5.03475601998743e-26	2.3058761661793	0.046	0.01	6.33573697555218e-22
"Fam129b"	5.29246602240504e-26	0.437962336380393	0.531	0.462	6.6600392425945e-22
"Map2k4"	5.29315258737635e-26	-0.784464098093201	0.132	0.214	6.6609032159544e-22
"Mrpl17"	7.22640765938409e-26	0.361125014143141	0.523	0.466	9.09371139856894e-22
"Txndc17"	7.42129188715055e-26	0.292330435392036	0.763	0.688	9.33895371079025e-22
"Cnppd1"	7.64400690018379e-26	-0.476945540159256	0.301	0.41	9.61921828319129e-22
"Cdc42se1"	7.68422500977924e-26	-0.397145687890602	0.432	0.542	9.6698287523062e-22
"Flot2"	8.42238274166155e-26	-0.635930965550515	0.171	0.265	1.05987264421069e-21
"Rer1"	9.23567576214759e-26	-0.358467753459881	0.458	0.57	1.16221743790865e-21
"Trim12c"	9.28089104846442e-26	-0.828382986113379	0.104	0.184	1.16790732953876e-21
"Snx8"	9.48930133026351e-26	0.686096525129871	0.252	0.172	1.19413367940036e-21
"Eif4e3"	1.01274153006277e-25	-0.592242785412993	0.214	0.313	1.27443394143099e-21
"Cybc1"	1.04359761607834e-25	-0.555859968826179	0.235	0.337	1.31326324007299e-21
"Krcc1"	1.10695526972235e-25	-0.419830310572226	0.328	0.439	1.39299251141861e-21
"Syk"	1.10723957728118e-25	-0.405234399172784	0.346	0.458	1.39335028405063e-21
"Mknk1"	1.16606093540255e-25	-0.659887980199528	0.176	0.268	1.46737108111057e-21
"Ovol2"	1.19333417406204e-25	-1.52582806785774	0.029	0.079	1.50169172463967e-21
"Rnf114"	1.34553165757794e-25	-0.425083268290295	0.36	0.472	1.69321703789608e-21
"Ece1"	1.36150660154388e-25	-0.821457408930427	0.11	0.19	1.71331990738282e-21
"Ung"	1.42298193345801e-25	3.2947356085741	0.031	0.003	1.79068046506356e-21
"Chst3"	1.52565142834718e-25	3.62731094766097	0.028	0.002	1.91987975743209e-21
"Gpr108"	1.70506842715567e-25	-0.547116217847966	0.25	0.349	2.1456581087327e-21
"Diaph1"	1.74339834321428e-25	-0.479147212344352	0.338	0.437	2.19389247510086e-21
"Acap1"	1.74875004922514e-25	-1.08183261685161	0.058	0.122	2.20062706194491e-21
"Rcan1"	1.87305973146966e-25	1.09028673179739	0.148	0.084	2.35705836608142e-21
"Pald1"	1.95666933819964e-25	1.21573315037799	0.102	0.043	2.46227269519043e-21
"Car13"	2.00016020821236e-25	0.920669890351558	0.173	0.103	2.51700160601443e-21
"Man1c1"	2.08974278947104e-25	1.16539241790841	0.113	0.051	2.62973232627035e-21
"Hnrnpc"	2.25494457893984e-25	0.583139669321923	0.322	0.247	2.8376222581379e-21
"Malt1"	2.35992470280152e-25	-0.820803346908195	0.116	0.198	2.96972924600543e-21
"Tbc1d9"	2.65437629116616e-25	-0.404935200986911	0.378	0.488	3.3402671248035e-21
"Twf2"	2.90418871410137e-25	-0.400128893291534	0.343	0.454	3.65463107782517e-21
"AI662270"	3.20504982868262e-25	-0.518474656694277	0.291	0.392	4.03323470441421e-21
"Arhgap17"	3.30385235256639e-25	-0.660403465642173	0.178	0.267	4.15756780046955e-21
"Llph"	3.37654448288924e-25	0.430735651055228	0.488	0.401	4.24904357726783e-21
"Gm4070"	3.56195639914601e-25	-1.06085524331369	0.063	0.129	4.48236593268534e-21
"Sh3bgrl2"	3.83636916499689e-25	2.55143608068584	0.04	0.007	4.82768695723209e-21
"Gpat3"	3.98746314854071e-25	-0.619636040572427	0.197	0.293	5.01782362612363e-21
"Ifit1"	4.80967839701011e-25	0.287757078263415	0.099	0.142	6.05249929479752e-21
"Chchd10"	5.5391143568635e-25	0.698072816905981	0.291	0.207	6.97042150667703e-21
"Sp110"	5.58833839318186e-25	-0.567875103710645	0.24	0.337	7.03236503398006e-21
"Il12a"	5.93229688639061e-25	-4.10015575786849	0.002	0.025	7.46520240183394e-21
"Map4k1"	5.93988704239001e-25	-0.954963831823895	0.081	0.15	7.47475385414359e-21
"C3ar1"	6.10433902817655e-25	0.326040916859617	0.792	0.71	7.68170023305738e-21
"Bach1"	6.44913205208735e-25	-0.703080727589598	0.162	0.248	8.11558777434672e-21
"Slc41a2"	7.33793293772083e-25	1.18103016188703	0.11	0.05	9.23405480882789e-21
"Vps28"	8.16466128715112e-25	-0.349145325528179	0.497	0.601	1.0274409763751e-20
"1810037I17Rik"	8.17113742829497e-25	-0.26760331127774	0.688	0.776	1.02825593397664e-20
"Fosl1"	8.83273121956415e-25	-1.4567128096226	0.031	0.082	1.11151089666995e-20
"Dgat1"	8.97984428274911e-25	-0.92565234817659	0.083	0.155	1.13002360454115e-20
"Rnf115"	9.64809357512444e-25	-0.451704994016516	0.326	0.432	1.21411609549366e-20
"Sys1"	1.00261166816416e-24	-0.39410608745444	0.404	0.513	1.26168652321778e-20
"Tcf7l2"	1.11546181005658e-24	-0.785342775485736	0.124	0.205	1.4036971417752e-20
"Grk6"	1.15631371176427e-24	-0.774201585283389	0.128	0.208	1.45510517488416e-20
"Pik3r5"	1.24024603344434e-24	0.551847601654511	0.313	0.265	1.56072560848636e-20
"Wdr91"	1.33466498868628e-24	1.15934902583626	0.112	0.052	1.67954242176281e-20
"Etv1"	1.34047962383023e-24	0.998132148393842	0.143	0.074	1.68685955862796e-20
"Espl1"	1.37920374689215e-24	1.57264759931305	0.071	0.024	1.73558999508908e-20
"Ubxn1"	1.3839611684573e-24	0.311347719506255	0.721	0.657	1.74157673438666e-20
"Batf"	1.50023708208283e-24	-0.796666897065716	0.111	0.189	1.88789834409303e-20
"Akip1"	1.67687895664374e-24	0.910450048033679	0.161	0.093	2.11018447904049e-20
"Prss46"	1.6964546301137e-24	1.86177620129799	0.063	0.021	2.13481850653508e-20
"Ero1lb"	1.78057577907666e-24	-0.702339514517563	0.155	0.241	2.24067656039007e-20
"Saa3"	1.87350727441511e-24	-1.84775425291396	0.017	0.059	2.35762155412397e-20
"Impdh1"	2.25535420242516e-24	0.572149594495842	0.341	0.243	2.83813772833183e-20
"Gmpr"	2.27561035854206e-24	2.97030065807616	0.03	0.003	2.86362807518932e-20
"Uhrf2"	2.27981553395527e-24	0.747317476713075	0.221	0.141	2.86891986792931e-20
"Palld"	2.29567499854444e-24	-0.748736986294641	0.102	0.178	2.88887741816833e-20
"H2-Oa"	2.30830562668019e-24	-1.64918571797939	0.018	0.06	2.90477180061435e-20
"Mcm5"	2.31694757557607e-24	1.79847361938947	0.064	0.021	2.91564682910493e-20
"I830077J02Rik"	2.3788836156564e-24	-1.08012084413844	0.062	0.125	2.99358714194201e-20
"AU022793"	2.69752155175717e-24	2.00703914850603	0.052	0.014	3.39456112073122e-20
"Gns"	2.80488705372076e-24	0.371694013389656	0.581	0.512	3.5296698684022e-20
"Snrpd2"	2.9579880618239e-24	0.403703265894897	0.488	0.417	3.7223321769992e-20
"Hmgb3"	3.34853697259956e-24	3.01377929474304	0.032	0.004	4.21379892631929e-20
"F2rl2"	3.44634955277666e-24	1.96446186527255	0.052	0.013	4.33688627721415e-20
"Ebi3"	3.58934511112243e-24	-0.553557630536253	0.224	0.322	4.51683188783646e-20
"A530064D06Rik"	3.61478055363016e-24	-0.972486594223132	0.075	0.143	4.54883984868819e-20
"Ltb"	3.77069180398217e-24	-1.0464684019565	0.049	0.107	4.74503856613116e-20
"Trappc1"	3.77209756482953e-24	-0.432919254117792	0.34	0.446	4.74680757558149e-20
"Pitpna"	3.81604899688416e-24	-0.312738701399932	0.562	0.665	4.80211605767903e-20
"Glrx3"	4.25230109119221e-24	0.421283906102723	0.469	0.381	5.35109569315628e-20
"Pdcd10"	4.45001714177214e-24	-0.387990155544759	0.418	0.523	5.59990157120607e-20
"Exoc3l4"	4.75261086278908e-24	-1.40993253810164	0.03	0.079	5.98068550973378e-20
"Mrps18b"	5.06992956464238e-24	0.726715853476384	0.225	0.143	6.37999936414598e-20
"Tuba1c"	5.415994636061e-24	-0.328182065497941	0.463	0.572	6.81548765001916e-20
"Atg9a"	5.50314321488675e-24	-0.971404708127519	0.072	0.139	6.92515542161349e-20
"R3hdm1"	6.83200891525837e-24	0.817552201041306	0.191	0.118	8.59740001896113e-20
"Sort1"	6.87388272149444e-24	-1.95200498991905	0.013	0.051	8.65009401672861e-20
"Med28"	7.29260406346661e-24	0.324214030274078	0.652	0.578	9.17701295346638e-20
"Micos13"	8.07472384772566e-24	0.41568212039914	0.487	0.401	1.0161232489978e-19
"BC147527"	8.90400171581294e-24	-1.29603251382827	0.038	0.091	1.1204795759179e-19
"Bmp2k"	8.95376864309332e-24	0.641951615182711	0.267	0.178	1.12674224604686e-19
"Epm2a"	9.05113758572423e-24	1.5092027889658	0.072	0.025	1.13899515378754e-19
"S100a1"	9.31161993077541e-24	0.521563068696799	0.375	0.286	1.17177425208878e-19
"Plekho2"	9.94129647872764e-24	-0.415482073677628	0.372	0.478	1.25101274888309e-19
"B430306N03Rik"	1.0469763236439e-23	-0.920970369849143	0.08	0.149	1.31751500567348e-19
"Wwc1"	1.17181425299737e-23	2.7111543382513	0.036	0.006	1.47461105597189e-19
"Ankrd11"	1.18119554186795e-23	-0.416147338346397	0.33	0.437	1.48641646988663e-19
"Aup1"	1.18412157891841e-23	-0.267420518875586	0.716	0.781	1.49009859491093e-19
"Lasp1"	1.27123699313842e-23	0.464635906545703	0.439	0.381	1.59972463216538e-19
"Ctse"	1.46336967092622e-23	-1.24107220629376	0.041	0.095	1.84150439389356e-19
"Stau2"	1.47898887836672e-23	2.23590050731078	0.042	0.009	1.86115960453668e-19
"Arid5b"	1.54708494328485e-23	-0.558674794167219	0.191	0.284	1.94685169262966e-19
"Ube2c"	1.55442988094118e-23	2.22798485774605	0.052	0.015	1.95609456217638e-19
"Mcm3"	1.57312847256357e-23	1.27681370057683	0.098	0.048	1.97962486987399e-19
"Bri3"	1.6442753377052e-23	0.257935690371144	0.863	0.839	2.06915608496823e-19
"Noc4l"	1.77725123514875e-23	-0.686762891173293	0.143	0.228	2.23649295431118e-19
"Gtf2b"	1.88687348673162e-23	-0.461792251970628	0.306	0.407	2.37444159570307e-19
"Sirt7"	2.13637540476246e-23	-0.63710627725779	0.173	0.26	2.68841480935308e-19
"Por"	2.24455428869676e-23	-0.43596746536909	0.288	0.391	2.824547116896e-19
"Sema4b"	2.30430442921751e-23	-1.77406746842535	0.012	0.047	2.89973669372732e-19
"Hcar2"	2.38117063402905e-23	-0.827547756546936	0.177	0.248	2.99646512586215e-19
"Gm50022"	2.63542986022994e-23	-0.740840163987041	0.141	0.212	3.31642493611336e-19
"Sidt2"	2.63667449225388e-23	-0.731625379827658	0.126	0.206	3.31799118105228e-19
"Gk"	2.67548108602106e-23	-0.828499843401774	0.104	0.177	3.36682539864891e-19
"Aim2"	2.83875352839195e-23	-0.665358847580799	0.154	0.24	3.57228744012844e-19
"Jade2"	2.84270444060762e-23	1.46631424035591	0.075	0.028	3.57725926806063e-19
"Med8"	2.93950533171284e-23	-0.438064776913903	0.294	0.398	3.69907350942744e-19
"Mthfd1l"	3.14791558817492e-23	1.00740038218033	0.132	0.068	3.96133697615931e-19
"Fam89a"	3.2658648258887e-23	-1.71111346712259	0.016	0.055	4.10976429689834e-19
"Hscb"	3.27107641604963e-23	0.625831070581967	0.282	0.196	4.11632256195685e-19
"Clk3"	3.35173938705665e-23	-0.522799186169984	0.196	0.287	4.21782884467208e-19
"Soga1"	3.48678922296677e-23	1.65973242535334	0.062	0.02	4.38777555818138e-19
"Plpp5"	3.78246651868937e-23	1.10717044799605	0.114	0.055	4.75985586711871e-19
"Crybg1"	4.37604593201154e-23	-0.713452416438684	0.138	0.22	5.50681620084332e-19
"St6gal1"	4.4996060270761e-23	1.21605966949774	0.099	0.045	5.66230422447256e-19
"Gyg"	5.14333500097474e-23	-0.439538726817731	0.389	0.489	6.47237276522661e-19
"Clec12a"	5.20397674996035e-23	-0.410140125421549	0.309	0.412	6.54868434215011e-19
"Anxa3"	5.22111069238665e-23	0.341723520476464	0.535	0.506	6.57024569529936e-19
"Nme4"	5.55830809443237e-23	0.996525613411227	0.124	0.062	6.99457490603369e-19
"Prdx4"	5.83778523790005e-23	0.632074942218503	0.275	0.191	7.34626894337343e-19
"Eif2ak2"	6.54283369127487e-23	-0.763325690276381	0.123	0.2	8.2335019171003e-19
"Add3"	6.92505061161755e-23	-0.951938885539055	0.078	0.143	8.71448368965953e-19
"Oas1g"	7.04995995417704e-23	-0.901601023699012	0.085	0.153	8.87166960633638e-19
"Lypla2"	7.20462245165653e-23	-0.413890065353753	0.348	0.451	9.06629689316458e-19
"Gdf3"	7.52155113515384e-23	1.76437214551641	0.069	0.027	9.46511994847759e-19
"Sik1"	8.00748452279405e-23	-0.801796134119533	0.096	0.169	1.0076618523484e-18
"Sorl1"	8.2730595714545e-23	-1.55487055084251	0.021	0.064	1.04108181647183e-18
"P2ry12"	8.29439236116477e-23	1.34083662668422	0.083	0.034	1.04376633472898e-18
"Nr4a2"	8.39971404320917e-23	-0.775653719317302	0.166	0.248	1.05702001519744e-18
"Ttc39c"	9.56319763224195e-23	-0.876491464293143	0.09	0.159	1.20343279004133e-18
"Svip"	9.95581636404446e-23	-0.94178714159724	0.077	0.142	1.25283993125135e-18
"Cers2"	1.01433896128918e-22	-0.354715618598774	0.472	0.571	1.2764441488863e-18
"Mpc2"	1.10231876818609e-22	-0.342367674960189	0.491	0.589	1.38715793788537e-18
"Mthfsl"	1.19513300360034e-22	0.431122734753981	0.367	0.326	1.50395537173067e-18
"Mctp2"	1.28379584376976e-22	-2.68666042339805	0.003	0.027	1.61552868979987e-18
"Atp11a"	1.47999233970426e-22	-1.08750404109414	0.057	0.112	1.86242236028384e-18
"Itpripl2"	1.48053418351183e-22	0.721454912900575	0.211	0.131	1.86310421653129e-18
"Pdcd5"	1.54026497063427e-22	0.305461491204776	0.673	0.61	1.93826943904617e-18
"Hdc"	1.74448551582468e-22	-1.12410269045736	0.013	0.046	2.19526057311377e-18
"Herc6"	2.28617978832158e-22	-0.806973482530108	0.097	0.169	2.87692864562387e-18
"Ube2e2"	2.57069449568392e-22	2.01881991144357	0.046	0.012	3.23496195336865e-18
"Gm9530"	2.5979125320762e-22	-2.40292702489642	0.007	0.037	3.26921313036469e-18
"Slc2a1"	2.64317750894483e-22	0.496109273460664	0.561	0.538	3.32617457725617e-18
"Id1"	2.69916986454408e-22	-1.04996379397192	0.064	0.125	3.39663535754227e-18
"Dnajb11"	2.7368290982954e-22	-0.42556660070001	0.382	0.477	3.44402573729493e-18
"Cenpx"	2.76133788053249e-22	0.373551664550407	0.514	0.442	3.47486758886208e-18
"Gcnt1"	2.76747064763211e-22	0.92570352808754	0.131	0.068	3.48258506298025e-18
"Lgals9"	2.80411947110956e-22	-0.379809785271769	0.506	0.592	3.52870394244427e-18
"Il18rap"	3.12659714869874e-22	-1.38004171862611	0.027	0.073	3.9345098519225e-18
"Mlkl"	3.17182248584542e-22	-0.873767317799018	0.081	0.149	3.99142141618788e-18
"Agap1"	3.2347104130082e-22	1.07314592103765	0.113	0.055	4.07055958372951e-18
"Psma5"	3.72604820256867e-22	-0.314241785976243	0.566	0.65	4.68885905811241e-18
"Akr1b3"	3.88758735898832e-22	0.512020781481549	0.356	0.27	4.89213993255091e-18
"Slc25a12"	3.91814004285865e-22	-0.684250636876223	0.134	0.214	4.93058742993332e-18
"Ndrg1"	4.05874177900972e-22	0.403034951797576	0.578	0.572	5.10752065470583e-18
"Cebpzos"	4.33106585025708e-22	0.594915015923683	0.276	0.197	5.45021326596351e-18
"Pram1"	4.36494725586278e-22	-1.87930550134045	0.015	0.05	5.49284962677772e-18
"Kif3a"	4.71094631734065e-22	0.930748343377109	0.146	0.088	5.92825484574147e-18
"Tmem65"	4.72816836257868e-22	0.819292869976477	0.164	0.103	5.94992706746901e-18
"Mgmt"	5.05634608246973e-22	1.44269186895644	0.072	0.028	6.36290591017991e-18
"Ppp1r18"	5.29640924515519e-22	-0.257640117656849	0.69	0.77	6.66500139410329e-18
"Qk"	5.35355473672664e-22	0.636444712223689	0.24	0.172	6.7369132806968e-18
"Morrbid"	5.69700018970277e-22	-0.731831190711527	0.14	0.215	7.16910503872197e-18
"3830406C13Rik"	6.03638230185834e-22	-0.640614349265699	0.157	0.239	7.59618348865853e-18
"Gsto1"	6.26798511284252e-22	0.773239526696332	0.184	0.111	7.88763246600102e-18
"Plppr3"	6.32494072451966e-22	-2.26291954615133	0.007	0.036	7.95930540773554e-18
"Ltc4s"	6.71021509265895e-22	0.981012984719177	0.165	0.097	8.44413467260202e-18
"Cdk4"	6.89302783614623e-22	0.404796938945838	0.463	0.396	8.67418622900642e-18
"Rasgrp4"	7.52238519255101e-22	-0.813196465155761	0.094	0.164	9.46616952630619e-18
"Acap2"	7.53344799979325e-22	-0.494853797473216	0.234	0.328	9.48009096293983e-18
"H2-Ob"	7.54154874482693e-22	-1.8386635168431	0.014	0.049	9.49028494049021e-18
"Dpys"	7.93348892799526e-22	-1.72755149198457	0.019	0.058	9.98350246698923e-18
"Psmc1"	8.97075837487879e-22	-0.436219034083796	0.323	0.421	1.12888023389475e-17
"Slc38a6"	8.98683833579147e-22	1.06969632531507	0.11	0.053	1.130903736176e-17
"Pcyt1a"	9.1448886180011e-22	0.825250325272875	0.18	0.118	1.15079278368926e-17
"Psmb5"	9.41119588182406e-22	-0.264047465168587	0.625	0.718	1.18430488976874e-17
"Magohb"	9.84031672934847e-22	-0.561758760648536	0.191	0.28	1.23830545722121e-17
"Ms4a14"	1.01176840208855e-21	1.81668831176945	0.052	0.015	1.27320935718823e-17
"Nipsnap3b"	1.02335759354304e-21	-0.453281904222328	0.306	0.402	1.28779319571456e-17
"Baz1a"	1.05453926976787e-21	-0.604162196280892	0.169	0.255	1.32703221707589e-17
"Eprs"	1.06633352464598e-21	0.700471682428022	0.22	0.144	1.3418741074145e-17
"Triobp"	1.07264013091382e-21	-0.689238967499829	0.129	0.207	1.34981034074196e-17
"Tmem50b"	1.17516882185597e-21	-0.519951291076614	0.208	0.299	1.47883244542355e-17
"Clcn7"	1.32680939905901e-21	-0.731119158925639	0.132	0.206	1.66965694777586e-17
"Stk40"	1.33590562697602e-21	-0.841555656216386	0.094	0.161	1.68110364098663e-17
"Crispld2"	1.35534081559332e-21	-3.54421615837785	0.002	0.023	1.70556088234264e-17
"Sppl2a"	1.36810159683271e-21	-0.555710695922173	0.222	0.305	1.72161904945428e-17
"Selplg"	1.41013007129585e-21	-0.306055282576319	0.618	0.696	1.77450768171869e-17
"Tmem134"	1.47255812036007e-21	-0.32661554880313	0.511	0.604	1.85306713866111e-17
"Nod2"	1.52562472808007e-21	-1.26821326879464	0.037	0.085	1.91984615781596e-17
"Selenof"	1.6909152695337e-21	0.258186843190021	0.748	0.712	2.12784777518121e-17
"Oxct1"	1.73814402128519e-21	0.605200946187165	0.271	0.196	2.18728043638528e-17
"Cct6a"	1.818901036452e-21	0.550505009313808	0.278	0.21	2.2889050642712e-17
"Nsd3"	1.84362983379176e-21	-0.532580366754369	0.223	0.314	2.32002378284355e-17
"Dse"	1.90172010814389e-21	-0.589288763905634	0.182	0.268	2.39312458408827e-17
"Cdca3"	1.9252148783295e-21	2.61850505028563	0.034	0.006	2.42269040288984e-17
"Ddit3"	1.95759030592356e-21	0.912600460375672	0.166	0.107	2.46343164097421e-17
"March2"	2.00279446604727e-21	-0.376975168072747	0.352	0.454	2.52031655607388e-17
"Rab19"	2.29916293011514e-21	-1.36817357121654	0.028	0.072	2.8932666312569e-17
"1110046J04Rik"	2.36581897765882e-21	2.60500078593588	0.032	0.005	2.97714660148586e-17
"Crip1"	2.58352390189779e-21	-0.439638598493203	0.929	0.925	3.25110647814818e-17
"Rilpl2"	2.79956838616917e-21	0.358812195316996	0.422	0.431	3.52297685715528e-17
"Cyp4v3"	2.8107376140633e-21	-0.535284613723138	0.202	0.291	3.53703221353725e-17
"Tapbpl"	2.84662483144674e-21	-0.60371462423377	0.167	0.251	3.58219268789258e-17
"Il6st"	2.93695039465834e-21	-0.848542552802474	0.092	0.159	3.69585837663806e-17
"Arf2"	3.07255097832214e-21	-0.632632413892257	0.173	0.254	3.86649815112058e-17
"Stk38l"	3.08019024424233e-21	1.20573060251535	0.092	0.041	3.87611140335455e-17
"Dusp2"	3.13879396067612e-21	-1.25435367165938	0.052	0.105	3.94985832011483e-17
"Zfp36l2"	3.21037805219405e-21	-0.32496168601665	0.58	0.667	4.039939740881e-17
"Lig1"	3.34887799655908e-21	1.16787932902367	0.098	0.05	4.21422807086994e-17
"P4ha2"	3.40695488732587e-21	1.09011788896562	0.104	0.049	4.28731203021088e-17
"Capn1"	3.47165551904774e-21	-0.609556796191361	0.17	0.253	4.36873130516967e-17
"Syce2"	3.6905437112898e-21	0.974423216651094	0.129	0.069	4.64418020628709e-17
"Prkar1b"	3.91586582839282e-21	1.87374884296407	0.049	0.014	4.92772555844953e-17
"Tmcc1"	4.12138302441548e-21	-0.649912301656143	0.149	0.229	5.18634839792444e-17
"Eif3e"	4.34769369781983e-21	0.410845835759758	0.452	0.375	5.47113774933647e-17
"Cpeb4"	4.73257912548167e-21	1.33494787656159	0.081	0.035	5.95547757150614e-17
"Rcbtb2"	4.93358922903075e-21	0.523899157706962	0.342	0.258	6.2084286858123e-17
"Olfml2b"	5.03844788659506e-21	-1.93236310125545	0.018	0.052	6.34038282049122e-17
"Was"	5.06061650369344e-21	-0.511620908571074	0.24	0.329	6.36827980824783e-17
"Snx6"	5.06426238657291e-21	-0.407343320994629	0.368	0.465	6.37286778726335e-17
"Ptgfrn"	5.21151882713153e-21	1.65904230573201	0.057	0.019	6.55817529206231e-17
"Pgm2l1"	5.24822010659863e-21	1.43446037224071	0.071	0.027	6.60436018214372e-17
"Rps27l"	5.43839703936401e-21	0.301334790185451	0.725	0.67	6.84367883433567e-17
"Maea"	5.48901199933689e-21	-0.44799296552096	0.289	0.385	6.90737269996554e-17
"Egr2"	5.59711610704225e-21	-0.575343177009417	0.186	0.272	7.04341090910196e-17
"Lbh"	5.61349204544283e-21	-0.708715816614833	0.13	0.205	7.06401838998526e-17
"Itgav"	5.79601359597582e-21	0.681084768986608	0.239	0.17	7.29370350917598e-17
"Zfp281"	5.94943683020315e-21	-0.705375023306706	0.131	0.203	7.48677130712764e-17
"Vrk3"	5.99499350926199e-21	-0.645468736077943	0.153	0.231	7.54409983205529e-17
"Pi16"	6.00302214147629e-21	-0.962125029639497	0.063	0.123	7.55420306283376e-17
"Ugt1a7c"	6.19132587884547e-21	-0.599184506026052	0.179	0.262	7.79116448593914e-17
"Pdxk"	6.32023630638335e-21	0.779035770290053	0.186	0.134	7.95338536795281e-17
"Acsl1"	6.48548012534224e-21	0.765227712939737	0.191	0.118	8.16132818973068e-17
"Snx24"	6.62853046605486e-21	0.650166924240489	0.234	0.155	8.34134273848344e-17
"Itgb1"	6.65704626820469e-21	0.384765442377894	0.505	0.432	8.37722702390879e-17
"Wdfy1"	7.26132459440927e-21	0.482877952009281	0.238	0.205	9.13765086960463e-17
"Snrpe"	7.38607667786586e-21	0.286139246800323	0.663	0.608	9.2946388914264e-17
"Gcsh"	7.94958274225271e-21	0.561259823872408	0.295	0.216	1.00037549228508e-16
"Snx2"	8.69749194368248e-21	0.396375870449934	0.507	0.453	1.094492386193e-16
"Ski"	9.6188496820816e-21	0.597732564894261	0.264	0.185	1.21043604399315e-16
"Ank"	9.6771136727814e-21	1.37691725252157	0.073	0.028	1.21776798458281e-16
"Mrps28"	9.82890925877689e-21	0.676831833707132	0.222	0.145	1.23686994112448e-16
"Ptbp3"	1.11119049891017e-20	-0.355345265364421	0.364	0.465	1.39832212382856e-16
"Gabarapl1"	1.16628797202784e-20	0.558441972985892	0.29	0.221	1.46765678399983e-16
"Gng2"	1.18417199940147e-20	0.387080873625208	0.511	0.451	1.49016204404681e-16
"Cideb"	1.22888951602773e-20	-2.13822379870201	0.009	0.038	1.5464345669693e-16
"Ipo5"	1.23009321409276e-20	0.759414483668312	0.181	0.114	1.54794930061433e-16
"Fcho2"	1.25426729646574e-20	-0.597655417339308	0.186	0.268	1.57836996587248e-16
"Klrb1b"	1.31441839906377e-20	-1.15535523882577	0.046	0.098	1.65406411338185e-16
"Creg2"	1.48921489293199e-20	0.994322005251957	0.116	0.059	1.87402802126562e-16
"Hist1h1c"	1.57488857349943e-20	0.977410378413548	0.181	0.12	1.98183978089168e-16
"Ppp4c"	1.60612720158653e-20	-0.291092744214566	0.525	0.622	2.0211504704765e-16
"Capn2"	1.63316540504536e-20	-0.370581805393407	0.393	0.493	2.05517534570907e-16
"Mcee"	1.84171090194192e-20	0.526027611823785	0.31	0.23	2.31760899900371e-16
"Zfand5"	2.00090755586336e-20	0.324917839934838	0.463	0.46	2.51794206829845e-16
"Fam214a"	2.14804265426569e-20	1.96040423402571	0.045	0.012	2.70309687612795e-16
"Gm2000"	2.170630651004e-20	0.872044536751817	0.142	0.08	2.73152161122343e-16
"Atxn7l3b"	2.41452140060094e-20	-0.44547937107524	0.288	0.382	3.03843373051623e-16
"Mef2a"	2.721776980283e-20	0.409631211375838	0.371	0.322	3.42508415198812e-16
"Hadh"	2.72662871533753e-20	0.692624306910719	0.204	0.131	3.43118957538074e-16
"Tnip1"	2.75555866908413e-20	-0.613775082702584	0.195	0.27	3.46759502917547e-16
"Kctd20"	2.80876301724041e-20	-0.674426987503311	0.133	0.208	3.53454738089533e-16
"2310001H17Rik"	2.93820292793993e-20	-0.906371048116496	0.071	0.132	3.6974345645196e-16
"Kcnab2"	3.04839715261922e-20	0.587522477381788	0.264	0.185	3.83610297685603e-16
"Ap1b1"	3.05223458781755e-20	0.588475609115041	0.269	0.187	3.8409320053096e-16
"Chst1"	3.09178098625734e-20	1.62151310312285	0.058	0.02	3.89069719310624e-16
"Acadl"	3.10848173488896e-20	-0.444977423939675	0.297	0.389	3.91171341518426e-16
"Dapp1"	3.21612160802663e-20	-0.72047701216518	0.106	0.176	4.04716743154071e-16
"Arl5c"	3.28250298127232e-20	-0.823713175377131	0.091	0.157	4.13070175163309e-16
"Lrp12"	3.34412620418999e-20	0.976877177995781	0.121	0.067	4.20824841535268e-16
"P2ry10"	3.40946621418717e-20	-2.09758181420466	0.008	0.037	4.29047228393314e-16
"1810058I24Rik"	3.4389254682331e-20	0.318323498359975	0.676	0.615	4.32754380922454e-16
"Noct"	3.45516009681685e-20	-0.807514818272439	0.101	0.167	4.34797346583432e-16
"Casp6"	3.52985761935104e-20	-0.655831031621402	0.149	0.224	4.44197282819135e-16
"Mrpl34"	3.5665379307796e-20	0.50291873575531	0.33	0.25	4.48813133209305e-16
"Angpt2"	3.69777966964819e-20	2.20009873443602	0.037	0.008	4.65328593628528e-16
"Cfh"	3.73998282746805e-20	-0.695280302853282	0.153	0.223	4.70639439008579e-16
"Ythdc1"	3.83407628986987e-20	-0.514252917595444	0.257	0.341	4.82480160317225e-16
"Usf1"	4.09782096025436e-20	-0.482245664439989	0.245	0.335	5.15669789638409e-16
"Abcb4"	4.25213336664255e-20	5.92786539175576	0.014	0	5.35088462858299e-16
"Elmo2"	4.42160192193738e-20	-0.551822200563882	0.189	0.273	5.564143858566e-16
"Fblim1"	4.50889353386268e-20	2.39229091799677	0.033	0.006	5.6739916230128e-16
"Rbm7"	4.7373747665399e-20	-0.375998400700337	0.37	0.467	5.96151240621381e-16
"Msr1"	5.07129604207247e-20	0.278038770740362	0.751	0.707	6.38171893934399e-16
"Fmn1"	5.13383405535231e-20	0.81944470359167	0.157	0.093	6.46041677525534e-16
"Psmd11"	5.23912091263696e-20	-0.352192645453453	0.369	0.468	6.59290975646235e-16
"Commd10"	5.47653785753948e-20	0.552789004394655	0.26	0.194	6.89167523992768e-16
"Stxbp2"	5.69057926355011e-20	-0.46283828490222	0.259	0.35	7.16102494525146e-16
"Poglut3"	5.72934432998668e-20	2.74713363535687	0.028	0.004	7.20980690485524e-16
"Brd2"	5.8932791839208e-20	-0.299678188433929	0.509	0.604	7.41610252504593e-16
"Tlr5"	6.0071580843254e-20	-1.39020301602681	0.028	0.069	7.55940773331508e-16
"Tgm2"	6.30073262089186e-20	-0.341152723676353	0.545	0.636	7.92884193013032e-16
"Frrs1"	6.64487677345321e-20	-0.487692832429311	0.233	0.322	8.36191293171353e-16
"Filip1l"	6.69509699327787e-20	-0.847377542850548	0.083	0.145	8.42511005634088e-16
"Igsf6"	7.76799982158036e-20	-0.429008046688789	0.366	0.448	9.77525097547673e-16
"Anxa2"	8.01040746837902e-20	-0.256542139575829	0.93	0.953	1.00802967582082e-15
"Snx29"	8.2439998381194e-20	1.2964582297231	0.081	0.036	1.03742493962895e-15
"Prdm1"	8.73811169600318e-20	-0.783326573169964	0.094	0.16	1.09960397582504e-15
"Actn1"	8.92081321059506e-20	0.652829311026493	0.22	0.144	1.12259513442128e-15
"Fbxo28"	9.63700580663086e-20	-0.83306391719554	0.086	0.149	1.21272081070643e-15
"4933412E12Rik"	9.86194375439757e-20	-0.781832294246426	0.093	0.158	1.24102700205339e-15
"Kctd12"	1.03298645474157e-19	-0.503923777003592	0.213	0.3	1.29991015464679e-15
"Endod1"	1.0899261675716e-19	0.920302277904445	0.129	0.071	1.3715630892721e-15
"Tmem97"	1.15898900129548e-19	1.05483107757886	0.103	0.051	1.45847175923023e-15
"Relb"	1.20338826734506e-19	-0.576493604218571	0.168	0.248	1.51434379562703e-15
"Mrps6"	1.40839454908877e-19	0.834809153697721	0.141	0.079	1.77232370057331e-15
"Adgre1"	1.43419841286103e-19	0.436690423771494	0.395	0.338	1.80479528274432e-15
"Qdpr"	1.48488956294575e-19	0.769329952533395	0.164	0.097	1.86858502601093e-15
"Ocstamp"	1.50446349008932e-19	-1.75531892036398	0.015	0.048	1.8932168559284e-15
"Acvrl1"	1.51844645700037e-19	-0.404772238165582	0.388	0.481	1.91081302148926e-15
"Pcna"	1.74974180776865e-19	0.439695425015026	0.304	0.26	2.20187509089607e-15
"Gspt2"	1.81416939758878e-19	-2.38876726035261	0.006	0.031	2.28295076992572e-15
"Mical2"	1.81523939606274e-19	3.04397953251874	0.025	0.003	2.28429725600535e-15
"Anapc11"	1.90663806492075e-19	0.283700086162073	0.548	0.516	2.39931334089627e-15
"Metrnl"	2.09885776592291e-19	0.382823637596366	0.519	0.464	2.6412026126374e-15
"Ifih1"	2.13236165935553e-19	-0.668212464331738	0.117	0.188	2.683363912133e-15
"Bzw1"	2.18155566838683e-19	-0.38629270431907	0.368	0.461	2.74526965309799e-15
"Extl3"	2.18188873215365e-19	0.642239189188352	0.217	0.15	2.74568878054215e-15
"Ctsf"	2.19753489792666e-19	3.65433412142751	0.02	0.001	2.76537791555091e-15
"Notch2"	2.23054513031811e-19	-0.625316235109662	0.144	0.22	2.80691799199231e-15
"Cd83"	2.30031735210531e-19	0.364929197364605	0.33	0.242	2.89471935588932e-15
"Hsd11b1"	2.58195523659687e-19	-1.93386530019582	0.01	0.04	3.2491324697335e-15
"Tmem40"	2.60119429475729e-19	-4.12007645199175	0.001	0.018	3.27334290052258e-15
"Hsp90aa1"	2.68868966018778e-19	0.447690123720802	0.573	0.521	3.3834470683803e-15
"Gkap1"	2.88655963982048e-19	1.48287248807286	0.059	0.021	3.6324466507501e-15
"Lpcat3"	2.98301135749222e-19	-0.641967949154679	0.137	0.211	3.75382149226821e-15
"Shc1"	3.00696393608592e-19	-0.668044745230705	0.132	0.201	3.78396341717052e-15
"Tpbgl"	3.06541374338278e-19	4.32120781993529	0.018	0.001	3.8575166546729e-15
"Rapgef5"	3.28806524649748e-19	4.01558153737702	0.019	0.001	4.13770130619243e-15
"Lpcat4"	3.35300598404664e-19	-0.763544037039308	0.091	0.156	4.21942273032429e-15
"Smim26"	3.44368963805024e-19	0.574118008495373	0.253	0.174	4.33353904052243e-15
"Lgals3"	3.65997566073048e-19	0.36421878358333	0.992	0.997	4.60571337146323e-15
"Slc37a3"	3.72585772990118e-19	-1.03265042874447	0.051	0.102	4.68861936730765e-15
"Rgs14"	3.74317862600769e-19	-0.618786693425437	0.154	0.228	4.71041598296807e-15
"Raly"	3.84466094635879e-19	0.283349468050682	0.643	0.593	4.8381213348979e-15
"Gamt"	3.87159330718587e-19	0.995703004502905	0.111	0.059	4.8720130177627e-15
"Gm21860"	3.9989453051048e-19	1.41887889755816	0.068	0.028	5.03227277194388e-15
"Myc"	4.22216274801785e-19	0.889973093128642	0.137	0.077	5.31316960210566e-15
"Nuak2"	4.38785380787632e-19	-0.644009713506831	0.15	0.223	5.52167523183156e-15
"Selenoh"	4.55105674249128e-19	0.570667584154266	0.235	0.182	5.72704980475103e-15
"Derl1"	4.59160495735893e-19	-0.356448411331822	0.394	0.487	5.77807567834047e-15
"Lsr"	5.1126255488778e-19	-0.567116819035447	0.15	0.226	6.43372799070783e-15
"Eef1e1"	5.202249719129e-19	0.671913564026921	0.202	0.131	6.54651104655193e-15
"Mki67"	5.23356254336462e-19	2.16516834474792	0.039	0.011	6.58591510457004e-15
"Metap2"	5.3607781005877e-19	0.33531031652686	0.516	0.457	6.74600316177956e-15
"Clcf1"	5.43056711174638e-19	-1.13822379870201	0.03	0.072	6.83382565342164e-15
"Pdk3"	5.55641850315864e-19	-0.80011895965803	0.087	0.15	6.99219704437484e-15
"Cndp2"	5.56442914249383e-19	-0.256385269980058	0.753	0.792	7.00227763291424e-15
"Rab11fip5"	5.66888681935699e-19	0.660728682359897	0.205	0.133	7.13372717347883e-15
"Nab1"	6.25650669973009e-19	-0.673292001687624	0.133	0.2	7.87318803094035e-15
"Ddi2"	6.41802820938175e-19	-0.451845682749069	0.233	0.32	8.076446698686e-15
"Aldh9a1"	7.16138650728775e-19	-0.544072126526194	0.184	0.264	9.0118887807709e-15
"Grcc10"	7.18157304945581e-19	0.278120844854792	0.684	0.613	9.03729152543519e-15
"Tspan31"	7.50992673535034e-19	-0.361631130415093	0.387	0.48	9.45049180376487e-15
"Adss"	7.992508824121e-19	0.548264121092215	0.297	0.222	1.00577731042739e-14
"Cish"	8.57315954381245e-19	-1.13185427382628	0.046	0.092	1.07884639699336e-14
"Fam136a"	8.72590790999252e-19	0.812998903539947	0.146	0.087	1.09806825139346e-14
"Ubald2"	8.99986787195476e-19	-0.28353743597618	0.604	0.686	1.13254337300679e-14
"Eea1"	9.32432720551929e-19	0.54670177745169	0.288	0.216	1.17337333554255e-14
"Hspa1b"	9.60139881460621e-19	1.72427267754806	0.075	0.038	1.20824002683004e-14
"Cdk1"	9.90354015040115e-19	2.11811595455777	0.038	0.011	1.24626149252648e-14
"Cotl1"	9.99648497599406e-19	0.256974006181329	0.77	0.756	1.25795766937909e-14
"Coro2a"	1.07810249421886e-18	-0.675059921024914	0.1	0.165	1.35668417872502e-14
"Dtymk"	1.09119896751586e-18	0.657762309276396	0.202	0.142	1.37316478072195e-14
"Mrpl30"	1.15413579955907e-18	0.279700823895555	0.659	0.608	1.45236449016513e-14
"Sox4"	1.19392963435576e-18	-1.11986326158067	0.076	0.082	1.50244105187329e-14
"Ndufs4"	1.222642166032e-18	-0.351620103043881	0.418	0.504	1.53857290173467e-14
"Timm8a1"	1.22970139203892e-18	0.747714210767283	0.166	0.106	1.54745623174178e-14
"Anxa4"	1.31664998464225e-18	-0.271908222295262	0.568	0.657	1.65687234067381e-14
"Smpdl3a"	1.32857744774339e-18	-0.310385403720484	0.449	0.545	1.67188186024028e-14
"Nlrc3"	1.46879882225619e-18	2.07555549232973	0.035	0.008	1.84833643792719e-14
"Fcrlb"	1.47690188190168e-18	0.639226820265919	0.226	0.152	1.85853332818508e-14
"Babam2"	1.5342854856667e-18	-0.445958012006618	0.241	0.328	1.93074485516297e-14
"Ptpra"	1.59439073694797e-18	0.425901239227653	0.332	0.279	2.00638130337533e-14
"Snap23"	1.70433534249821e-18	-0.346076797439627	0.36	0.455	2.14473559499975e-14
"Ly86"	1.72643426562073e-18	0.338568379397564	0.657	0.604	2.17254487985713e-14
"Sec14l1"	1.73032736562487e-18	0.604851683011874	0.234	0.164	2.17744395690233e-14
"G6pdx"	1.74810185449925e-18	-0.530206061753189	0.197	0.278	2.19981137370185e-14
"Rab11b"	1.86737470798675e-18	-0.311814062867253	0.39	0.486	2.34990433253052e-14
"Tmem167"	1.91391364602575e-18	-0.289768092639015	0.562	0.639	2.40846893215881e-14
"Crtap"	2.24568657597209e-18	0.638430814050091	0.21	0.138	2.82597198720328e-14
"Rgcc"	2.27839079778265e-18	0.533563323820506	0.303	0.222	2.86712697992969e-14
"Nucks1"	2.3266958673367e-18	0.713253676587902	0.171	0.114	2.9279140794565e-14
"Specc1"	2.45926036844128e-18	0.906605982758769	0.124	0.069	3.09473324764651e-14
"Sccpdh"	2.48970597327931e-18	1.11942741043488	0.088	0.042	3.13304599677468e-14
"Set"	2.70927156386493e-18	0.436878295991148	0.378	0.308	3.40934733596763e-14
"Psmd3"	2.73563659311376e-18	-0.403378256410174	0.307	0.397	3.44252508877436e-14
"Tmem106a"	2.89688299781667e-18	0.34494470026242	0.544	0.486	3.6454375644525e-14
"Flii"	2.95331327188894e-18	-0.441848210324748	0.24	0.326	3.71644942134504e-14
"Dgkz"	3.03955295145675e-18	0.425574092021104	0.398	0.314	3.82497343411317e-14
"Mrpl57"	3.10042688732078e-18	0.418803562155536	0.384	0.313	3.90157719500447e-14
"Fbxo4"	3.10048877555715e-18	-0.716784472572282	0.109	0.173	3.90165507516111e-14
"Psmc4"	3.11195810958609e-18	-0.336291044851468	0.345	0.439	3.91608808510313e-14
"Got2"	3.27370647902153e-18	-0.412462067393034	0.315	0.402	4.11963223320069e-14
"Eif2s2"	3.32551450581763e-18	0.28801690486953	0.527	0.485	4.18482745412091e-14
"Fmnl1"	3.42605551682281e-18	-0.403813909439561	0.355	0.443	4.31134826236982e-14
"1700123O20Rik"	3.6139382303734e-18	-0.452385010545683	0.229	0.313	4.54777986910189e-14
"Rab37"	3.67971883668506e-18	-1.57179724941828	0.018	0.052	4.63055818408448e-14
"Slc8a1"	3.69540848843582e-18	-0.81806696866684	0.084	0.142	4.65030204184764e-14
"Sh2b2"	3.8133005394901e-18	-0.536922561166107	0.183	0.261	4.79865739889435e-14
"Abtb1"	3.94782982700876e-18	-0.794815976404196	0.083	0.143	4.96794905430783e-14
"Smchd1"	4.07584137559362e-18	-0.762714663609804	0.096	0.158	5.12903878704701e-14
"Maff"	4.11605354418155e-18	-0.631555823957598	0.145	0.217	5.17964177999807e-14
"Slc16a6"	4.21462939405633e-18	0.816088563250779	0.148	0.089	5.30368962948048e-14
"C1qtnf12"	4.22565830237846e-18	1.94150339376872	0.039	0.01	5.31756840771305e-14
"Bex6"	4.31533868523307e-18	-2.58044612730709	0.004	0.026	5.4304222014973e-14
"Bnip3l"	4.33171405407063e-18	0.33389672639849	0.543	0.501	5.45102896564248e-14
"Gng12"	4.65535989397187e-18	-0.392190324017437	0.337	0.425	5.8583048905742e-14
"1110002J07Rik"	4.73681017100421e-18	-2.55326129798085	0.004	0.027	5.96080191919169e-14
"Cyc1"	4.98984737295185e-18	-0.316800368747343	0.394	0.488	6.2792239341226e-14
"Dbp"	5.08403450529549e-18	2.20057811474975	0.034	0.008	6.39774902146385e-14
"Lrrfip1"	5.1534865425746e-18	-0.335066421185064	0.441	0.531	6.48514746517587e-14
"Lamc1"	5.3428643723015e-18	0.877717745167011	0.126	0.07	6.7234605261042e-14
"E2f1"	5.56666348306115e-18	0.879642622091504	0.127	0.074	7.00508932708415e-14
"Pkmyt1"	5.77187506566942e-18	2.92066989035156	0.024	0.003	7.2633275826384e-14
"Flt1"	6.16655903672081e-18	-1.18442758862948	0.032	0.074	7.75999789180946e-14
"Bcl2l11"	6.34178856825319e-18	-0.503560033208007	0.192	0.272	7.98050673428981e-14
"Baiap2"	6.64850035400491e-18	0.597324957598404	0.238	0.169	8.36647284547977e-14
"Itprip"	6.83416897663764e-18	-0.71967181524693	0.108	0.173	8.60011824020081e-14
"Ap1s3"	6.87135995231342e-18	-1.34389882509352	0.026	0.064	8.64691936399121e-14
"Ppt1"	7.12855689143597e-18	-0.300789781398617	0.503	0.591	8.97057599218302e-14
"Atp13a2"	7.79207874959114e-18	0.412845442096148	0.398	0.328	9.80555189848549e-14
"Fcor"	8.53108855945963e-18	-0.843632788435293	0.072	0.128	1.0735521843224e-13
"Itpr2"	8.69159470083691e-18	0.971693893376025	0.104	0.053	1.09375027715332e-13
"Zdhhc7"	8.89486880252602e-18	-0.573700189838332	0.162	0.236	1.11933029010987e-13
"Eed"	9.09704720415425e-18	-0.517689059783273	0.2	0.279	1.14477242017077e-13
"Gtf2i"	9.16016085852144e-18	1.03478059567227	0.096	0.048	1.15271464243634e-13
"Pltp"	9.30871159214758e-18	0.475834481358428	0.513	0.451	1.17140826675585e-13
"Gm8909"	9.45068794171462e-18	-0.507720514070669	0.208	0.286	1.18927457058537e-13
"Rbpj"	9.54357168250213e-18	0.408446420334191	0.418	0.347	1.20096306052607e-13
"Clec4a2"	9.75005033072556e-18	-0.282072938338306	0.481	0.573	1.2269463336185e-13
"Crip2"	1.02291078826919e-17	-1.19632675326558	0.04	0.082	1.28723093595795e-13
"Mfsd12"	1.03609911829934e-17	0.740525046591367	0.16	0.104	1.30382713046789e-13
"Tspan4"	1.03708290279519e-17	0.490650201682572	0.319	0.239	1.30506512487747e-13
"Tgfb1"	1.03735041599132e-17	-0.267976398595088	0.741	0.768	1.30540176348348e-13
"Mef2c"	1.07290140033382e-17	0.737863597612514	0.167	0.104	1.35013912218008e-13
"Egln1"	1.0854132984725e-17	0.650503223153938	0.209	0.141	1.36588409479779e-13
"Slc6a6"	1.11357481384488e-17	0.397635945661081	0.421	0.346	1.4013225457424e-13
"Mrfap1"	1.21232752786403e-17	0.275600842127184	0.645	0.585	1.52559296106409e-13
"Eno2"	1.2294881885405e-17	0.577708095592	0.252	0.187	1.54718793645936e-13
"Surf4"	1.26392652723834e-17	-0.331123028858732	0.452	0.539	1.59052514187672e-13
"Arhgef2"	1.27046042180717e-17	-0.448983812302871	0.23	0.313	1.59874739480215e-13
"Cyfip1"	1.27503019238023e-17	-0.338532705034241	0.409	0.5	1.60449799409128e-13
"Gm42418"	1.2800753283736e-17	0.325625634024363	1	1	1.61084679322534e-13
"Rab27a"	1.28594592638583e-17	-1.28811922918507	0.029	0.068	1.61823435376393e-13
"Ubl3"	1.37547575110614e-17	-0.296933118085	0.405	0.499	1.73089868519197e-13
"Xrn2"	1.55968612537289e-17	-0.384966619408026	0.284	0.372	1.96270902016924e-13
"H2-Q7"	1.60702391158905e-17	-0.431247041747611	0.235	0.319	2.02227889034366e-13
"Nisch"	1.65649600471197e-17	0.416010634281613	0.409	0.34	2.08453457232955e-13
"Dusp3"	1.75984070883928e-17	0.452636288324503	0.331	0.266	2.21458354800336e-13
"Mindy3"	1.84874675468558e-17	-0.675424954767464	0.114	0.179	2.32646291609633e-13
"Nr1d2"	1.92257244936131e-17	1.83262985563847	0.04	0.011	2.41936517027627e-13
"Impdh2"	2.01886565924517e-17	0.557750675461892	0.254	0.193	2.54054054559413e-13
"Cox4i2"	2.27301492036461e-17	1.06900881546343	0.114	0.063	2.86036197578682e-13
"Ccdc102a"	2.32872702004107e-17	-1.01521290859667	0.042	0.086	2.93047008201968e-13
"Cox7a1"	2.35898439243767e-17	1.01342390736819	0.092	0.045	2.96854595944357e-13
"Ttc39b"	2.38112478085665e-17	-0.64124468588699	0.129	0.197	2.99640742423001e-13
"Shkbp1"	2.40960557840844e-17	-0.647813564017513	0.124	0.191	3.03224765986918e-13
"Unc50"	2.59049492357592e-17	-0.457951358399923	0.229	0.311	3.25987881182794e-13
"Ang"	2.80360788953083e-17	1.24308284326428	0.066	0.027	3.5280601681856e-13
"Scimp"	2.82153954409774e-17	-0.504045023216708	0.22	0.3	3.55062536229259e-13
"Cenpb"	2.83084950483829e-17	0.531164380773332	0.277	0.203	3.56234101688851e-13
"Riok3"	3.04092534273484e-17	-0.314976862653777	0.424	0.515	3.82670045129752e-13
"Unc119"	3.34554360699547e-17	-0.437548480815005	0.276	0.358	4.2100320750431e-13
"Phf11a"	4.02319972711179e-17	-0.832468517883595	0.072	0.127	5.06279453659747e-13
"Sdhaf4"	4.04725957648374e-17	-0.4190557476314	0.241	0.325	5.09307145104714e-13
"Isyna1"	4.27954223596705e-17	0.783194177322309	0.145	0.093	5.38537594974094e-13
"Hacd1"	4.33206461959043e-17	1.15211795312752	0.078	0.036	5.4514701172926e-13
"Trim30c"	4.47972150951917e-17	-2.32936528605402	0.006	0.029	5.63728154757892e-13
"Sash3"	4.59078608807816e-17	-0.596374404343844	0.145	0.214	5.77704521323755e-13
"Gpnmb"	4.72052549747688e-17	0.839749894967991	0.033	0.009	5.9403092860249e-13
"Actr1a"	4.75981299928694e-17	-0.380353948692113	0.273	0.359	5.98974867830268e-13
"Slc36a4"	4.84538567262029e-17	1.00861758962726	0.094	0.047	6.09743333042537e-13
"Gm36172"	4.92484428911677e-17	0.875322733135937	0.109	0.058	6.19742405342454e-13
"Kazald1"	5.04446165891091e-17	-1.6700749629636	0.017	0.048	6.34795055157349e-13
"Ap2a2"	5.10710154687949e-17	-0.472386050508796	0.268	0.345	6.42677658659314e-13
"Mapk3"	5.13519581302027e-17	0.37044352162647	0.401	0.341	6.46213041110471e-13
"Stx12"	5.24872469631792e-17	-0.421279001945082	0.272	0.356	6.60499515784647e-13
"Plcg2"	5.28805680377575e-17	-0.444225652689213	0.233	0.315	6.6544906818714e-13
"Spc24"	5.30737907857101e-17	2.91240227436796	0.022	0.003	6.67880583247376e-13
"Cggbp1"	6.19169158394229e-17	-0.355887079348263	0.339	0.427	7.79162468923298e-13
"Stk38"	6.23416695931108e-17	-0.488230416622806	0.197	0.275	7.84507570159707e-13
"Tlnrd1"	6.23613516814498e-17	-0.541793774728567	0.158	0.231	7.84755249559365e-13
"Tcf4"	6.9730187595286e-17	0.5481505360437	0.257	0.187	8.77484680699079e-13
"Ube2d1"	7.12549754880654e-17	-0.457334128941893	0.16	0.229	8.96672611541815e-13
"Hdac9"	7.74544085338143e-17	-1.38976256569797	0.022	0.057	9.74686276989519e-13
"Chd1"	8.00680587455105e-17	-0.549011824979496	0.162	0.235	1.0075764512535e-12
"Tmem140"	8.14020899848622e-17	0.599248359739375	0.265	0.209	1.02436390036951e-12
"Spdl1"	8.23822241932203e-17	2.1264794274924	0.033	0.008	1.03669790924748e-12
"Tns1"	8.27945483331627e-17	1.91451766336996	0.038	0.01	1.04188659622452e-12
"Acot13"	8.32361756973476e-17	0.540921141075854	0.255	0.183	1.04744403497542e-12
"Zfand3"	8.69437796701668e-17	-0.253659559963529	0.417	0.508	1.09410052336938e-12
"Mrps26"	8.80115258956617e-17	0.443100124955798	0.322	0.255	1.10753704187101e-12
"Tgm1"	8.82518477965672e-17	-1.10192766947902	0.031	0.07	1.110561252672e-12
"Spg20"	8.84875376381142e-17	0.808336942336529	0.131	0.075	1.11352717363803e-12
"Ube2f"	9.02636648116451e-17	-0.364021359576501	0.342	0.43	1.13587795798974e-12
"Oas2"	9.04966941795899e-17	-0.84612938701787	0.068	0.121	1.13881039955596e-12
"Endog"	9.05386053795394e-17	1.01305414014577	0.091	0.045	1.13933781009612e-12
"Eif4b"	9.14590061151695e-17	0.306834788341016	0.483	0.438	1.15092013295329e-12
"Cfap298"	9.61337534918547e-17	1.03923487542571	0.089	0.045	1.2097471539415e-12
"Copz1"	1.02257973850143e-16	-0.372539387414278	0.34	0.426	1.28681434293019e-12
"Exosc3"	1.04135045602656e-16	-0.538048204034347	0.171	0.244	1.31043541386382e-12
"Mta3"	1.05426067366061e-16	-0.551568986888402	0.169	0.241	1.32668163173451e-12
"Pttg1"	1.05833981430906e-16	1.01450046198669	0.099	0.065	1.33181482232652e-12
"Lyz1"	1.11460630677092e-16	-0.892885008438009	0.051	0.099	1.40262057644052e-12
"Tcf12"	1.19038796147113e-16	0.921837591783893	0.105	0.056	1.49798421071527e-12
"Polr2a"	1.23405521608938e-16	0.466987385862952	0.277	0.237	1.55293508392688e-12
"Sh2d1b1"	1.31073731755894e-16	1.17974628261667	0.072	0.032	1.64943184041617e-12
"Stxbp3"	1.31744406637943e-16	-0.700622576420576	0.106	0.167	1.65787161313188e-12
"Rpn1"	1.3286834132943e-16	-0.312369327889179	0.375	0.465	1.67201520728955e-12
"Mfsd13a"	1.33141043658037e-16	-0.77275170765034	0.081	0.137	1.67544689339274e-12
"Ginm1"	1.39999874151379e-16	-0.447723249152191	0.252	0.332	1.76175841632096e-12
"Mxd4"	1.43481987922328e-16	0.747927124261766	0.136	0.08	1.80557733601457e-12
"Pglyrp1"	1.4824572605945e-16	-2.56225008120811	0.005	0.026	1.86552421673212e-12
"Zfp395"	1.48742483168607e-16	0.991467277937626	0.089	0.044	1.87177540819375e-12
"Ptov1"	1.59097241110973e-16	0.599593948495994	0.215	0.15	2.00207968214049e-12
"Tmem86a"	1.59765467857255e-16	0.422697490875922	0.402	0.334	2.0104886475157e-12
"Use1"	1.70377522648779e-16	0.500557300682237	0.283	0.213	2.14403074501223e-12
"Slc39a1"	1.8556797906736e-16	-0.494367608927286	0.212	0.284	2.33518744858366e-12
"Fam43a"	1.8648198048588e-16	-1.26335118615567	0.031	0.067	2.34668924243431e-12
"Parp8"	1.8956340374671e-16	-0.910943140608375	0.056	0.105	2.38546587274859e-12
"Hspa1a"	2.22062952394486e-16	1.05055017289847	0.179	0.154	2.79444019293222e-12
"Pitpnc1"	2.29703055629273e-16	0.852731061694983	0.123	0.071	2.89058325203877e-12
"Arrdc1"	2.33995863933584e-16	-0.487528332520678	0.205	0.282	2.94460395174022e-12
"Ankrd50"	2.3638238873827e-16	1.15961248967444	0.076	0.036	2.97463597988239e-12
"Eya4"	2.3930432881421e-16	1.94072754269281	0.035	0.009	3.01140567379802e-12
"Crym"	2.44251195903827e-16	3.06055606541249	0.02	0.002	3.07365704925375e-12
"Hdac5"	2.46490617022672e-16	-0.502337362818182	0.199	0.274	3.1018379246133e-12
"Sec61a1"	2.472457413078e-16	-0.407564093617493	0.29	0.372	3.11134040861735e-12
"Nt5c"	2.61468636674174e-16	-0.295585097158255	0.324	0.41	3.2903213239078e-12
"Grb2"	2.64115500435629e-16	0.322812443806224	0.459	0.427	3.32362945748195e-12
"Ppm1m"	2.68242296721561e-16	-0.464085624836042	0.226	0.303	3.37556106194413e-12
"Ndufa12"	2.75977450401281e-16	0.32662809571954	0.494	0.436	3.47290023584972e-12
"Nsf"	3.0653561176981e-16	-0.540813463718053	0.171	0.243	3.85744413851128e-12
"Arap3"	3.08126325441443e-16	1.04304388924823	0.086	0.042	3.87746167935512e-12
"Ephx1"	3.15898573271915e-16	2.87460024165557	0.021	0.003	3.97526764605377e-12
"Pex5"	3.2121381489943e-16	-0.588150767363971	0.123	0.188	4.04215464669443e-12
"Pnpla2"	3.33311551071694e-16	-0.38067243256502	0.291	0.375	4.19439255868619e-12
"Tm9sf2"	3.38205996303312e-16	-0.399949807052043	0.241	0.321	4.25598425748088e-12
"Rab35"	3.44643465355482e-16	-0.453882022613288	0.225	0.304	4.33699336803339e-12
"Dnajc10"	3.55449854853519e-16	-0.517196789097788	0.19	0.258	4.47298097347669e-12
"Sept8"	3.6897434318662e-16	0.699193175196845	0.158	0.103	4.64317313466043e-12
"Mettl1"	3.97337495608261e-16	0.879890995857594	0.112	0.062	5.00009504473436e-12
"Tmco6"	4.12219931595251e-16	-0.794895069358954	0.081	0.135	5.18737561919464e-12
"Gadd45gip1"	4.17950357870388e-16	0.72357890737797	0.15	0.096	5.25948730344096e-12
"Papss2"	4.18081204379163e-16	-1.4989711424799	0.018	0.05	5.26113387590739e-12
"Gm26917"	4.37104892550583e-16	0.532181358237812	0.478	0.455	5.50052796785654e-12
"Tmem30a"	4.39749357722708e-16	-0.278221357574352	0.405	0.495	5.53380591758256e-12
"Ggct"	4.5189656650933e-16	-0.98977852467015	0.045	0.089	5.68666639295341e-12
"Chmp1b"	4.65025059282143e-16	0.495895212485444	0.202	0.173	5.85187534600649e-12
"Psen1"	4.6793008116081e-16	-0.468746913122096	0.222	0.296	5.88843214132764e-12
"Prm1"	4.80959744902327e-16	-2.29022689214706	0.005	0.027	6.05239742985088e-12
"Snhg1"	5.01691771905768e-16	0.548207455067503	0.265	0.201	6.31328925766219e-12
"Rgl1"	5.04681480425093e-16	-0.309328725818083	0.196	0.266	6.35091174966937e-12
"Ndufb11"	5.09151319452731e-16	0.265658918319485	0.632	0.576	6.40716020399317e-12
"Gpr15"	5.30333765415354e-16	-3.52069343552442	0.001	0.017	6.67372010398681e-12
"4931428F04Rik"	5.30592407255895e-16	1.21444781961646	0.063	0.027	6.67697485290818e-12
"Dck"	5.83006077820784e-16	-0.644432188008755	0.125	0.187	7.33654848329675e-12
"Fut7"	5.93631524379874e-16	-1.14284042677238	0.034	0.071	7.47025910279633e-12
"Mrto4"	6.06296300654733e-16	0.582357156849383	0.214	0.146	7.62963264743916e-12
"Nob1"	6.61189862598629e-16	0.753134941294166	0.142	0.088	8.32041323094115e-12
"Dnajc19"	6.83672273520315e-16	0.301210571685373	0.523	0.463	8.60333188997964e-12
"Atxn10"	7.04283650548604e-16	0.48008247160222	0.299	0.234	8.86270545850364e-12
"Tnfrsf1b"	7.14235754331441e-16	-0.29533945170591	0.35	0.436	8.98794273250685e-12
"Plscr1"	7.49967710683288e-16	-0.62655505708876	0.125	0.188	9.43759367123849e-12
"Cdk6"	7.63087485868861e-16	0.615452735672123	0.198	0.135	9.60269292217375e-12
"Ifi208"	7.71012026811949e-16	-1.38398021310397	0.02	0.053	9.70241534540156e-12
"Actr2"	7.77211217799587e-16	-0.286849004767141	0.48	0.567	9.78042596479001e-12
"Snf8"	7.83557132826502e-16	-0.339824062334581	0.33	0.416	9.8602829594887e-12
"Arhgap27os2"	7.91583709293368e-16	0.993879737305334	0.094	0.049	9.96128939774775e-12
"Cmtm4"	8.17542674318103e-16	1.43510400153574	0.051	0.02	1.0287957013619e-11
"Wasf2"	8.25355402568446e-16	0.30603140079122	0.461	0.414	1.03862723859213e-11
"Pnkp"	8.93021559860455e-16	-0.474976541032796	0.204	0.279	1.1237783309284e-11
"Ywhag"	8.95231639707368e-16	-0.258851159629569	0.493	0.581	1.12655949540775e-11
"Tmx4"	9.08158752143043e-16	0.615214229878634	0.194	0.129	1.14282697369680e-11
"Arfgef1"	9.71266577854936e-16	-0.615333582211488	0.133	0.195	1.22224186157265e-11
"Nop16"	9.89399594225313e-16	0.619444932908211	0.192	0.128	1.24506044937313e-11
"Chst11"	1.01796168819092e-15	-1.08746068502012	0.038	0.079	1.28100298841945e-11
"Prkar2b"	1.02016266010192e-15	-0.971573929292559	0.045	0.089	1.28377269147226e-11
"Rdh12"	1.02038133084344e-15	-1.66596143073022	0.011	0.038	1.28404786673338e-11
"Krt80"	1.10657869908019e-15	-0.652110899533	0.116	0.178	1.39251863492251e-11
"Slco3a1"	1.11494632648912e-15	-1.25370101612195	0.028	0.062	1.40304845725391e-11
"Rai1"	1.1262442849148e-15	0.938817237061818	0.1	0.055	1.41726580813678e-11
"Nolc1"	1.16927473605157e-15	0.754860997381478	0.142	0.09	1.47141532784729e-11
"H2-T24"	1.18648278229485e-15	-0.870572764797847	0.062	0.112	1.49306993323984e-11
"B9d2"	1.27247437221479e-15	-0.542844682035516	0.164	0.233	1.6012817499951e-11
"Xpot"	1.29082268161737e-15	1.04356028660862	0.083	0.041	1.6243712625473e-11
"Nhsl2"	1.32030742029084e-15	-1.63806968578522	0.013	0.041	1.66147485769399e-11
"Sigmar1"	1.34781204941413e-15	0.41657166551933	0.328	0.273	1.69608668298275e-11
"Castor2"	1.3815938850417e-15	-0.794864323283137	0.075	0.127	1.73859774493647e-11
"Npc1"	1.40936722292893e-15	0.609371210895102	0.196	0.132	1.77354771333377e-11
"Dnmt3a"	1.44861000195674e-15	1.13802148085833	0.074	0.035	1.82293082646236e-11
"Ldlrad4"	1.62214118603019e-15	1.68431752717027	0.04	0.012	2.04130246850039e-11
"Gm13986"	1.68690158069071e-15	-2.47382683048645	0.004	0.024	2.1227969491412e-11
"Tm2d2"	1.73776949786769e-15	-0.286533295337281	0.404	0.492	2.1868091361167e-11
"Frmd8"	1.77016311193181e-15	-0.540786969826829	0.152	0.22	2.22757326005499e-11
"Pde3b"	1.83588007688028e-15	0.641153958147909	0.18	0.118	2.31027148874615e-11
"Rabggtb"	1.88724041970756e-15	0.52225533887338	0.252	0.187	2.37490334416e-11
"Cenpa"	1.90887434617195e-15	0.85618796303571	0.109	0.083	2.40212747722279e-11
"Rnd1"	1.99174146564445e-15	-1.25370101612195	0.026	0.061	2.50640746036698e-11
"Bbc3"	2.00451526258114e-15	0.807909329319254	0.135	0.085	2.52248200643211e-11
"Hnrnpd"	2.04393601086066e-15	-0.360616220038458	0.229	0.304	2.57208907606706e-11
"Tex264"	2.27556639647524e-15	0.374588916263311	0.411	0.341	2.86357275332445e-11
"Gm16587"	2.36973527895249e-15	-4.57562911100931	0	0.013	2.98207487503382e-11
"Nrp2"	2.43630925175586e-15	0.443536269980802	0.245	0.175	3.06585156240958e-11
"Ckap4"	2.51355238244372e-15	-0.393275465129814	0.233	0.31	3.16305431806718e-11
"Tut7"	2.55177460805799e-15	-0.446657792248743	0.231	0.307	3.21115316678018e-11
"Map3k8"	2.64271674565734e-15	-0.514005085389343	0.138	0.204	3.3255947527352e-11
"B3gnt2"	2.65159042944532e-15	-0.349203611619396	0.218	0.291	3.33676139641399e-11
"Mbd2"	2.66785782686553e-15	-0.476568540986369	0.206	0.28	3.35723228932758e-11
"Ctnnb1"	2.69471242280678e-15	-0.30174247851361	0.385	0.471	3.39102611286005e-11
"CAAA01147332.1"	2.77285257021783e-15	0.329886150901681	0.495	0.433	3.48935767436211e-11
"Zdhhc2"	2.80665056118883e-15	1.6891967464097	0.038	0.011	3.53188906620002e-11
"Smap1"	2.87098390113007e-15	-0.268213268794639	0.4	0.487	3.61284614118208e-11
"Thbd"	2.97636636709054e-15	-0.967842175942106	0.063	0.108	3.74545943634673e-11
"Il12rb1"	3.00053670854737e-15	-0.893933115208914	0.054	0.1	3.77587539403602e-11
"Fbl"	3.0170187853994e-15	0.437718446043695	0.338	0.265	3.79661643954661e-11
"Kank3"	3.08667388663433e-15	-0.728728738206363	0.089	0.143	3.88427041894064e-11
"Gmppb"	3.09637571158806e-15	-0.72991216261148	0.089	0.142	3.89647919546241e-11
"Usp18"	3.12513987300226e-15	-0.616516706607349	0.119	0.181	3.93267601618605e-11
"Rasal2"	3.1285851736399e-15	1.6993457364026	0.039	0.013	3.93701158250845e-11
"Rsl1d1"	3.16164472061414e-15	0.531046921376492	0.231	0.171	3.97861371642083e-11
"Bambi"	3.20097516016502e-15	-0.717925097819449	0.098	0.155	4.02810714155166e-11
"Atf7ip"	3.33908673918531e-15	-0.574877085746313	0.133	0.198	4.2019067525908e-11
"Tnfrsf18"	3.36878144060902e-15	-2.51965290533803	0.003	0.022	4.23927456486239e-11
"Gm34425"	3.45701053015079e-15	-1.72318629942317	0.011	0.037	4.35030205114175e-11
"Rnf6"	3.60136212718761e-15	-0.494962657416187	0.174	0.244	4.53195410085289e-11
"Nsmce1"	3.89531688373048e-15	-0.545937957174995	0.157	0.224	4.90186676648644e-11
"Ddhd1"	4.04816482434386e-15	-0.908526576742329	0.045	0.087	5.09421061495431e-11
"Insl6"	4.09830537113027e-15	-0.51748146897759	0.191	0.258	5.15730747903033e-11
"Tnni2"	4.17582770715491e-15	-0.644592428069088	0.127	0.188	5.25486158668374e-11
"Nudt19"	4.17871838684797e-15	0.540794446254916	0.229	0.162	5.25849921800949e-11
"Rnf149"	4.29835231177401e-15	-0.36921192161362	0.485	0.54	5.40904654913642e-11
"Dnaja1"	4.33677795351418e-15	-0.348837572980737	0.357	0.438	5.45740137670224e-11
"Tgif1"	4.39094530148088e-15	-0.313368971959503	0.386	0.471	5.52556556738354e-11
"Dkkl1"	4.39686207660088e-15	-3.01864218294934	0.002	0.018	5.53301123719454e-11
"Reps2"	4.43515708301662e-15	1.71592533483454	0.036	0.011	5.58120167326812e-11
"Med10"	4.47794493692726e-15	-0.332837958986722	0.368	0.45	5.63504590862926e-11
"Gm33424"	4.51738149867022e-15	-2.70590830799133	0.002	0.018	5.6846728779266e-11
"Pgs1"	4.68082388910284e-15	-0.342853393858728	0.347	0.43	5.89034878204702e-11
"Il21r"	4.7366108640251e-15	0.710870631710275	0.151	0.096	5.96055111128919e-11
"Mtap"	4.76102035290277e-15	0.798582374810796	0.122	0.072	5.99126801209285e-11
"Slain2"	4.98531670544413e-15	0.607116692021667	0.188	0.131	6.27352254213089e-11
"Hal"	5.10247070795209e-15	0.353255273763639	0.472	0.456	6.42094913888691e-11
"Emp1"	5.17151102236019e-15	0.276455133396937	0.702	0.642	6.50782947053806e-11
"Prkcq"	5.34457858688972e-15	-4.8386635168431	0	0.012	6.72561769374203e-11
"Ciapin1"	5.40802973191745e-15	-0.400203217255966	0.212	0.286	6.80546461464492e-11
"Timm9"	6.28689881673617e-15	0.805385019447592	0.119	0.07	7.91143347098079e-11
"Gadd45b"	6.66317918558997e-15	-0.292980576401821	0.239	0.316	8.38494468714642e-11
"L1cam"	6.85105233088054e-15	1.01622247067137	0.081	0.04	8.62136425318007e-11
"Gramd3"	6.99142414543666e-15	-0.786005691690535	0.074	0.125	8.7980081446175e-11
"Dhrs9"	7.00507209077217e-15	1.51203016227087	0.045	0.016	8.81518271902769e-11
"Fam110a"	7.04679869565116e-15	-0.605709830352934	0.131	0.193	8.86769147860742e-11
"Stk4"	7.07208093233844e-15	-0.542946242371551	0.153	0.219	8.89950664525469e-11
"Mri1"	7.17118707374859e-15	1.17211632191014	0.065	0.029	9.02422181360523e-11
"Ndufb5"	7.21865741055755e-15	0.269511210877935	0.606	0.542	9.08395848544562e-11
"Scarb2"	7.35545813972869e-15	-0.341108061149244	0.3	0.382	9.25610852303458e-11
"Rela"	7.512168210624e-15	-0.399832851176765	0.278	0.355	9.45331247624924e-11
"Map4k3"	7.664483249521e-15	0.899705656930312	0.1	0.055	9.64498572119722e-11
"Fabp7"	7.89077130198674e-15	-0.855250545814886	0.056	0.102	9.92974660642012e-11
"Gm12606"	7.96528936408208e-15	-2.49186075331671	0.003	0.021	1.00235201357609e-10
"Cmtm6"	8.14107871767599e-15	-0.468273238144805	0.191	0.262	1.02447334583235e-10
"Dcp2"	8.40373809991388e-15	-0.573696413589646	0.141	0.204	1.05752640249316e-10
"Nit2"	8.50799872245109e-15	0.861776201297989	0.103	0.056	1.07064655923325e-10
"Morc3"	9.21812464513926e-15	-0.498555405890719	0.168	0.236	1.16000880534432e-10
"Mcm7"	9.25903058727123e-15	1.08416862263444	0.077	0.041	1.16515640910221e-10
"Rasgrp2"	9.44816342105382e-15	-0.528223638587371	0.135	0.198	1.18895688490541e-10
"Srpk2"	9.4671917988771e-15	0.799145213027586	0.12	0.07	1.19135141597069e-10
"Smim14"	1.0333369979439e-14	0.285709138713901	0.47	0.428	1.3003512782126e-10
"Dpy30"	1.03882939689221e-14	0.461658121854885	0.276	0.213	1.30726291304916e-10
"Psmd13"	1.04384573239043e-14	-0.30659882450813	0.371	0.455	1.31357546964011e-10
"Spsb1"	1.10513517783765e-14	0.800375656633846	0.101	0.056	1.39070210779089e-10
"Me2"	1.10949790743792e-14	-0.364284608896715	0.265	0.344	1.39619216671988e-10
"2610002M06Rik"	1.21723380048888e-14	-0.69893875317649	0.092	0.145	1.5317670145352e-10
"Scoc"	1.30089023756636e-14	0.747464125595404	0.133	0.082	1.63704027495351e-10
"Dna2"	1.31298990020032e-14	-0.971573929292559	0.046	0.086	1.65226649041208e-10
"Ecscr"	1.3410789511179e-14	2.3978291015382	0.026	0.006	1.68761375208676e-10
"Rnaseh1"	1.43240358613142e-14	-0.542961544609999	0.15	0.214	1.80253667278777e-10
"Trim16"	1.46017898970717e-14	-1.19267158272439	0.027	0.062	1.83748924064751e-10
"Tmem165"	1.47618077491921e-14	-0.506358764604243	0.157	0.224	1.85762588715833e-10
"Bcl2a1a"	1.51697007157135e-14	0.25119764324545	0.322	0.251	1.90895513806539e-10
"Snap29"	1.57636299137526e-14	-0.433300673939942	0.214	0.287	1.98369518834662e-10
"Gm28935"	1.62884645624582e-14	-3.79357562731456	0.001	0.014	2.04974038053974e-10
"Mfsd1"	1.69437020024712e-14	-0.27737611696385	0.485	0.564	2.13219545999098e-10
"Mob3c"	1.70101545071414e-14	-0.745641150250862	0.07	0.119	2.14055784317867e-10
"Pcnx"	1.75359431997643e-14	0.698756292464872	0.159	0.104	2.20672309225834e-10
"Rora"	1.78705957409241e-14	1.38039620719045	0.05	0.02	2.24883576803789e-10
"Tpm1"	1.93237558318643e-14	0.629887398617623	0.211	0.157	2.43170143388181e-10
"Snx7"	1.97228858121352e-14	0.930638059442794	0.092	0.053	2.4819279505991e-10
"Nhlrc3"	1.97527201057581e-14	0.69099423811923	0.148	0.096	2.4856822981086e-10
"Neat1"	1.98296763284257e-14	0.306516092498172	0.528	0.524	2.49536646916909e-10
"Pabpc4"	2.19250388012896e-14	1.02201214657187	0.078	0.039	2.75904688275429e-10
"Paqr7"	2.37642041317467e-14	0.826751072058144	0.109	0.062	2.99048744793901e-10
"Prmt2"	2.41608738639064e-14	0.518461389562653	0.24	0.177	3.04040436703398e-10
"Hsd3b7"	2.53266582724485e-14	0.376765796425599	0.385	0.324	3.18710667700492e-10
"Nle1"	2.65027416608531e-14	1.10970371474158	0.067	0.032	3.33510501060175e-10
"Nfe2l2"	2.66147781867686e-14	-0.341744060365224	0.424	0.492	3.34920368702296e-10
"Snhg20"	2.69487040838074e-14	0.808942754498202	0.114	0.066	3.39122492190633e-10
"Lrch4"	2.72101831866655e-14	-0.466898726029958	0.201	0.271	3.42412945220998e-10
"Atrip"	2.75146197716135e-14	-0.760769482231323	0.069	0.118	3.46243975205984e-10
"Tmem141"	2.96515282467593e-14	0.506993796015027	0.238	0.176	3.73134831457219e-10
"Cdca7"	2.98076438096984e-14	2.20660469829543	0.026	0.005	3.75099389701244e-10
"4930440I19Rik"	3.13557616520864e-14	3.6483725631888	0.015	0.001	3.94580904629855e-10
"Mgst2"	3.24330805755726e-14	-1.31386245133872	0.023	0.054	4.08137885963006e-10
"Rnf144b"	3.25937637698874e-14	1.65494521711228	0.043	0.016	4.10159923280264e-10
"Etv5"	3.2633039259089e-14	0.652057609996652	0.168	0.112	4.10654166036377e-10
"Ccdc88c"	3.26586964638038e-14	-2.87518939286822	0.002	0.018	4.10977036300507e-10
"Tbc1d10c"	3.30123368114286e-14	-1.21622631070328	0.021	0.052	4.15427246435018e-10
"Cebpa"	3.50077542367191e-14	0.342715637475918	0.478	0.424	4.40537579314873e-10
"Fcgrt"	3.55657151296783e-14	0.455724192027367	0.351	0.295	4.47558959191872e-10
"Pdp1"	3.58498091722336e-14	1.19242151328646	0.064	0.03	4.51133998623388e-10
"Rbm8a"	3.63197481218232e-14	-0.373522204235395	0.291	0.367	4.57047710365023e-10
"Flvcr1"	3.68942857007614e-14	0.990838774352102	0.082	0.043	4.64277691258382e-10
"Gar1"	3.83166209918179e-14	0.72464638433447	0.137	0.087	4.82176358561036e-10
"Lrrc42"	4.07139082512105e-14	-0.617620543777233	0.113	0.171	5.12343821433233e-10
"Kdr"	4.25355823853161e-14	1.71975719642556	0.034	0.01	5.35267768736818e-10
"Ube2n"	4.37324527635043e-14	-0.277909250270282	0.45	0.531	5.50329185575938e-10
"Plxna4os1"	4.78227112473936e-14	1.08277538733457	0.07	0.033	6.018009983372e-10
"Optn"	4.96122588888668e-14	1.17746335621121	0.065	0.031	6.243206658575e-10
"H2afv"	5.29059324266085e-14	0.33278251272206	0.344	0.315	6.65768253656442e-10
"Iqsec1"	5.38096066258092e-14	0.568044998241279	0.184	0.14	6.77140089779183e-10
"Sept9"	5.38479894920685e-14	-0.341409779484402	0.316	0.395	6.77623099768189e-10
"Derl2"	5.55871945655935e-14	-0.400520441778285	0.255	0.327	6.99509256413429e-10
"Ocel1"	5.61042697607982e-14	-0.310441652320934	0.337	0.418	7.06016130669884e-10
"Tacc3"	6.01079082453906e-14	1.77665958766004	0.035	0.011	7.56397917359995e-10
"Ciart"	6.18947641993388e-14	1.36823672834043	0.053	0.023	7.78883712684479e-10
"Tns3"	6.41545530467805e-14	0.47745156927276	0.265	0.197	8.07320895540686e-10
"Glrx5"	6.53764591943074e-14	0.364092442415083	0.337	0.288	8.22697362501165e-10
"Mxi1"	6.62966043912108e-14	0.533111774914751	0.224	0.161	8.34276469658997e-10
"Rnf126"	6.94856173871411e-14	0.523779737782974	0.225	0.171	8.74407009199784e-10
"Gpr171"	6.95052727786817e-14	-0.808831326503345	0.079	0.125	8.74654352646931e-10
"Dennd1a"	6.96152361966901e-14	-0.511033062591557	0.165	0.23	8.76038132299149e-10
"Tpst1"	7.05754747132551e-14	-0.586158049945654	0.121	0.18	8.88121773791603e-10
"Mrpl42"	7.14057818219896e-14	0.308335087749702	0.416	0.373	8.98570358447918e-10
"Procr"	7.47956059007648e-14	-1.12694387383601	0.058	0.099	9.41227904655224e-10
"Tspyl1"	7.51616642760094e-14	-0.530443215635762	0.141	0.203	9.45834383249302e-10
"Ccni"	7.51687275628356e-14	0.387737353173662	0.367	0.299	9.45923267650723e-10
"Zcchc14"	7.55424867367961e-14	2.50563239107271	0.021	0.004	9.50626653095843e-10
"Atg4d"	7.59316294033926e-14	-0.606158781902915	0.117	0.174	9.55523624412292e-10
"Tmed3"	7.86910158898577e-14	0.28763429400291	0.514	0.472	9.90247743957969e-10
"Stard13"	7.8722364890643e-14	2.01610434768928	0.028	0.007	9.90642239783851e-10
"Calcrl"	8.3982603670859e-14	1.35597323809596	0.048	0.019	1.05683708459409e-09
"Rhbdf2"	8.70307568776437e-14	-0.436498626680172	0.221	0.292	1.09519504454827e-09
"Smndc1"	8.9941438502627e-14	-0.356632935255363	0.297	0.374	1.13182306211706e-09
"Chchd6"	9.06036390224351e-14	0.653590272459815	0.161	0.106	1.14015619345832e-09
"Rps6ka4"	9.12051005029579e-14	-0.407710602138173	0.232	0.305	1.14772498472922e-09
"Mapkapk3"	9.29563401266047e-14	-0.435551382089682	0.184	0.252	1.16976258415319e-09
"Sfi1"	9.52553344136211e-14	-0.318169602718318	0.354	0.434	1.19869312826101e-09
"Aip"	9.58294996262414e-14	-0.346470259665523	0.311	0.389	1.20591842329662e-09
"Tmem176b"	9.66481645887089e-14	-0.84302606942917	0.04	0.079	1.21622050318431e-09
"Map4k2"	9.8802335956998e-14	-0.892676819597058	0.051	0.093	1.24332859568286e-09
"Ddx58"	1.09621172266986e-13	-0.728293189856255	0.076	0.125	1.37947283180776e-09
"Lmbr1l"	1.14818788688216e-13	-0.675575945454344	0.086	0.138	1.44487963685251e-09
"Zfp931"	1.21245388965002e-13	1.10740092887215	0.066	0.031	1.52575197473558e-09
"5830428M24Rik"	1.22449264995374e-13	-1.8891962508621	0.008	0.03	1.54090155070178e-09
"Abtb2"	1.23082256260867e-13	-0.870794278910306	0.054	0.097	1.54886711278674e-09
"Tbcb"	1.23449774083985e-13	-0.284608510121042	0.428	0.509	1.55349195707286e-09
"Atp23"	1.25374385639191e-13	1.21429261601878	0.058	0.026	1.57771126888358e-09
"Uchl3"	1.26855683801543e-13	0.521801650993174	0.217	0.16	1.59635192495862e-09
"Rnf31"	1.27383690305571e-13	-0.639701313920086	0.103	0.156	1.6029963588053e-09
"Naa35"	1.30937589906131e-13	-0.655923072518488	0.093	0.146	1.64771863137875e-09
"Cdkn3"	1.34741961416546e-13	2.6561920676481	0.02	0.003	1.69559284246581e-09
"Gm16096"	1.42696613923262e-13	-0.648418531021195	0.097	0.15	1.79569418961033e-09
"Etf1"	1.43576483423497e-13	-0.320942912360375	0.359	0.438	1.80676646740129e-09
"Marveld1"	1.52178006541542e-13	1.67333111188488	0.035	0.011	1.91500803431876e-09
"Pxdc1"	1.55971510958501e-13	2.54360024127174	0.016	0.002	1.96274549390178e-09
"Clec10a"	1.60442498691772e-13	-1.10931110678677	0.022	0.052	2.01900840353726e-09
"Hsph1"	1.61073250719862e-13	0.914517663369963	0.118	0.074	2.02694578705874e-09
"Cyb561a3"	1.64018222251921e-13	-0.639743847666066	0.085	0.136	2.06400530881817e-09
"Per1"	1.67154937479506e-13	-0.425085088470738	0.222	0.291	2.1034777332421e-09
"Sec11c"	1.78070688339604e-13	0.278299071597172	0.575	0.518	2.24084154206557e-09
"Plekhg3"	1.78121937201916e-13	-0.602170898461801	0.099	0.152	2.24148645774891e-09
"Msrb2"	1.78537222654101e-13	1.95197401026957	0.028	0.007	2.2467124098792e-09
"Myof"	1.98105256584648e-13	-0.366848173749973	0.262	0.336	2.49295654886121e-09
"Npepl1"	2.01911248391219e-13	0.63271768118791	0.16	0.106	2.5408511497551e-09
"Chtf8"	2.02419294536261e-13	-0.503901126845244	0.155	0.218	2.54724440244431e-09
"Slc12a7"	2.03959151486473e-13	0.849703368997414	0.097	0.054	2.56662196230578e-09
"Banf1"	2.05521340934401e-13	0.283983455124985	0.493	0.446	2.58628055431851e-09
"Cd33"	2.07865176598431e-13	0.440607392149436	0.192	0.134	2.61577538231465e-09
"Gm26626"	2.08340388003236e-13	1.75074488890925	0.035	0.011	2.62175544263272e-09
"Abhd6"	2.18176705012339e-13	-1.25686829520063	0.022	0.052	2.74553565587527e-09
"Notch4"	2.30215390267563e-13	0.808138237695917	0.104	0.06	2.89703047112701e-09
"Atp1a3"	2.31598964388883e-13	-0.51838673275131	0.153	0.215	2.9144413678697e-09
"Slc9b2"	2.32482535340243e-13	2.94923904254833	0.017	0.002	2.92556022472162e-09
"Twistnb"	2.34618238635361e-13	-0.415204487535398	0.188	0.255	2.95243591498738e-09
"Gm2629"	2.36064490481729e-13	-2.80118881142444	0.002	0.017	2.97063554822208e-09
"4930459C07Rik"	2.3998568651143e-13	-1.40395735413676	0.018	0.046	3.01997987905984e-09
"Hectd1"	2.49759391676002e-13	-0.332443012142517	0.243	0.314	3.14297218485081e-09
"Rrp15"	2.49861543411698e-13	0.704464196467875	0.132	0.083	3.14425766229281e-09
"Rusc2"	2.5000826759385e-13	0.815647030568789	0.108	0.064	3.14610403940101e-09
"Ddah2"	2.51068454736789e-13	0.803066893999531	0.114	0.069	3.15944543440776e-09
"Cd300lg"	2.55425908820577e-13	-3.26750681564698	0.002	0.015	3.21427963659814e-09
"Ago2"	2.58955405786701e-13	0.38156609039836	0.249	0.222	3.25869482641985e-09
"Gm16548"	2.87791132347031e-13	-3.56448855340411	0	0.01	3.62156360945504e-09
"Rgs11"	2.91263147914927e-13	1.06652075681501	0.066	0.031	3.66525545336144e-09
"Mapk9"	3.01107629820393e-13	-0.470299848965456	0.166	0.231	3.78913841365982e-09
"Plxnc1"	3.04913772627329e-13	1.06988439662819	0.069	0.033	3.83703491474231e-09
"Ublcp1"	3.07509169095021e-13	-0.739769183618771	0.071	0.118	3.86969538389175e-09
"Smpd5"	3.08752699023598e-13	-0.765792470801026	0.074	0.118	3.88534396451296e-09
"Naa20"	3.16368593940617e-13	0.37115964191064	0.356	0.299	3.98118238614872e-09
"Gtpbp2"	3.24254658367089e-13	-0.426915564115441	0.181	0.247	4.08042062089144e-09
"Uqcc3"	3.24280190101058e-13	0.422956142600641	0.278	0.221	4.08074191223171e-09
"Kalrn"	3.50648256124884e-13	-2.26946833198026	0.004	0.021	4.41255765507554e-09
"Mcm2"	3.52762698906263e-13	1.15537557312686	0.064	0.032	4.43916580303641e-09
"Hnrnpll"	3.57145115983996e-13	0.486722151128611	0.206	0.168	4.49431413954261e-09
"Mob4"	3.70521125129721e-13	-0.363629158914706	0.232	0.303	4.66263783863241e-09
"Tm4sf19"	3.71637774133359e-13	1.24795883790465	0.054	0.023	4.67668974969418e-09
"Mapkapk2"	3.83346591454744e-13	-0.346213499731498	0.343	0.415	4.82403350686649e-09
"Taf7"	3.97784408399522e-13	-0.584152605785162	0.112	0.167	5.00571899529958e-09
"Pus7"	4.06245722585881e-13	1.57679924258352	0.037	0.012	5.11219617302072e-09
"Cdca7l"	4.09449321318801e-13	1.60162430399732	0.035	0.011	5.1525102594758e-09
"Dapk1"	4.27450777137844e-13	0.757325037332959	0.117	0.071	5.37904057950264e-09
"Nfkbib"	4.42290170754213e-13	-0.284366240725818	0.334	0.412	5.56577950877101e-09
"Ndufb3"	4.45389195877865e-13	-0.2646045484458	0.44	0.519	5.60477764092705e-09
"E2f4"	4.46734174017699e-13	-0.331571499285718	0.241	0.311	5.62170284583873e-09
"Ccny"	4.55769440628528e-13	0.408847113037318	0.278	0.231	5.7354026408694e-09
"Tmcc3"	4.63095207945735e-13	0.752674764138607	0.096	0.055	5.82759009678912e-09
"Ydjc"	4.63581143415803e-13	1.33711421084465	0.047	0.019	5.83370510874447e-09
"Thap7"	4.78504825856697e-13	0.440326713504912	0.25	0.198	6.02150472858067e-09
"Unc45a"	4.87305824479448e-13	-0.557848567476506	0.095	0.144	6.13225649524937e-09
"Emc6"	5.05467113430311e-13	0.311993150894431	0.407	0.357	6.36079815540704e-09
"Tmem106c"	5.1371963827065e-13	0.566934622673963	0.187	0.13	6.46464792799786e-09
"Iqgap1"	5.30198115721082e-13	0.254409060070633	0.748	0.716	6.67201308823409e-09
"Wwp1"	5.35904840194775e-13	0.829714992065691	0.103	0.062	6.74382650901105e-09
"Gga2"	5.36416295998243e-13	0.950585468255845	0.081	0.044	6.75026266884189e-09
"Cdk16"	5.44338863112516e-13	-0.529573294546852	0.113	0.168	6.8499602534079e-09
"Uckl1"	5.46036033308731e-13	-0.488955922236751	0.168	0.231	6.87131744315707e-09
"Gstm1"	5.54556621963263e-13	0.455694007253626	0.187	0.169	6.9785405307857e-09
"Rbms2"	5.63621142555181e-13	0.49553420585399	0.237	0.181	7.0926084579144e-09
"Psmd1"	5.68823304966344e-13	0.280616702321914	0.393	0.374	7.15807246969647e-09
"Esyt1"	5.77100150745932e-13	-0.338650888541667	0.321	0.396	7.26222829698681e-09
"Maf"	6.04693273726372e-13	-0.314515954200445	0.293	0.368	7.60946015657266e-09
"Slc12a9"	6.12184459816263e-13	-0.663826548326815	0.09	0.138	7.70372924232786e-09
"Ivns1abp"	6.15354363380118e-13	0.492580197610729	0.231	0.169	7.74361930877541e-09
"Hacd4"	6.16695934059746e-13	-0.410954703146168	0.251	0.315	7.76050163420785e-09
"Pts"	6.30067949723062e-13	-0.497241212324592	0.151	0.212	7.92877507931502e-09
"Dgka"	6.60309304387019e-13	-0.625841507145062	0.093	0.144	8.30933228640625e-09
"B3galnt1"	6.61747053012161e-13	1.06144854613435	0.062	0.029	8.32742491510503e-09
"Paics"	7.01536126628257e-13	0.4532429736679	0.267	0.205	8.82813061748999e-09
"Cdr2"	7.02112052156119e-13	1.77372002463279	0.03	0.009	8.83537806433261e-09
"Brd4"	7.02282328093182e-13	-0.321521600862257	0.308	0.383	8.8375208167246e-09
"Acbd6"	7.07223825864439e-13	0.403849246212859	0.306	0.241	8.8997046246781e-09
"Ceacam19"	7.19847755998084e-13	-2.41385824131544	0.004	0.02	9.05856416147989e-09
"Phb"	7.27877806747086e-13	0.413468473175153	0.294	0.233	9.15961432010532e-09
"Mrps15"	7.41492071910002e-13	0.342491039770269	0.387	0.325	9.33093623291547e-09
"Ptprj"	7.57264653009778e-13	-0.466302871510847	0.188	0.252	9.52941839347504e-09
"Phb2"	7.9632205024994e-13	0.279986679052631	0.513	0.456	1.00209166803452e-08
"Fbxo21"	8.15663530532635e-13	2.13479469570441	0.024	0.005	1.02643098682227e-08
"Grasp"	8.6416322924702e-13	-0.795161878206516	0.074	0.116	1.08746300768445e-08
"Fkbp9"	9.0434939134409e-13	2.25409362407675	0.021	0.004	1.1380332740674e-08
"Ap5s1"	9.18562518733177e-13	0.552694427944759	0.178	0.129	1.15591907357383e-08
"Fam118b"	9.62319066067505e-13	-0.585682775673232	0.1	0.152	1.21098231273935e-08
"Fanca"	9.74637107981408e-13	-0.915831377365562	0.037	0.072	1.2264833366838e-08
"Wdfy2"	1.00158097018795e-12	-0.536359238070435	0.119	0.175	1.26038949288451e-08
"Aph1c"	1.0849173320628e-12	0.503270054293181	0.195	0.154	1.36525997066783e-08
"Map4k4"	1.09153882130232e-12	-0.453072408450103	0.204	0.27	1.37359245272684e-08
"Cd82"	1.10558597405816e-12	-0.470520866972918	0.174	0.237	1.39126938975478e-08
"Tor1aip1"	1.13364359769656e-12	-0.339639086272138	0.299	0.374	1.42657710334135e-08
"Orai3"	1.13757682027597e-12	-0.433903703197714	0.186	0.251	1.43152667063528e-08
"Phf20l1"	1.14801873044992e-12	-0.441587546835487	0.171	0.235	1.44466677039818e-08
"Ccdc86"	1.1502017037726e-12	-0.448124809573778	0.197	0.262	1.44741382402743e-08
"Chic2"	1.15148341395751e-12	-0.349354315386262	0.29	0.364	1.44902672812414e-08
"Fbxw4"	1.16580043192943e-12	0.878930922337056	0.086	0.047	1.46704326354e-08
"Cux1"	1.22781736016033e-12	0.323843373826307	0.433	0.372	1.54508536602576e-08
"Ptger2"	1.26021457807821e-12	-0.556335441570803	0.115	0.17	1.58585402505361e-08
"Tmem131"	1.28088059481494e-12	-0.550121590450287	0.135	0.192	1.61186014051512e-08
"Trmt61a"	1.29176837361772e-12	1.23550672641992	0.051	0.022	1.62556132136054e-08
"Cxcl5"	1.34531131785775e-12	-2.75795171758384	0.004	0.02	1.69293976239219e-08
"Herc4"	1.38167681081529e-12	-0.490666355188846	0.133	0.191	1.73870209872996e-08
"Igf2bp2"	1.41603943974148e-12	1.3417691424176	0.048	0.022	1.78194403097067e-08
"Snhg17"	1.41636779689627e-12	1.03402251465042	0.064	0.033	1.78235723561426e-08
"Erp44"	1.42670536966118e-12	-0.320467281183936	0.335	0.409	1.79536603718163e-08
"2310039H08Rik"	1.44325350782346e-12	0.604582674053256	0.163	0.111	1.81619021424504e-08
"St18"	1.47691746161547e-12	3.16294573601855	0.015	0.001	1.8585529336969e-08
"4930458B22Rik"	1.49709206476676e-12	-2.6857115940045	0.003	0.017	1.88394065430249e-08
"Gprc5b"	1.51425006935364e-12	3.09443695808826	0.015	0.002	1.90553228727462e-08
"Irf9"	1.52441670681475e-12	-0.418577680735831	0.197	0.263	1.91832598385569e-08
"Atp8a1"	1.62596651936015e-12	-0.64764610694123	0.097	0.145	2.04611626796281e-08
"Ddx21"	1.67729036531649e-12	0.500202114387005	0.215	0.155	2.11070219571427e-08
"Mphosph10"	1.71731754917951e-12	0.549672224362595	0.192	0.136	2.16107240388749e-08
"Psd3"	1.72862068521684e-12	1.20912689306526	0.048	0.02	2.17529627027687e-08
"Ecm1"	1.73129370434349e-12	-0.252726551349411	0.637	0.681	2.17865999754584e-08
"Abcd3"	1.73297812169965e-12	0.98878147803331	0.072	0.038	2.18077966834684e-08
"Aig1"	1.77295061527765e-12	0.370491715859059	0.312	0.263	2.2310810542654e-08
"Akr7a5"	1.78346857855548e-12	0.581463804032361	0.167	0.115	2.24431685925421e-08
"Mrps36"	1.78945897555406e-12	0.278613245578635	0.445	0.396	2.25185517483723e-08
"Mtmr10"	1.79456259545246e-12	0.868439931579001	0.089	0.05	2.25827757011737e-08
"Pdcd1lg2"	1.81513514392324e-12	-1.01779378831102	0.037	0.072	2.284166065113e-08
"Piwil2"	1.87343721454645e-12	-0.990125159712876	0.034	0.068	2.35753339078525e-08
"Cpne1"	1.9048569569511e-12	-0.579110121749745	0.096	0.146	2.39707199462726e-08
"Ddit4"	1.92652350357838e-12	-0.598906470829397	0.187	0.246	2.42433717690303e-08
"Psme2b"	1.94280435215294e-12	-0.93011560337181	0.042	0.078	2.44482499674926e-08
"Arhgef3"	1.94432851515636e-12	0.646925328974161	0.151	0.105	2.44674300347277e-08
"Ccnl2"	2.03435414466974e-12	-0.318998329122751	0.296	0.37	2.56003125565241e-08
"Atf6b"	2.13361231864092e-12	-0.367489767155555	0.259	0.329	2.68493774177773e-08
"Cd207"	2.29763266387719e-12	1.73624531921413	0.02	0.004	2.89134094422306e-08
"Stat5a"	2.29865710427575e-12	-0.859207094326361	0.05	0.088	2.89263010002061e-08
"1700012B09Rik"	2.30744662233811e-12	-3.0689611362649	0.002	0.014	2.90369082955028e-08
"Nccrp1"	2.34051338237921e-12	-2.02719248631327	0.005	0.023	2.945302040386e-08
"Mapre3"	2.35810766986873e-12	-0.67588058464481	0.083	0.13	2.96744269176281e-08
"Timm10"	2.42664874694129e-12	0.534293087737353	0.194	0.138	3.05369478315092e-08
"Ada"	2.55632269012527e-12	0.853163070993282	0.096	0.056	3.21687647325364e-08
"Gm15283"	2.56115575458324e-12	0.993373084081203	0.074	0.039	3.22295840156755e-08
"Stap1"	2.60120665137101e-12	-0.718998502459733	0.066	0.11	3.27335845008528e-08
"Triap1"	2.6047033244318e-12	0.394452400076524	0.31	0.248	3.27775866346497e-08
"Gm17552"	2.70464018715064e-12	-2.09599556331271	0.005	0.023	3.40351921151037e-08
"Kif21b"	2.81694381781053e-12	0.621798414311392	0.16	0.109	3.54484210033277e-08
"Cd200r1"	2.81993605988288e-12	-0.479732262558889	0.147	0.207	3.54860753775661e-08
"Knstrn"	2.93813455303071e-12	1.4764860454132	0.039	0.014	3.69734852153385e-08
"Ptgs2os2"	3.02412485021884e-12	-1.45525309417653	0.012	0.034	3.80555871151539e-08
"Sigirr"	3.13174609721679e-12	-1.6256697935089	0.01	0.032	3.9409892887376e-08
"Sh3pxd2b"	3.16373734852027e-12	0.415672503938779	0.285	0.223	3.9812470793779e-08
"March5"	3.30718443843888e-12	-0.332774934579064	0.322	0.395	4.16176089733148e-08
"Pole4"	3.37100147647203e-12	0.330615343298783	0.389	0.338	4.24206825799241e-08
"Ctsd"	3.48964179390237e-12	0.288789711297894	0.955	0.949	4.39136523344674e-08
"Afg3l2"	3.49995301851297e-12	0.56341733106234	0.177	0.124	4.40434087849672e-08
"Gm10553"	3.52794742965758e-12	-1.59278966216749	0.011	0.033	4.4395690454811e-08
"Edem2"	3.60598620364608e-12	-0.382658178998025	0.226	0.294	4.53777303866823e-08
"Tpx2"	3.62353708978678e-12	2.20755103813972	0.023	0.005	4.55985907378768e-08
"Ints11"	3.63454291814125e-12	-0.441554674712042	0.161	0.222	4.57370880818895e-08
"Raph1"	3.67504728042563e-12	0.741387212397104	0.116	0.075	4.62467949768761e-08
"Nmt1"	3.69396425599321e-12	0.340103136969242	0.362	0.305	4.64848461974186e-08
"Hyal2"	3.81569177881783e-12	0.69776059015096	0.121	0.078	4.80166653446435e-08
"Snx30"	3.82545449114921e-12	0.564758114001535	0.179	0.126	4.81395193166216e-08
"Nudcd2"	3.82711801376543e-12	0.600578453943813	0.155	0.107	4.81604530852241e-08
"Ccndbp1"	3.94357705158122e-12	-0.397409732654803	0.196	0.261	4.96259736170981e-08
"Abhd3"	3.96061249798171e-12	-2.01269291661815	0.005	0.023	4.98403476746018e-08
"Acss1"	3.98519003307342e-12	1.90484492318988	0.027	0.008	5.01496313761959e-08
"Hddc2"	4.08268918805261e-12	0.794389361568116	0.099	0.058	5.1376560742454e-08
"Abca9"	4.09790331159185e-12	-2.23338103174235	0.004	0.02	5.15680152730719e-08
"Pigs"	4.3897151720227e-12	-0.378165276230619	0.238	0.307	5.52401757247337e-08
"Fads2"	4.4359668741596e-12	1.74930147203958	0.027	0.008	5.58222071444244e-08
"Grhpr"	4.48913449383296e-12	0.527559816398418	0.194	0.138	5.64912684703939e-08
"Khdrbs1"	4.84097238180196e-12	-0.323417602084209	0.301	0.373	6.09187964525958e-08
"Rab3ip"	4.87049252197544e-12	-0.67948384370124	0.082	0.126	6.12902778965389e-08
"Rasa3"	5.06735358696831e-12	-0.533472399578501	0.137	0.191	6.37675775384092e-08
"Tnp2"	5.22417285765065e-12	-3.46015189358937	0.001	0.013	6.57409912406758e-08
"Mid1ip1"	5.24404002382417e-12	0.420011464100427	0.229	0.193	6.59909996598034e-08
"Stx6"	5.31170108205386e-12	-0.374801653450011	0.165	0.222	6.68424464165658e-08
"Ambp"	5.33505409938426e-12	1.69827746901511	0.031	0.01	6.71363207866515e-08
"Znfx1"	5.37020453785811e-12	-0.365685366367857	0.209	0.274	6.75786539044064e-08
"Prpf38a"	5.38067616893282e-12	-0.537243900643486	0.127	0.182	6.77104289098506e-08
"Prkag1"	5.81401483065037e-12	-0.421295957772349	0.193	0.257	7.31635626289043e-08
"Irak1bp1"	5.81789494488817e-12	1.98953174849636	0.024	0.006	7.32123899864728e-08
"Tesk1"	5.93176142374249e-12	0.756462657319382	0.106	0.064	7.46452857563755e-08
"Prdx1"	5.96836262876182e-12	-0.28566316808149	0.953	0.964	7.51058753203387e-08
"Abi1"	5.98785862972023e-12	-0.340693762497722	0.273	0.344	7.53512129963993e-08
"Cpq"	6.04960108464366e-12	0.518790194806734	0.207	0.152	7.61281800491558e-08
"Hp1bp3"	6.47185885283651e-12	0.473022190109627	0.238	0.179	8.14418718040946e-08
"Eif1b"	6.66275889316407e-12	0.286493501194831	0.456	0.411	8.38441579115767e-08
"2200002J24Rik"	6.84689751034747e-12	-3.62365062587225	0.001	0.012	8.61613582702126e-08
"Stat5b"	6.93277212252783e-12	-0.63787898679866	0.086	0.134	8.72420043898902e-08
"Srsf7"	7.2964238458803e-12	-0.255342440969669	0.311	0.381	9.18181976765577e-08
"Elf4"	7.34112151550525e-12	-0.534424655967999	0.125	0.18	9.23806731511181e-08
"Mob3b"	7.55707797286339e-12	-0.690573622334725	0.07	0.114	9.50982692105129e-08
"Vav3"	7.59580311875353e-12	-0.396648951283215	0.159	0.216	9.55855864463944e-08
"Anp32e"	7.71769539362473e-12	0.453725132335253	0.233	0.18	9.71194788333736e-08
"Apaf1"	7.99701105713772e-12	-0.601861937106965	0.094	0.143	1.00634387143021e-07
"6430548M08Rik"	8.06720040084057e-12	-0.899369205363343	0.044	0.08	1.01517649844178e-07
"Aldh2"	8.15628130570432e-12	-0.30510016862859	0.435	0.488	1.02638643950983e-07
"Bcap31"	8.43116915964952e-12	-0.297852984523238	0.347	0.42	1.0609783270503e-07
"Ric1"	8.4759727558305e-12	-0.712693925605524	0.055	0.093	1.06661641159371e-07
"AI467606"	8.52778253622168e-12	-0.502946833330159	0.15	0.202	1.07313615435814e-07
"Fam92a"	8.66587418192708e-12	1.56012050143689	0.035	0.012	1.0905136070537e-07
"Epop"	8.70226265365245e-12	1.92478599882379	0.025	0.006	1.09509273233562e-07
"Dpf2"	9.02529822851802e-12	-0.429124997968748	0.187	0.25	1.13574352907671e-07
"Naa38"	9.08220127248785e-12	0.303096445125632	0.359	0.316	1.14290420812987e-07
"Rptor"	9.17989799426475e-12	0.74327943866268	0.106	0.065	1.15519836359828e-07
"Tmpo"	9.40211079906538e-12	-0.452699589885674	0.162	0.222	1.18316162295439e-07
"Gtf2f1"	9.57791342992454e-12	-0.334937010858631	0.247	0.315	1.2052846260217e-07
"Ccno"	9.95919033304217e-12	-1.78592205477113	0.008	0.028	1.25326451151003e-07
"Zfyve9"	1.01136692353885e-11	-0.715814310766814	0.067	0.11	1.27270413658129e-07
"Slc30a7"	1.01744988586589e-11	-0.491161688474013	0.147	0.204	1.28035893637363e-07
"Asap1"	1.02492570845123e-11	-0.520943577708126	0.136	0.191	1.28976651151503e-07
"Mtmr6"	1.02595854675095e-11	-0.46501062576714	0.166	0.225	1.2910662352314e-07
"2610507B11Rik"	1.05244980821341e-11	0.499206121913281	0.205	0.15	1.32440283865575e-07
"Cebpd"	1.05361099002402e-11	-0.396364153180938	0.282	0.351	1.32586406984623e-07
"Gm15537"	1.09168387032824e-11	1.11175445430634	0.055	0.026	1.37377498242105e-07
"Baz2a"	1.09414262709564e-11	-0.46789131495414	0.16	0.219	1.37686908193715e-07
"Ccrl2"	1.09589572331678e-11	-0.374214111445889	0.494	0.546	1.37907517822183e-07
"Lsm7"	1.10310765156373e-11	0.328603002930452	0.356	0.309	1.38815066872779e-07
"Cyfip2"	1.10447049322816e-11	-0.634511618504019	0.079	0.125	1.38986566867832e-07
"Arpc1a"	1.12717667670523e-11	-0.272551629023028	0.41	0.481	1.41843912996587e-07
"Comt"	1.16260500596537e-11	0.329103612621974	0.357	0.307	1.46302213950682e-07
"Azin2"	1.18095475034167e-11	1.33728755960315	0.042	0.017	1.48611345782996e-07
"Bckdk"	1.22697104506672e-11	0.457879259624346	0.228	0.174	1.54402036311196e-07
"Zmiz1"	1.23596067369159e-11	0.326410322077343	0.393	0.344	1.55533291177349e-07
"Fam20a"	1.26064289747353e-11	1.05100175869924	0.06	0.029	1.58639302218069e-07
"Rangrf"	1.26996103787941e-11	1.3931576618143	0.039	0.015	1.59811897006745e-07
"Kcnk13"	1.30585328169618e-11	0.533874205365995	0.185	0.132	1.64328576968647e-07
"Klf9"	1.32303449459068e-11	0.687059780503378	0.125	0.08	1.66490660799291e-07
"D1Ertd622e"	1.33325137955413e-11	-0.383443380972875	0.238	0.304	1.67776353603091e-07
"Ftl1-ps1"	1.33480638651656e-11	0.364348276657553	0.283	0.246	1.67972035679244e-07
"Padi2"	1.36164578799732e-11	0.992405643950473	0.067	0.034	1.71349505961583e-07
"Slc25a37"	1.36763540748842e-11	-0.442740583736137	0.18	0.241	1.72103239678343e-07
"Atic"	1.37017642552519e-11	0.653603730498714	0.133	0.087	1.72423001388089e-07
"B4galnt1"	1.397690565426e-11	-0.34855115420496	0.239	0.306	1.75885380753208e-07
"Wbp1l"	1.39929701995406e-11	-0.453064127348686	0.171	0.23	1.76087536991019e-07
"Gorasp2"	1.41103549773796e-11	-0.312993231856142	0.344	0.412	1.77564707035345e-07
"Cdc40"	1.42584021404498e-11	-0.487707616109934	0.148	0.205	1.7942773253542e-07
"Tinf2"	1.46804755057034e-11	-0.699293093112174	0.071	0.114	1.84739103763772e-07
"Ppm1h"	1.48186920101176e-11	-0.548644669910484	0.124	0.176	1.86478420255319e-07
"Sec11a"	1.504189866348e-11	-0.290507408391555	0.357	0.429	1.89287252781233e-07
"Slamf6"	1.50806833263977e-11	-0.901308453832098	0.043	0.078	1.89775318979389e-07
"Pkp4"	1.52040773187963e-11	2.02527493358087	0.023	0.006	1.91328108979733e-07
"Otof"	1.5216545187474e-11	-3.72318629942317	0.001	0.011	1.91485004639172e-07
"Gpr160"	1.5386133699632e-11	-0.934690404616878	0.035	0.068	1.93619106476169e-07
"Lipe"	1.54614736411192e-11	-0.704174330897363	0.068	0.111	1.94567184299844e-07
"Usp25"	1.60159451976587e-11	-0.45372562442994	0.174	0.233	2.01544654367336e-07
"Khdc4"	1.63827813133433e-11	-0.551299781647568	0.112	0.163	2.06160920047112e-07
"Taf12"	1.64375898096487e-11	-0.388232022627249	0.207	0.272	2.06850630164619e-07
"Slbp"	1.65353532132713e-11	-0.361646348636947	0.222	0.288	2.08080884835806e-07
"Lsm5"	1.6539045176738e-11	0.429095741231896	0.251	0.199	2.08127344504071e-07
"Uhrf1"	1.72279469907436e-11	1.69365344248966	0.031	0.011	2.16796484931518e-07
"Fam107b"	1.74506336049301e-11	-0.333980331104877	0.258	0.327	2.1959877328444e-07
"Pbx1"	1.79178232632248e-11	-0.959562950195315	0.036	0.07	2.25477887944421e-07
"Cep170"	1.82027696068814e-11	0.446108291241849	0.214	0.17	2.29063652732996e-07
"Slc27a4"	1.89756299268772e-11	-0.63876741162771	0.088	0.134	2.38789326999823e-07
"Hacd2"	1.90992987650823e-11	0.398842043817518	0.276	0.22	2.40345575659796e-07
"Setd3"	1.96756599571929e-11	0.358946053439396	0.333	0.271	2.47598504901316e-07
"Cbr1"	1.99012251816937e-11	0.681064152851574	0.122	0.078	2.50437017686434e-07
"Fkbp3"	2.00187909823333e-11	0.446738702019146	0.247	0.191	2.51916465721682e-07
"Slc35d2"	2.00669998958115e-11	-0.641797972582511	0.064	0.104	2.52523126688892e-07
"Fabp4"	2.24852536947842e-11	2.02923294714955	0.031	0.013	2.82954432495165e-07
"Timp1"	2.28822275493093e-11	-0.684733081010051	0.149	0.186	2.87949951480508e-07
"Tsr1"	2.30931638551676e-11	1.10124213599338	0.054	0.025	2.90604373953429e-07
"Bcar1"	2.30954223983939e-11	1.68959522591531	0.029	0.009	2.90632795461389e-07
"Lyplal1"	2.35350912259133e-11	1.31053431842084	0.042	0.017	2.96165587986893e-07
"Rock1"	2.36128122949435e-11	-0.389438328132639	0.238	0.3	2.97143629919569e-07
"Nudc"	2.38193815189107e-11	0.286682037403051	0.461	0.404	2.99743097033973e-07
"Gm10076"	2.50791045812017e-11	0.556340239531643	0.166	0.115	3.15595452049842e-07
"Atg5"	2.51285462839865e-11	-0.34501936498744	0.262	0.329	3.16217626437686e-07
"Tfdp2"	2.51320289278573e-11	1.63518379143226	0.03	0.01	3.16261452028157e-07
"2010204K13Rik"	2.51807417781281e-11	1.2947356085741	0.043	0.018	3.16874454535964e-07
"Tmem238"	2.59566614147214e-11	1.18673835627498	0.049	0.021	3.26638627242855e-07
"Arid4a"	2.60712813081203e-11	-0.519424214675609	0.137	0.191	3.28081003981386e-07
"Chmp1a"	2.62437378548187e-11	-0.289720848232057	0.359	0.43	3.30251197165039e-07
"Gm46224"	2.6496719714585e-11	-0.85231492661563	0.053	0.09	3.33434720888338e-07
"Arl2"	2.68181715027163e-11	0.457940318327626	0.214	0.165	3.37479870190182e-07
"Chpf"	2.70300280554535e-11	1.72527420139313	0.027	0.008	3.40145873049827e-07
"Sipa1l1"	2.70442737797615e-11	-0.676285324454138	0.081	0.123	3.40325141244519e-07
"Zbtb7b"	2.75160623829453e-11	-0.450074820901422	0.17	0.228	3.46262129026983e-07
"Zdhhc9"	2.75726933640503e-11	-0.506701244627612	0.138	0.191	3.46974773293209e-07
"Gpr18"	2.76256241333082e-11	-0.740426749511998	0.06	0.101	3.4764085409355e-07
"Lrch1"	2.82373139256894e-11	-0.44375340424129	0.16	0.218	3.55338358440875e-07
"Arl8b"	2.85026626849256e-11	0.310965597554167	0.378	0.342	3.58677507227104e-07
"Gskip"	2.91071389761311e-11	-0.452883893125333	0.161	0.219	3.66284236875634e-07
"Phospho1"	2.91119863291361e-11	0.485808266697738	0.163	0.137	3.66345235965849e-07
"Frg1"	2.91346116254944e-11	-0.325073102493344	0.266	0.334	3.66629952695221e-07
"Gucd1"	3.02504247199709e-11	-0.635886354920122	0.075	0.118	3.80671344676114e-07
"Ppan"	3.04981753204197e-11	0.693056962601074	0.109	0.067	3.83789038232162e-07
"Snhg16"	3.05286302008515e-11	0.878454942444621	0.083	0.049	3.84172282447516e-07
"Itpr1"	3.10223246099868e-11	-0.939678119319931	0.037	0.07	3.90384932892074e-07
"Tal1"	3.11740302015859e-11	2.12481060713178	0.02	0.004	3.92293996056757e-07
"Rad9a"	3.15460990819192e-11	-0.630455803777366	0.087	0.133	3.96976110846871e-07
"Top2a"	3.17881501991637e-11	1.77536144948052	0.029	0.009	4.00022082106276e-07
"Fcrl1"	3.25363995581311e-11	-2.57118320597812	0.002	0.013	4.09438052039522e-07
"Gm32089"	3.27985413758174e-11	-1.57562911100931	0.01	0.03	4.12736844673286e-07
"Ptrhd1"	3.33920416904099e-11	0.498085582019366	0.198	0.145	4.20205452632118e-07
"Rab4b"	3.45007139741446e-11	-0.273248308549028	0.377	0.449	4.34156984650635e-07
"Slc35c1"	3.63453491053671e-11	-0.589693049390643	0.099	0.147	4.5736987314194e-07
"E230029C05Rik"	3.69598463769423e-11	-0.375487173618242	0.236	0.301	4.65102706807442e-07
"Heg1"	3.74272859059631e-11	-2.23014628814305	0.004	0.018	4.7098496584064e-07
"Atf6"	3.76082514737564e-11	-0.472579543629892	0.158	0.213	4.73262236545751e-07
"Fmnl3"	3.77384332709481e-11	0.604279979005625	0.14	0.093	4.74900444281611e-07
"Atad2"	3.77464135850771e-11	1.0073419971119	0.064	0.033	4.75000868554611e-07
"Fam111a"	3.77498037525555e-11	-0.479940248581146	0.148	0.204	4.75043530422158e-07
"Matk"	3.916193011499e-11	-0.63985791582427	0.077	0.12	4.92813728567034e-07
"Atp6v0a2"	3.96359157733293e-11	-0.514413487375847	0.118	0.169	4.98778364091576e-07
"0610030E20Rik"	4.02137060726697e-11	-0.512619313483508	0.106	0.155	5.06049277218476e-07
"Mocs1"	4.23396519931209e-11	-0.709639767585219	0.067	0.108	5.32802180681433e-07
"Nifk"	4.34280309766773e-11	0.678176262958601	0.115	0.074	5.46498341810508e-07
"Cnp"	4.40321964641204e-11	-0.491695675790254	0.148	0.201	5.54101160304492e-07
"H2-Q10"	4.41276761368307e-11	-0.298884325144609	0.215	0.275	5.55302676505878e-07
"Clybl"	4.45188113858012e-11	1.33655578426872	0.039	0.016	5.60224722478922e-07
"Gm4316"	4.5407492619771e-11	0.780188666801727	0.1	0.064	5.71407887127199e-07
"Gga1"	4.56132743750577e-11	-0.35562270115621	0.23	0.295	5.73997444735726e-07
"Krt18"	4.56538186168357e-11	-1.3792318982058	0.005	0.018	5.74507653474261e-07
"Nr2c2ap"	4.58870394276911e-11	0.474913208611337	0.209	0.156	5.77442504158064e-07
"Ankrd33b"	4.61354785598466e-11	0.975558124702768	0.077	0.044	5.80568862197109e-07
"2310011J03Rik"	4.64818368484882e-11	-0.276835687241819	0.301	0.37	5.84927434901376e-07
"Zbed3"	4.79941190738387e-11	1.19039894875936	0.046	0.02	6.03957994425186e-07
"Gm15964"	4.88051585544918e-11	-0.999703934620582	0.03	0.059	6.14164115249725e-07
"Ncor2"	4.88561033938916e-11	0.450145303462396	0.235	0.182	6.14805205108732e-07
"Rab34"	4.90765741120928e-11	0.72833470287129	0.099	0.06	6.17579608626576e-07
"Tra2a"	5.02150168300823e-11	-0.314485870163349	0.221	0.284	6.31905771789756e-07
"Frmd4b"	5.12024498456575e-11	0.707053606499348	0.105	0.064	6.44331628857754e-07
"Resf1"	5.1400657015089e-11	-0.384661694005109	0.179	0.238	6.4682586787788e-07
"Nop58"	5.18393174065691e-11	0.614164664137665	0.14	0.094	6.52345970244265e-07
"Tef"	5.28234070038768e-11	1.57397389031525	0.031	0.011	6.64729753736785e-07
"Gprc5c"	5.52246489227208e-11	-2.54630853733909	0.003	0.016	6.94946982043519e-07
"Epb41l2"	5.61300891158875e-11	0.356434555808777	0.32	0.269	7.06341041434328e-07
"Rspry1"	5.65997973685929e-11	-0.613502670496169	0.09	0.133	7.12251850086373e-07
"Btnl2"	5.6755088921229e-11	-2.89903613482258	0.002	0.014	7.14206038984746e-07
"2900041M22Rik"	5.67724025456521e-11	-2.05383161141164	0.004	0.019	7.14423913634486e-07
"Bik"	5.74232298069377e-11	3.42249115577247	0.012	0.001	7.22613923890505e-07
"Nckap1l"	5.79824116724326e-11	0.291099651551012	0.437	0.387	7.29650668485892e-07
"Ppp1r12a"	5.84732598106093e-11	-0.395645438057407	0.212	0.273	7.35827501456708e-07
"B4galt7"	5.85603711700719e-11	0.51294023294711	0.179	0.131	7.36923710804184e-07
"Btbd6"	6.02918578152734e-11	1.70307845527893	0.027	0.008	7.587127387474e-07
"Mak"	6.58866447904024e-11	-2.85094184662154	0.002	0.014	8.29117538042423e-07
"Tnfrsf21"	6.7667813898198e-11	0.434546093737173	0.236	0.193	8.51531770094924e-07
"Mbd3"	6.79029726819624e-11	0.556667512320054	0.16	0.113	8.54491008229815e-07
"Mast2"	6.86268642856615e-11	0.882010685038043	0.074	0.041	8.63600460170764e-07
"Rab39"	6.99693035010617e-11	-1.41833171789475	0.011	0.031	8.8049371525736e-07
"Utp20"	7.00704730601207e-11	1.04371657889714	0.044	0.02	8.81766832988559e-07
"St3gal1"	7.10970553104041e-11	-0.42544019608335	0.173	0.232	8.94685344026125e-07
"Cav2"	7.26816527609139e-11	0.395686035894564	0.293	0.235	9.14625918343341e-07
"Gmnn"	7.36865482497562e-11	0.364163233754004	0.19	0.165	9.27271523174932e-07
"Cetn4"	8.18417120537804e-11	0.67333111188488	0.106	0.066	1.02989610448477e-06
"Ccdc34"	8.19008229328565e-11	0.623880042260693	0.137	0.092	1.03063995578707e-06
"Gfer"	8.4243389791583e-11	0.457700013159995	0.219	0.164	1.06011881713728e-06
"Plekhf2"	8.64684665080137e-11	-0.316162621591093	0.268	0.335	1.08811918253684e-06
"Cdk14"	8.68312024413016e-11	0.657179362925591	0.116	0.074	1.09268385152134e-06
"Dohh"	9.04735611665044e-11	0.364900409962685	0.292	0.238	1.13851929371929e-06
"Dnaja2"	9.1206512684673e-11	-0.268305773017056	0.392	0.461	1.14774275562393e-06
"Tmub1"	9.26790172878804e-11	-0.4781755754247	0.145	0.198	1.16627275355069e-06
"Stxbp5"	9.27993254067652e-11	1.12598879832906	0.05	0.023	1.16778671091873e-06
"Ssh2"	9.4632816597097e-11	0.350652390639541	0.352	0.301	1.19085936405787e-06
"Rsad2"	9.59113500858992e-11	0.583279894410961	0.143	0.147	1.20694842948096e-06
"Rasgrf1"	9.63706282729008e-11	-2.49186075331671	0.001	0.011	1.21272798618618e-06
"Csprs"	9.69006726129706e-11	-1.20861312659341	0.016	0.038	1.21939806416162e-06
"Decr1"	9.80926106974758e-11	0.956724605353252	0.065	0.034	1.23439741301704e-06
"Sulf2"	1.00316289641938e-10	0.762922814371704	0.102	0.065	1.26238018885415e-06
"Snrnp25"	1.02975357557817e-10	0.470383286747528	0.176	0.135	1.29584189950757e-06
"Tlr1"	1.03386885029016e-10	-0.758635135427456	0.055	0.093	1.30102056120514e-06
"Pef1"	1.04269251790957e-10	-0.354071519091362	0.194	0.254	1.3121242645374e-06
"Chaf1a"	1.04587814351377e-10	1.31053431842084	0.041	0.017	1.31613305579773e-06
"Lxn"	1.05461067020247e-10	0.498069694094859	0.191	0.139	1.32712206738279e-06
"Gm4724"	1.10769785702879e-10	1.30992201238877	0.039	0.016	1.39392698328503e-06
"Cdc42ep3"	1.13619392689851e-10	-0.506111936186508	0.133	0.186	1.42978643760908e-06
"Acly"	1.16085327266331e-10	-0.45372562442994	0.167	0.222	1.46081775831951e-06
"Ybx3"	1.18339098739568e-10	0.64072270816984	0.123	0.082	1.48917921853873e-06
"Polr2e"	1.21222029635432e-10	0.342869402680456	0.318	0.27	1.52545802093228e-06
"Vrk1"	1.26259266139046e-10	-0.6364025332811	0.071	0.113	1.58884660509376e-06
"Mmp13"	1.28809999432961e-10	1.10398658013542	0.095	0.071	1.62094503286438e-06
"Myo1g"	1.2894198997395e-10	-0.295399533102168	0.222	0.282	1.62260600183218e-06
"Asf1a"	1.29243046211324e-10	0.589625208787217	0.124	0.089	1.6263944935233e-06
"Alox5"	1.2925132798944e-10	0.795542502897903	0.087	0.051	1.62649871141911e-06
"Pon2"	1.33149444480085e-10	0.335707389630402	0.298	0.256	1.67555260933738e-06
"Pop5"	1.34779141580933e-10	0.478447561746484	0.169	0.128	1.69606071765446e-06
"Acot8"	1.39205858874784e-10	-0.472169869522296	0.106	0.152	1.75176652808029e-06
"Pacc1"	1.39992684439272e-10	0.76376799749367	0.092	0.055	1.7616679409838e-06
"Zfp287"	1.40355739055298e-10	-1.00420645073032	0.025	0.052	1.76623662027187e-06
"Cttnbp2nl"	1.41165224605216e-10	0.382300729117626	0.288	0.234	1.77642318643204e-06
"Eno3"	1.42822401248853e-10	0.929520807933824	0.061	0.031	1.79727709731557e-06
"Pde7b"	1.56369341352287e-10	-0.821139676045961	0.046	0.081	1.96775179157717e-06
"Dipk2a"	1.59438779512195e-10	1.0739294381296	0.049	0.023	2.00637760138147e-06
"Smg1"	1.60571922038452e-10	-0.375590434733473	0.201	0.262	2.02063706693187e-06
"Cops2"	1.61804367881234e-10	0.325661960678899	0.294	0.254	2.03614616541744e-06
"Slc7a5"	1.63394179158107e-10	1.0732803064917	0.053	0.026	2.05615235052562e-06
"Apoc1"	1.65967406822803e-10	-1.92022314648272	0.008	0.025	2.08853384745816e-06
"Taok3"	1.67088199912489e-10	-0.358167861299141	0.248	0.311	2.10263790769876e-06
"Hells"	1.69418978811524e-10	1.27681370057683	0.041	0.019	2.13196842936421e-06
"Hspa2"	1.74436364338728e-10	-0.872329738728975	0.041	0.074	2.19510720883855e-06
"G430095P16Rik"	1.78337151016927e-10	0.691259810201613	0.109	0.069	2.244194708397e-06
"Rcc2"	1.79831370915056e-10	0.689021830365002	0.111	0.071	2.26299797159506e-06
"Shmt2"	1.80251818651784e-10	0.712534247529997	0.105	0.066	2.26828888591405e-06
"Ipo7"	1.81554528017691e-10	0.558584668992213	0.151	0.104	2.28468218057463e-06
"Nagk"	1.86111084648968e-10	0.380764664615742	0.269	0.221	2.34202188922261e-06
"Taf13"	1.86778037199874e-10	-0.447932987776711	0.131	0.182	2.35041482012322e-06
"Crlf2"	1.8725173481166e-10	-0.289544928040347	0.364	0.431	2.35637583086993e-06
"Otud5"	1.8773062452838e-10	-0.374475068598846	0.173	0.23	2.36240217906514e-06
"Abcb1b"	1.97456092292076e-10	0.760046314334164	0.09	0.053	2.48478746540349e-06
"Gid8"	2.00415280296787e-10	-0.356843479810812	0.212	0.273	2.52202588725477e-06
"Schip1"	2.01595146067414e-10	-3.48872104578614	0.001	0.01	2.53687331811234e-06
"Arf4"	2.0415786100521e-10	-0.258695926042339	0.416	0.484	2.56912252288956e-06
"Gm31718"	2.05931467343789e-10	-0.864512600080583	0.044	0.077	2.59144158505424e-06
"Naglu"	2.06491617241346e-10	0.389599321990504	0.275	0.222	2.59849051136509e-06
"Abl2"	2.07856562626317e-10	0.677665862936529	0.111	0.071	2.61566698408957e-06
"Cdkn2b"	2.09015994654438e-10	2.19881118857556	0.019	0.004	2.63025727673145e-06
"Tox4"	2.12571080838243e-10	-0.365188949828282	0.207	0.268	2.67499448126845e-06
"Zfhx3"	2.12700198164728e-10	0.486618300544923	0.197	0.146	2.67661929370493e-06
"Usp2"	2.14177377001376e-10	0.636156994807621	0.125	0.082	2.69520811218532e-06
"R3hdm4"	2.19069836983416e-10	-0.273727105042907	0.309	0.377	2.7567748285993e-06
"Mrpl15"	2.21710677388017e-10	0.37333776938108	0.282	0.228	2.7900071642508e-06
"Dnpep"	2.32632608044026e-10	-0.320142470051348	0.186	0.24	2.92744873962603e-06
"Ipo4"	2.32643847749946e-10	0.692800029249226	0.104	0.066	2.92759018008532e-06
"Prcp"	2.38358492449883e-10	-0.417349776486929	0.187	0.242	2.99950326898933e-06
"Pgp"	2.47980655416931e-10	0.359077128756523	0.301	0.252	3.12058856776667e-06
"Fnip1"	2.48581656063823e-10	0.455616853365599	0.206	0.164	3.12815155990714e-06
"Srgap2"	2.49823130305462e-10	-0.440433658974868	0.174	0.226	3.14377427176394e-06
"Spc25"	2.50318909392477e-10	1.77431336004765	0.025	0.008	3.15001315579493e-06
"Gm48065"	2.59253973296676e-10	-0.659760919281533	0.075	0.116	3.26245199996538e-06
"Med7"	2.62244543647581e-10	-0.401014320663887	0.192	0.251	3.30008533726116e-06
"Pfkfb4"	2.6519673934165e-10	-0.460151893589373	0.154	0.207	3.33723576787533e-06
"Nkiras2"	2.69288886098348e-10	-0.396098177753995	0.203	0.26	3.38873134266161e-06
"Arhgef10"	2.7072397050053e-10	-1.36061622003846	0.014	0.036	3.40679044477867e-06
"Dxo"	2.72589503445377e-10	-0.531082063114429	0.104	0.15	3.43026631135663e-06
"Smarcd2"	2.82979770430076e-10	-0.348749933031441	0.173	0.226	3.56101743109207e-06
"Mfng"	2.85724444231719e-10	0.598741795464196	0.135	0.091	3.59555640621195e-06
"Armc9"	2.88474411515497e-10	1.46547526460073	0.032	0.012	3.63016199451101e-06
"Iqgap3"	2.99598280222041e-10	0.956103583846143	0.063	0.034	3.77014475831416e-06
"Cdc42ep4"	3.00177994312575e-10	-0.458324540538366	0.124	0.173	3.77743988042944e-06
"Fbxw17"	3.10950465220728e-10	-0.543777048637465	0.099	0.145	3.91300065433765e-06
"Nek7"	3.11058205228335e-10	0.485627715412741	0.185	0.138	3.91435645459337e-06
"Bzw2"	3.12316783006569e-10	0.66580310563784	0.089	0.054	3.93019439735466e-06
"Slc22a18"	3.20134122419277e-10	-1.47079913778888	0.011	0.031	4.02856779652418e-06
"Neurl1a"	3.27007230200119e-10	2.06341006246764	0.019	0.005	4.1150589848383e-06
"Pdlim2"	3.29790281858768e-10	-0.382239350409861	0.206	0.265	4.15008090691074e-06
"Iah1"	3.33134771030354e-10	0.468499220757956	0.198	0.147	4.19216795864597e-06
"Arl8a"	3.36034592115342e-10	0.325877646764208	0.334	0.286	4.22865930717946e-06
"Atad3a"	3.39521033425907e-10	0.678291122641069	0.11	0.071	4.27253268463161e-06
"Ccdc106"	3.41675105611633e-10	1.04195910810574	0.052	0.025	4.29963952901679e-06
"Cd320"	3.45544956039827e-10	0.824834622909853	0.074	0.041	4.34833772680519e-06
"Limd1"	3.47180718664577e-10	-0.397496285739605	0.184	0.241	4.36892216367504e-06
"Psmd2"	3.48518160718386e-10	-0.26654789567755	0.378	0.444	4.38575253448016e-06
"Fzd7"	3.49412207551021e-10	1.37883463751734	0.035	0.014	4.39700321982205e-06
"Rtf2"	3.51386315079148e-10	-0.283069297793113	0.35	0.416	4.421845388956e-06
"Zfp703"	3.68238246108882e-10	-0.548337419341569	0.115	0.161	4.63391008903417e-06
"Atp2b4"	3.69915880359225e-10	0.524351770087459	0.171	0.124	4.65502143844049e-06
"Pacs1"	3.75120304816508e-10	0.819622749883044	0.077	0.044	4.72051391581093e-06
"Ctps"	3.7787109610407e-10	1.5544525193194	0.029	0.01	4.75512987337362e-06
"Ndufs2"	3.79313715302261e-10	-0.250557203500927	0.392	0.461	4.77328379336365e-06
"Sdc1"	3.85122590533428e-10	0.81503518948131	0.127	0.089	4.84638267927265e-06
"Arhgap25"	3.92424808559884e-10	0.537437012310883	0.16	0.117	4.93827379091759e-06
"Slc19a1"	3.95416527964087e-10	0.959886286747837	0.06	0.031	4.97592158790007e-06
"Cab39"	3.95429996786418e-10	0.423886030965328	0.23	0.179	4.97609107956029e-06
"Metap1d"	4.0629857002587e-10	0.87515523109919	0.068	0.038	5.11286120520555e-06
"Tmem128"	4.37417304343722e-10	-0.367508088435614	0.21	0.27	5.5044593578614e-06
"Irgc1"	4.49758682652273e-10	-1.89721569919822	0.005	0.02	5.65976326249621e-06
"Eif3g"	4.67210571723539e-10	0.391005353858906	0.259	0.207	5.87937783456902e-06
"Dctd"	4.71529312886164e-10	2.44673870201915	0.015	0.003	5.93372487335949e-06
"Pla2g12a"	4.78661827333481e-10	0.620582844003778	0.123	0.081	6.02348043516453e-06
"Kmt5a"	4.79202693342328e-10	-0.451330612398865	0.134	0.185	6.03028669301986e-06
"Ppp4r3b"	4.90692975926665e-10	-0.440213046536042	0.161	0.214	6.17488040906116e-06
"Sgk3"	4.98130900662848e-10	-0.423055444078123	0.172	0.221	6.26847925394128e-06
"Tfe3"	5.02616871746708e-10	-0.3502162908472	0.206	0.264	6.32493071406057e-06
"Aimp1"	5.17495683152018e-10	0.288137087603714	0.409	0.352	6.512165676785e-06
"Cd2ap"	5.35484467340412e-10	-0.442719590116448	0.155	0.2	6.73853653701174e-06
"Thg1l"	5.3837386415793e-10	0.822676381609049	0.076	0.043	6.77489670656339e-06
"Eif3m"	5.39383784669218e-10	0.273816715849641	0.445	0.392	6.78760554627744e-06
"Cdkn2aipnl"	5.45638469078267e-10	0.42552221610945	0.226	0.178	6.86631449488091e-06
"Arhgap27os1"	5.54266726438153e-10	1.50947445736711	0.029	0.011	6.97489248549771e-06
"Adam10"	5.55664646491761e-10	0.386250466384512	0.267	0.217	6.99248391145232e-06
"Nxn"	5.59274162127993e-10	-0.915831377365563	0.032	0.061	7.03790605621867e-06
"Polr3h"	5.59761997784795e-10	1.519670224473	0.029	0.01	7.04404498012386e-06
"Synj1"	5.62919174274176e-10	-0.451927126327642	0.152	0.205	7.08377488906623e-06
"Nelfb"	5.80851493581e-10	-0.423004912029512	0.165	0.22	7.30943519522331e-06
"Thy1"	5.84047211610459e-10	-1.44488513693606	0.005	0.018	7.34965011090601e-06
"Slc39a8"	5.87135970669646e-10	2.81597251168487	0.013	0.002	7.38851905490683e-06
"Mmel1"	6.00013976875628e-10	-2.26750681564698	0.003	0.016	7.5505758850029e-06
"Mif4gd"	6.00650872491679e-10	-0.283505636993501	0.265	0.328	7.5585905794353e-06
"Cdyl"	6.09202209988312e-10	-0.632648753009564	0.055	0.09	7.66620061049292e-06
"Fads1"	6.18304947763076e-10	0.529909082379359	0.163	0.116	7.78074946265054e-06
"Pecam1"	6.18537598293314e-10	-0.604264201414957	0.074	0.115	7.78367713692307e-06
"Ufsp2"	6.35583457971275e-10	0.384616990111349	0.263	0.208	7.99818223511053e-06
"Tex14"	6.41137633030888e-10	-1.49186075331671	0.011	0.03	8.0680759740607e-06
"Lyst"	6.41283260177357e-10	-0.495440643592512	0.119	0.167	8.06990854607186e-06
"Arsg"	6.59040057589632e-10	-1.78394033050226	0.007	0.022	8.29336008470793e-06
"Arl13b"	6.61604726058783e-10	-0.544139908012306	0.072	0.109	8.32563387272373e-06
"Tlr6"	6.88721808902749e-10	-0.799515345234146	0.046	0.08	8.6668752432322e-06
"Hint3"	6.99525346771153e-10	0.531875393103687	0.156	0.113	8.80282696376819e-06
"Tpcn2"	7.11806254722936e-10	-0.464667374711865	0.127	0.177	8.95736990943342e-06
"Wdr43"	7.35283555410319e-10	0.597944506114869	0.121	0.084	9.25280826128345e-06
"Tspan3"	7.38894150946476e-10	-0.354022770161057	0.388	0.437	9.29824399551046e-06
"Ctnnd2"	7.55597420214434e-10	2.0732803064917	0.018	0.004	9.50843793597844e-06
"Wdr55"	7.57510571368013e-10	0.582090554914032	0.124	0.086	9.53251303009507e-06
"Dennd2c"	7.67794387855937e-10	1.66287213288391	0.025	0.008	9.66192457677911e-06
"Elavl1"	7.88880995862575e-10	-0.307436182179283	0.286	0.35	9.92727845193464e-06
"Btbd19"	7.90041935779142e-10	0.672298402434277	0.095	0.059	9.94188771984472e-06
"Casp12"	7.9275025706234e-10	-0.944176003059524	0.03	0.058	9.97596923487249e-06
"Zfp800"	7.99367246433244e-10	-0.56278407209936	0.091	0.135	1.00592374291159e-05
"Ccdc92"	8.19072395723214e-10	-1.24131729166611	0.017	0.039	1.03072070277809e-05
"Yipf1"	8.39070898124962e-10	-0.348664459608455	0.195	0.251	1.05588681820045e-05
"Trerf1"	8.39997425906199e-10	0.770628313239794	0.078	0.045	1.05705276076036e-05
"Mlec"	8.46855744752157e-10	0.450024276294783	0.209	0.16	1.06568326919611e-05
"Hmgn2"	8.84908080475845e-10	0.291284183385167	0.306	0.288	1.1135683284708e-05
"Iqgap2"	8.8621190662262e-10	-0.719955178160153	0.06	0.096	1.11520906329391e-05
"Mfsd11"	9.16900831311893e-10	0.457643478358019	0.192	0.146	1.15382800612289e-05
"Zfp618"	9.41935476872831e-10	1.61980341099203	0.024	0.007	1.18533160409677e-05
"Zc3h7a"	9.60059159762717e-10	-0.419302380005565	0.171	0.224	1.2081384466454e-05
"Sbno1"	9.7890062907296e-10	-0.349455774301236	0.228	0.288	1.23184855162541e-05
"Pgap1"	9.96010490229267e-10	-0.900724484975354	0.035	0.064	1.25337960090451e-05
"Gm47507"	1.00627274095724e-09	-1.30296856103864	0.013	0.032	1.26629361722059e-05
"Mfge8"	1.00911082935378e-09	0.619378088158494	0.077	0.044	1.26986506765879e-05
"Fasn"	1.04225084569704e-09	1.45545591912026	0.032	0.013	1.31156846422516e-05
"Uba1"	1.05707327190123e-09	-0.250378268049691	0.357	0.423	1.3302210053605e-05
"Wnt6"	1.05805737056764e-09	-0.958402761117198	0.026	0.052	1.33145939512232e-05
"Asns"	1.10029579065625e-09	1.36831205506233	0.035	0.014	1.38461222296182e-05
"Rab3gap2"	1.12270024732023e-09	0.58892750563724	0.119	0.083	1.41280599122778e-05
"Preb"	1.12774279262782e-09	-0.352392589330274	0.217	0.276	1.41915153024284e-05
"Rin3"	1.14115562624627e-09	-0.481475987668521	0.133	0.183	1.4360302400683e-05
"Galnt12"	1.18050636114832e-09	1.29787531610466	0.03	0.011	1.48554920486904e-05
"Trim28"	1.1847600632359e-09	0.376495240872818	0.266	0.21	1.49090206357605e-05
"Asf1b"	1.18499993888898e-09	1.12254043350696	0.046	0.024	1.49120392309789e-05
"Oit3"	1.18953081487658e-09	2.15128281849297	0.017	0.004	1.49690557744069e-05
"Fbxw2"	1.20271863022469e-09	-0.256897100420626	0.245	0.303	1.51350112427475e-05
"Tmem67"	1.22825044427042e-09	-0.915065412367007	0.033	0.061	1.5456303590699e-05
"Zfand2b"	1.24140364791738e-09	-0.385189835908151	0.188	0.244	1.56218235053923e-05
"Ankrd24"	1.243899414245e-09	0.728509670434526	0.089	0.056	1.5653230228859e-05
"Galnt2"	1.25271885829747e-09	-0.417972078097074	0.183	0.231	1.57642141128153e-05
"Gm5086"	1.2689852829936e-09	2.04764274660932	0.019	0.005	1.59689108011915e-05
"Serinc3"	1.27825621010601e-09	0.26662525588537	0.411	0.378	1.6085576147974e-05
"Gpcpd1"	1.30181882061689e-09	-0.479173835982964	0.157	0.206	1.6382088038643e-05
"Ilrun"	1.31659171830719e-09	-0.357477591013647	0.237	0.295	1.65679901831777e-05
"Rrm2"	1.35124538542775e-09	1.66147755081216	0.028	0.012	1.70040719302228e-05
"Armcx2"	1.36507432557897e-09	-1.52428223100909	0.009	0.027	1.71780953130858e-05
"Apbb1ip"	1.3663369961139e-09	-0.265155582376012	0.37	0.436	1.71939847590973e-05
"Trip6"	1.37168556478037e-09	1.27950278810447	0.037	0.016	1.72612911471962e-05
"C1qtnf6"	1.42288791091712e-09	-0.415757774230919	0.17	0.224	1.7905621470981e-05
"Chordc1"	1.43468505432602e-09	-0.440423084447975	0.151	0.202	1.80540767236386e-05
"Tmem63a"	1.43956034773043e-09	-0.448499370644506	0.142	0.192	1.81154274158398e-05
"Tnfsf14"	1.45218309932034e-09	-0.558885847174732	0.072	0.111	1.82742721218471e-05
"Vars"	1.46252552027166e-09	0.597988233137902	0.126	0.086	1.84044211470986e-05
"Pfdn2"	1.46312415868686e-09	0.256993514582545	0.388	0.347	1.84119544129154e-05
"Gm17767"	1.47551857111125e-09	-3.30814880014432	0.001	0.01	1.8567925698864e-05
"Gm16675"	1.48386947479495e-09	-0.835154731065963	0.04	0.071	1.86730134708196e-05
"Tifab"	1.50507312210779e-09	-0.262240091478074	0.385	0.45	1.89398401686044e-05
"Nat10"	1.51119635863124e-09	1.20755103813972	0.039	0.017	1.90168949770155e-05
"Hipk1"	1.53030148286729e-09	-0.417045320091379	0.18	0.232	1.9257313860402e-05
"Cdca8"	1.54757622804898e-09	1.07873473658381	0.049	0.026	1.94746992537684e-05
"Mrpl24"	1.58424133103352e-09	0.312940203951686	0.349	0.294	1.99360929097258e-05
"Irak4"	1.60218721289869e-09	-0.543923433401518	0.095	0.139	2.01619238871171e-05
"Gramd4"	1.61054795166932e-09	-0.948651554809238	0.027	0.054	2.02671354238067e-05
"Aoah"	1.61841377680578e-09	-0.417346875859854	0.082	0.117	2.03661189673239e-05
"Atxn7l1"	1.63131204240957e-09	-0.501649315432202	0.114	0.16	2.05284307416821e-05
"Dnajc14"	1.72414450507391e-09	-0.399489111682748	0.162	0.215	2.169663445185e-05
"Tbc1d10b"	1.76278383980655e-09	-0.377977380699896	0.207	0.262	2.21828718401257e-05
"Stimate"	1.80140989537549e-09	-0.699756633288343	0.057	0.09	2.26689421234051e-05
"Rars"	1.80577737714665e-09	0.377465867185578	0.205	0.171	2.27239025140135e-05
"Colgalt1"	1.8150263758807e-09	0.385570170281213	0.221	0.18	2.28402919140827e-05
"Acvr1"	1.87646720345142e-09	1.14084881722355	0.042	0.019	2.36134632882327e-05
"Rab31"	1.9502200175864e-09	-0.257321331800643	0.285	0.347	2.45415687013073e-05
"Fam102b"	1.96508020044171e-09	-0.489028970879509	0.129	0.169	2.47285692423584e-05
"Itpa"	1.98124698895028e-09	-0.451690314841176	0.139	0.188	2.49320121089504e-05
"Gm39459"	2.01372681193388e-09	-1.39198039094779	0.003	0.012	2.5340738201376e-05
"Unc13d"	2.02219708647858e-09	-0.533906365336052	0.095	0.139	2.54473281362464e-05
"Mpzl3"	2.04382525395371e-09	-0.964505224101252	0.024	0.048	2.57194969957535e-05
"Rapsn"	2.04931520329129e-09	2.18370429618535	0.016	0.004	2.57885825182175e-05
"Crybb1"	2.06141969195539e-09	-3.13822379870201	0.001	0.011	2.59409054035666e-05
"Syn1"	2.06914930883623e-09	-1.03914402499401	0.023	0.047	2.60381749023951e-05
"Stard8"	2.12136951022159e-09	0.808477975137941	0.076	0.044	2.66953139166284e-05
"Ttc12"	2.12462441203083e-09	0.711750757293383	0.091	0.057	2.6736273600996e-05
"Wbp11"	2.14490993462635e-09	-0.342527081828781	0.193	0.248	2.6991546617338e-05
"Suds3"	2.14651357207752e-09	-0.277948562368623	0.213	0.267	2.70117267910235e-05
"Gab2"	2.14767975356497e-09	0.377802645879491	0.221	0.188	2.70264020188616e-05
"Ing4"	2.16762527994215e-09	-0.41228267322194	0.141	0.191	2.7277396522792e-05
"Cd200"	2.23107806320469e-09	-0.641766323081245	0.041	0.072	2.80758863473678e-05
"Hes1"	2.23290866675029e-09	1.46945877851923	0.024	0.008	2.80989226623857e-05
"Chd4"	2.27143334848008e-09	-0.268531821047741	0.332	0.396	2.85837172572734e-05
"Bloc1s2"	2.27253704411958e-09	-0.33551620713134	0.23	0.289	2.85976061632008e-05
"Mapk14"	2.43036657049623e-09	-0.370467812422355	0.214	0.269	3.05837329231246e-05
"Cct5"	2.46039760354495e-09	0.257676713468601	0.422	0.383	3.09616434430096e-05
"Lnpep"	2.47039241526704e-09	-0.30909328138322	0.273	0.334	3.10874181537204e-05
"Plod3"	2.52858669810035e-09	-0.29970895347679	0.283	0.345	3.18197350088948e-05
"Cela1"	2.58721367010514e-09	0.781702609600119	0.081	0.049	3.25574968246031e-05
"Plekhm2"	2.60801766458821e-09	0.557970124685052	0.141	0.099	3.2819294291178e-05
"Katnbl1"	2.64699400089732e-09	0.546125252096788	0.133	0.098	3.33097725072919e-05
"Cass4"	2.65702679548052e-09	-0.715175756683455	0.059	0.094	3.34360251943268e-05
"Blcap"	2.6984920160826e-09	-0.356722303933967	0.234	0.29	3.39578235303835e-05
"Chfr"	2.73570132865821e-09	-0.504951503560375	0.112	0.157	3.44260655198349e-05
"Hspb1"	2.75998309583331e-09	2.51046429962953	0.043	0.023	3.47316272779663e-05
"Trib3"	2.83389064958829e-09	0.956240885301482	0.052	0.031	3.5661679934419e-05
"Cnrip1"	2.87963347646654e-09	1.12481060713178	0.043	0.021	3.62373076678549e-05
"Glul"	2.89021923949432e-09	-0.277894841380574	0.361	0.424	3.63705189097965e-05
"Ssrp1"	2.9186446424812e-09	0.271627253861499	0.299	0.269	3.67282241809834e-05
"Foxn2"	2.96650425875367e-09	-0.591462106913203	0.079	0.119	3.73304895921561e-05
"Vdr"	3.00476999093267e-09	-1.10055338073596	0.02	0.043	3.78120255658968e-05
"Gfra4"	3.10267325704423e-09	2.74441925065983	0.012	0.002	3.90440402666446e-05
"C77080"	3.14135380725024e-09	2.62731094766097	0.012	0.002	3.9530796310437e-05
"Slco4a1"	3.15885187938748e-09	1.72339271714207	0.024	0.008	3.9750992050212e-05
"Hsdl2"	3.16507391873847e-09	-0.490309392352932	0.089	0.129	3.98292901934049e-05
"Fbxo36"	3.25586767022651e-09	1.29787531610466	0.029	0.011	4.09718387621304e-05
"Nrbp1"	3.3213306017412e-09	-0.255085086026803	0.306	0.369	4.17956242923112e-05
"Plekhg2"	3.44862373408518e-09	-0.734501612651001	0.052	0.085	4.33974810697279e-05
"Erlin1"	3.46204774806169e-09	-0.582142417967983	0.085	0.124	4.35664088616083e-05
"Zcchc24"	3.474727249471e-09	-0.44131878123088	0.115	0.159	4.37259677073431e-05
"Pmvk"	3.59681636914966e-09	-0.383336296538542	0.163	0.215	4.52623371893793e-05
"Hnrnpa0"	3.6233890948469e-09	0.486955802095548	0.169	0.125	4.55967283695534e-05
"Aspa"	3.64698722621396e-09	-3.05878933120761	0.001	0.011	4.58936872546765e-05
"Cnot8"	3.66606019811247e-09	-0.29340368163001	0.278	0.339	4.61337015330473e-05
"Pecr"	3.69372335506052e-09	1.28859086835319	0.034	0.014	4.64818147000815e-05
"Mfsd7a"	3.78158435871493e-09	-0.75697461287945	0.043	0.074	4.75874575700687e-05
"Tdrkh"	3.84582564812771e-09	0.970108823086063	0.05	0.025	4.83958699560391e-05
"Nbdy"	3.89124539400703e-09	0.447493447022438	0.19	0.143	4.89674320381845e-05
"Cct4"	3.94535987445437e-09	0.250994055785011	0.466	0.417	4.96484086601337e-05
"Lifr"	4.0384514677173e-09	-0.698273729457679	0.066	0.097	5.08198732697545e-05
"Dnajc3"	4.13613451752643e-09	-0.324451566960338	0.319	0.371	5.20491167685525e-05
"Ccdc97"	4.13797694782877e-09	-0.495243709987777	0.094	0.135	5.20723019114772e-05
"Cerk"	4.21930168537197e-09	0.364929197364605	0.27	0.222	5.30956924087209e-05
"Tmem64"	4.2712554460555e-09	1.31667816145477	0.033	0.014	5.37494785331624e-05
"Rpl36a-ps1"	4.29091043430892e-09	1.40926399660048	0.03	0.012	5.39968169053434e-05
"Tardbp"	4.35653361900221e-09	-0.361512025743048	0.179	0.233	5.48226190615238e-05
"Cd244a"	4.38909108657437e-09	-1.07734155655499	0.024	0.048	5.52323222334519e-05
"Sfxn1"	4.59627416844146e-09	0.502006008666765	0.147	0.103	5.78395141356673e-05
"Runx2"	4.61167126618887e-09	0.992172838553665	0.049	0.024	5.80332712137208e-05
"Trim11"	4.78171529677657e-09	-0.595785914627411	0.072	0.11	6.01731052946363e-05
"Sae1"	4.86412261650127e-09	0.401312242694719	0.192	0.158	6.12101190060519e-05
"Rasa1"	5.0133722907019e-09	0.662561794844019	0.098	0.064	6.30882769061927e-05
"Arhgap4"	5.07311657738153e-09	-0.419287081839921	0.171	0.219	6.38400990097691e-05
"Fdft1"	5.09306688288068e-09	-0.467901393194307	0.113	0.158	6.40911536541704e-05
"Grk3"	5.1867075926643e-09	-0.90544360857081	0.03	0.057	6.52695283460875e-05
"Gpatch4"	5.24235975972256e-09	0.90213393891413	0.06	0.032	6.59698552163487e-05
"Rbp1"	5.31609699490017e-09	1.8770429579513	0.042	0.021	6.68977645838238e-05
"Hs2st1"	5.35120361029304e-09	0.799670699355764	0.071	0.042	6.73395462319276e-05
"Tmem176a"	5.44996180258158e-09	-0.815304501411598	0.02	0.043	6.85823193236866e-05
"Gpr146"	5.4539270541572e-09	-0.368820763501139	0.191	0.245	6.86322180495142e-05
"Stx4a"	5.51305635533403e-09	0.2530768202497	0.469	0.419	6.93763011755235e-05
"Rrs1"	5.62781458552288e-09	0.673843250704915	0.095	0.06	7.08204187442199e-05
"Arfip1"	5.70513233521393e-09	-0.575629111009309	0.059	0.091	7.17933853063321e-05
"Tceal9"	5.87038360345639e-09	0.279134265723914	0.344	0.31	7.38729072658952e-05
"Tlr9"	6.07177191364896e-09	-0.999061051030385	0.017	0.037	7.64071777613585e-05
"Myl6b"	6.07871820136693e-09	-1.03822800872529	0.023	0.047	7.64945898460015e-05
"Stambpl1"	6.08224576089296e-09	-0.505128802307757	0.097	0.139	7.6538980655077e-05
"Ttc7b"	6.09937421403225e-09	1.54458602541729	0.025	0.009	7.67545251093819e-05
"Spatc1"	6.23221726725026e-09	-1.98970127399192	0.004	0.017	7.84262220910773e-05
"Stk26"	6.39287462637874e-09	-1.35323668967286	0.012	0.03	8.04479342983501e-05
"Tirap"	6.40893184960162e-09	-0.585373483134607	0.063	0.097	8.06499983953868e-05
"Pxylp1"	6.53644747673655e-09	-1.60119577504456	0.008	0.023	8.22546550472527e-05
"Htra4"	6.53787932561711e-09	1.23031523847694	0.034	0.014	8.22726734335657e-05
"Tep1"	6.6072087808551e-09	0.475787234529644	0.174	0.129	8.31451152982806e-05
"Il11ra1"	6.70432678250306e-09	0.961311874848905	0.052	0.027	8.43672482310185e-05
"Plpp1"	6.74977397504383e-09	-1.18053460355998	0.018	0.038	8.49391557019516e-05
"Slc26a11"	6.80278095888038e-09	0.915414164900063	0.056	0.031	8.56061955865507e-05
"Ttyh2"	6.87196278918083e-09	1.31882122709841	0.031	0.013	8.64767797390516e-05
"Hk2"	6.87819284442671e-09	0.328557275670832	0.257	0.239	8.65551787542657e-05
"Padi4"	6.88289161943611e-09	-1.43367968222818	0.008	0.024	8.6614308138984e-05
"Prpf19"	6.98304459005006e-09	0.400802417852287	0.224	0.18	8.787463312119e-05
"Acsf2"	6.98930234666056e-09	-0.679793703909786	0.056	0.09	8.79533807303765e-05
"Pink1"	6.99952834028228e-09	0.390390312605445	0.229	0.177	8.80820646341122e-05
"Nin"	7.02732331643534e-09	-0.442983879523563	0.145	0.192	8.84318366140224e-05
"Clec5a"	7.38922733656079e-09	-0.330621953981184	0.425	0.481	9.2986036803281e-05
"Gm15503"	7.42067053866609e-09	1.53496588503088	0.025	0.009	9.33817180585741e-05
"Vwa5a"	7.42803402141576e-09	-0.409975421636913	0.163	0.213	9.34743801254959e-05
"Rpl10-ps3"	7.4740504163828e-09	0.911244877562289	0.056	0.03	9.40534504397612e-05
"Bbip1"	7.54275454273385e-09	-0.270878432128727	0.314	0.375	9.49180231657628e-05
"Galnt9"	7.64526888306425e-09	-0.717648115881737	0.052	0.085	9.62080636244805e-05
"Impa2"	7.77503948413637e-09	0.352119534114429	0.294	0.244	9.7841096868372e-05
"BC049352"	7.94438789927116e-09	-1.46538854195552	0.011	0.028	9.99721773244283e-05
"Yars"	7.95829051806279e-09	0.628748610999558	0.103	0.067	0.000100147127879302
"Smc2"	8.20781425401189e-09	1.00399827395045	0.048	0.026	0.000103287134572486
"Psat1"	8.20867217035217e-09	0.756476256039729	0.077	0.046	0.000103297930591712
"Arhgef40"	8.28867448994866e-09	1.04680809513051	0.045	0.022	0.000104304679781514
"Mcrip2"	8.30567315146173e-09	0.882685191060971	0.058	0.032	0.000104518590937994
"Zbtb38"	8.37295609388304e-09	0.772046040641977	0.077	0.046	0.000105365279485424
"Zfp704"	8.40456682449827e-09	2.69466621546273	0.012	0.002	0.000105763068919486
"Akr1c13"	8.43927676679681e-09	0.749099428059009	0.074	0.044	0.000106199858833371
"Dusp22"	8.44579681809184e-09	-0.461931900034659	0.128	0.174	0.000106281907158868
"Adcy4"	8.69804636027753e-09	-1.77976982778953	0.005	0.017	0.000109456215397732
"Eif3a"	8.7967857895257e-09	0.276456730380557	0.426	0.375	0.000110698752375391
"Mlx"	8.86089938730242e-09	-0.364473999088253	0.182	0.235	0.000111505557889814
"Ccnd2"	8.93002228309576e-09	-0.393184082494889	0.113	0.155	0.000112375400410477
"Atf1"	8.96962481282114e-09	0.306769104980893	0.271	0.24	0.000112873758644541
"Yae1d1"	8.98126389371682e-09	0.618919677401826	0.1	0.065	0.000113020224838532
"Nol7"	9.04333560232387e-09	0.265339756238157	0.417	0.359	0.000113801335219644
"Trmt1"	9.05159967690014e-09	0.490837797749061	0.156	0.112	0.000113905330334111
"Matr3"	9.05334876625772e-09	0.509731301775993	0.15	0.109	0.000113927340874587
"Chid1"	9.10398835298846e-09	-0.452997174507426	0.119	0.154	0.000114564589434007
"Kcnj10"	9.38065870916331e-09	1.49523721971034	0.026	0.009	0.000118046209196111
"Gspt1"	9.40174817968169e-09	0.428600481698083	0.191	0.148	0.000118311599093114
"Serpinb6b"	9.54017953338801e-09	1.56050757697672	0.03	0.012	0.000120053619248155
"Mybbp1a"	9.60204659176777e-09	0.484493624014564	0.162	0.118	0.000120832154310806
"Bcl2a1d"	9.77968729228609e-09	0.261692888537817	0.411	0.351	0.000123067584886128
"Actr10"	9.88140731021242e-09	-0.281074156985896	0.286	0.346	0.000124347629591713
"Mnat1"	9.89056381808801e-09	0.560743330721977	0.125	0.086	0.00012446285508682
"Slc1a2"	9.93315335138673e-09	-2.20861312659341	0.003	0.015	0.000124998801773851
"Slc39a10"	1.00439420373422e-08	0.758682708333887	0.077	0.047	0.000126392966597915
"Pim3"	1.01157299810151e-08	-0.349254003473996	0.217	0.272	0.000127296346081094
"Flcn"	1.01799805718101e-08	0.445916419271956	0.163	0.131	0.000128104875515658
"Gtf3a"	1.02170462677819e-08	0.455180475905808	0.174	0.128	0.000128571310233768
"Hint2"	1.02344817909344e-08	0.35522792886779	0.252	0.205	0.000128790718857119
"P2ry2"	1.06182556213168e-08	0.620155101980048	0.108	0.072	0.000133620128738651
"Pdlim4"	1.06733801556728e-08	-0.327800021296208	0.249	0.305	0.000134313815878987
"Nim1k"	1.08331441059045e-08	-1.07449820109162	0.016	0.035	0.000136324285428702
"D5Ertd605e"	1.08437715666604e-08	1.78777561985421	0.02	0.006	0.000136458021394854
"Iars"	1.12485675763144e-08	0.730045502879201	0.08	0.049	0.00014155197438034
"Ebp"	1.12762649860679e-08	-0.311353603478239	0.26	0.316	0.000141900518584679
"Gclc"	1.14351903562979e-08	0.707110079794754	0.086	0.053	0.000143900435443653
"Ogfrl1"	1.14525372428448e-08	-0.328313410001615	0.244	0.3	0.000144118728663959
"Adrb2"	1.14705456235612e-08	-0.335893790627227	0.25	0.307	0.000144345346126894
"Susd6"	1.15104496389879e-08	-0.451120236172576	0.133	0.179	0.000144847498257024
"Grwd1"	1.15612298669589e-08	0.851860732432907	0.061	0.034	0.000145486516645811
"Cald1"	1.1631104198876e-08	1.34637174348938	0.048	0.027	0.000146365815238655
"Agbl3"	1.20106327882981e-08	1.32120781993529	0.03	0.012	0.000151141803007944
"Rbck1"	1.21309850039416e-08	-0.309825767717645	0.272	0.327	0.000152656315289601
"Lrg1"	1.22393040591396e-08	-1.45448314350268	0.006	0.02	0.000154019402280213
"Dtnb"	1.24576322522744e-08	1.28291390011325	0.032	0.013	0.000156766844262621
"Ncln"	1.2485850377929e-08	-0.320857494581779	0.228	0.284	0.000157121941155858
"Gm49041"	1.28328650970967e-08	-0.79372529223932	0.031	0.056	0.000161488774381865
"Mrtfb"	1.28436699558605e-08	0.674690648697494	0.093	0.059	0.000161624742724548
"Gatd3a"	1.28475687960493e-08	0.454175290860928	0.154	0.119	0.000161673805729484
"Tmem51os1"	1.31036220072144e-08	-1.99882074203659	0.004	0.016	0.000164895979338785
"Adam33"	1.3352035164961e-08	1.91488753775755	0.018	0.005	0.000168022010515869
"Slc46a1"	1.34077389616593e-08	0.950003384309725	0.049	0.025	0.00016872298709352
"4931406P16Rik"	1.35672577536872e-08	0.725933811917976	0.08	0.05	0.0001707303715724
"Rfx2"	1.35824654941954e-08	-1.89311130086548	0.005	0.018	0.000170921745778956
"Trpc4ap"	1.36708789598796e-08	-0.27801597251224	0.248	0.305	0.000172034340831125
"Slc2a6"	1.36789032141386e-08	-0.504522057663167	0.127	0.169	0.000172135318046721
"Ptges3l"	1.36918062602411e-08	0.882685191060971	0.058	0.032	0.000172297689978874
"Mtm1"	1.39142384005697e-08	-0.491312825075833	0.093	0.133	0.000175096776032769
"Lrpprc"	1.41077492213181e-08	0.71564369597744	0.082	0.051	0.000177531916201066
"Pno1"	1.46026440201411e-08	0.401842164044823	0.203	0.161	0.000183759672349456
"Cnksr3"	1.5026804392115e-08	1.75486099738148	0.021	0.006	0.000189097306470375
"Gins2"	1.50502242234318e-08	0.795433706469294	0.067	0.041	0.000189392021627665
"Plpp3"	1.51760607524136e-08	0.829811861661911	0.076	0.046	0.000190975548508373
"Mthfd1"	1.52052971514071e-08	1.00182416140569	0.047	0.024	0.000191343459353307
"Bub1"	1.52338556566288e-08	2.64313591482265	0.012	0.002	0.000191702839583016
"Rnf14"	1.56526776050706e-08	-0.37366483529195	0.145	0.192	0.000196973294982209
"Pik3cb"	1.57081048777364e-08	0.617179043720872	0.103	0.071	0.000197670791781435
"Commd2"	1.62911892822368e-08	-0.255184888755605	0.228	0.28	0.000205008325927668
"Spata13"	1.64971274065661e-08	-0.532829398076041	0.096	0.133	0.000207599851284227
"Myo7a"	1.65099982439637e-08	0.752547131543231	0.073	0.045	0.00020776181790204
"Adap2"	1.65636985009548e-08	-0.447955885618209	0.138	0.181	0.000208437581936015
"A930015D03Rik"	1.66268814517094e-08	-0.574648725398255	0.079	0.117	0.000209232676188311
"Odc1"	1.671238333255e-08	0.397308992763394	0.225	0.176	0.000210308631856809
"Gm14410"	1.67301249230739e-08	1.44673870201915	0.026	0.01	0.000210531892031962
"Sowahc"	1.73079482156612e-08	0.516718231572072	0.135	0.107	0.000217803220345881
"Phip"	1.73345747002842e-08	-0.420279814298537	0.127	0.172	0.000218138288028376
"Lpar1"	1.74766278072734e-08	-0.747231773389818	0.049	0.078	0.000219925884326729
"Rab8b"	1.76860354522571e-08	0.294417519047752	0.302	0.275	0.000222561070131204
"Cystm1"	1.81213621213768e-08	0.513409741664434	0.083	0.053	0.000228039220935406
"Raf1"	1.83244466611296e-08	-0.30893308667676	0.232	0.288	0.000230594836783654
"Ncstn"	1.93068801906362e-08	-0.277440737191217	0.281	0.34	0.000242957780318966
"Traf3"	1.93950687247579e-08	0.525115211440761	0.117	0.091	0.000244067544832353
"Rnaset2a"	1.97126356059143e-08	-0.258632187748227	0.348	0.408	0.000248063806464825
"Zfp608"	1.97729739913655e-08	-0.536408228512767	0.082	0.12	0.000248823104707343
"Lgals7"	1.97757128547192e-08	1.67262010943547	0.031	0.013	0.000248857570563787
"Panx1"	1.98464302364177e-08	-0.709712065006476	0.052	0.082	0.00024974747809508
"Supt5"	2.0432049910769e-08	-0.282156018366569	0.229	0.283	0.000257116916077117
"Plod2"	2.10333087584723e-08	3.29918151360529	0.01	0.001	0.000264683157416616
"Trabd"	2.13888216121969e-08	-0.325616977721534	0.23	0.284	0.000269156931167885
"Smap2"	2.16542801798122e-08	-0.343730503988559	0.194	0.246	0.000272497461782756
"Ppfibp1"	2.16727131701689e-08	0.72357890737797	0.078	0.047	0.000272729422533406
"Blmh"	2.17195358107828e-08	-0.400959849650884	0.162	0.21	0.00027331863864289
"Phf11d"	2.17828781667849e-08	-0.342423103272488	0.138	0.182	0.000274115738850821
"Usp4"	2.18565260343038e-08	-0.310160819515819	0.199	0.251	0.000275042523615679
"Agap3"	2.19954467615967e-08	0.641994993418079	0.096	0.063	0.000276790702047933
"Srd5a3"	2.28911505770847e-08	-0.350749190579121	0.203	0.255	0.000288062238862034
"Gimap9"	2.31520637985798e-08	-1.74394485958996	0.005	0.016	0.000291345570841329
"Hsd17b10"	2.32352289287902e-08	0.34700446057295	0.271	0.221	0.000292392120839896
"Gm20559"	2.38836251814135e-08	-0.875189392868216	0.018	0.037	0.000300551539282907
"Raet1e"	2.44698975208959e-08	-0.452973241079959	0.135	0.179	0.000307929190402954
"Orai2"	2.47726444978382e-08	-0.555133712313625	0.081	0.114	0.000311738958360796
"0610040J01Rik"	2.48620589395324e-08	-1.7571336313465	0.006	0.019	0.000312864149695076
"Fundc2"	2.53812458890536e-08	0.260353795382337	0.391	0.347	0.000319397598267851
"Sbf2"	2.5436310547951e-08	0.545669345139348	0.12	0.086	0.000320090531935415
"Olfr56"	2.56132301323853e-08	-0.92321090773116	0.026	0.05	0.000322316887985937
"Camk2n1"	2.61699306551517e-08	1.90806985357192	0.018	0.005	0.000329322407364429
"Pag1"	2.62609233161602e-08	-0.478008558170417	0.108	0.15	0.00033046745901056
"Glipr1"	2.67149511129518e-08	0.341293026863434	0.289	0.246	0.000336180944805386
"Ngly1"	2.68290503079518e-08	-0.610394529169985	0.069	0.102	0.000337616769075265
"Sumf1"	2.69441117001489e-08	-0.342632518956096	0.213	0.265	0.000339064701634673
"Gna15"	2.70161728125857e-08	0.451774291916444	0.169	0.128	0.000339971518673579
"Slfn9"	2.7157475319261e-08	-0.716397133760527	0.04	0.068	0.00034174966941758
"Ngdn"	2.73152891154e-08	-0.304032691672091	0.213	0.266	0.000343735598228194
"Psip1"	2.7466840501531e-08	-0.448716998527089	0.114	0.157	0.000345642720871266
"Gch1"	2.78634244395083e-08	-0.261366244104006	0.374	0.431	0.000350633333146773
"Gm28809"	2.82316851623049e-08	-0.98171931302202	0.022	0.044	0.000355267526082445
"Htra2"	2.83726777861344e-08	-0.302666057606693	0.23	0.285	0.000357041777260715
"Rffl"	2.86894433922809e-08	-0.598039982193214	0.07	0.106	0.000361027955648463
"Polr2h"	2.87641521586032e-08	0.467058686398741	0.168	0.125	0.000361968090763862
"B3gat3"	2.88865061160158e-08	-0.40622018721188	0.157	0.202	0.000363507792963943
"Pole"	3.02817452553263e-08	2.72684662121188	0.011	0.001	0.000381065482293026
"Rnf181"	3.02841326913561e-08	-0.288387892483279	0.265	0.322	0.000381095525788025
"Kctd10"	3.08498447897434e-08	-0.436768966151422	0.124	0.168	0.000388214446834131
"Krit1"	3.10289984917077e-08	-0.486535184180041	0.107	0.149	0.00039046891701965
"Rnf167"	3.1916044835789e-08	-0.362846617350858	0.163	0.211	0.000401631508213568
"Lix1l"	3.24100931143799e-08	1.14306231168801	0.036	0.017	0.000407848611751357
"Rassf5"	3.31539956484319e-08	-0.429070054553473	0.135	0.18	0.000417209881239867
"Tor2a"	3.32125039041645e-08	-0.315391540025461	0.223	0.277	0.000417946149130006
"Atp9a"	3.35587692406263e-08	1.83140255225447	0.017	0.005	0.000422303552124042
"Mrps34"	3.35959072278138e-08	0.289588635434288	0.263	0.229	0.000422770896554809
"Zfp821"	3.36503164355561e-08	-0.61787855532854	0.067	0.101	0.000423455582025038
"Cmc2"	3.3876597512955e-08	0.528825404813843	0.135	0.096	0.000426303103103025
"Rabgef1"	3.3916594898517e-08	-0.427529553377925	0.128	0.173	0.000426806430202938
"Gins1"	3.45461115575053e-08	1.25630804514219	0.032	0.014	0.000434728267839647
"Haao"	3.46370005348332e-08	0.673263738730507	0.088	0.056	0.000435872014730341
"Btbd1"	3.48618035536668e-08	-0.285094182721023	0.294	0.351	0.000438700935919343
"Nsun2"	3.5096884285235e-08	0.383412766650317	0.224	0.178	0.000441659191845397
"2900093K20Rik"	3.53141507900843e-08	1.11659010032681	0.039	0.02	0.000444393273542421
"Igf1r"	3.53151486167452e-08	-1.02633091863111	0.026	0.048	0.000444405830193122
"Zkscan14"	3.55590929817461e-08	0.803673246734422	0.061	0.036	0.000447475626082293
"Slc26a2"	3.61265590865829e-08	-0.556214615370202	0.074	0.11	0.000454616619545559
"Ppp1r35"	3.6529551140184e-08	-0.337693075758338	0.171	0.22	0.000459687871548076
"Dnajc2"	3.68958039775998e-08	0.333132133231638	0.244	0.206	0.000464296797254116
"Tob1"	3.72026573578242e-08	-0.377230933889354	0.165	0.214	0.00046815824019086
"Tafa2"	3.73173756828789e-08	2.08416862263444	0.015	0.003	0.000469601855593348
"Rcsd1"	3.75217841225879e-08	-0.411434357948075	0.148	0.194	0.000472174131398646
"Slc25a26"	3.75346829335462e-08	1.09178180674431	0.039	0.019	0.000472336450035745
"Gm26902"	3.89422203727946e-08	1.38115036039157	0.027	0.011	0.000490048901171248
"Sh3pxd2a"	3.92132396409232e-08	1.11369457493761	0.037	0.017	0.000493459407641378
"Ralgps2"	3.96944406200126e-08	-1.24256045851675	0.011	0.028	0.000499514840762238
"Hmgcr"	4.07313995474092e-08	-0.52603982924583	0.087	0.125	0.000512563931904597
"Tchh"	4.11691295250114e-08	-2.01269291661815	0.003	0.014	0.000518072325942743
"Mon2"	4.17929036003802e-08	0.512030162270865	0.137	0.098	0.000525921898907185
"Mdfic"	4.32291996025524e-08	0.273721105521452	0.322	0.286	0.000543996247798519
"Trim46"	4.32819140493368e-08	-1.11191252158616	0.017	0.037	0.000544659606396854
"Rbbp7"	4.42533773559333e-08	0.384987690927702	0.197	0.16	0.000556884500647064
"Sac3d1"	4.47958605155664e-08	0.57991792117254	0.109	0.075	0.000563711108727887
"Zfp277"	4.51810617538096e-08	-0.355605117254972	0.164	0.212	0.000568558481109941
"Lmo2"	4.56471375616569e-08	0.365184868395545	0.244	0.2	0.00057442357907589
"AY036118"	4.63134631396767e-08	0.271382509396091	0.665	0.617	0.000582808620149691
"Snrk"	4.67304894284449e-08	-0.550626237812884	0.085	0.121	0.000588056478967551
"Mccc2"	4.73777513803704e-08	1.18370429618535	0.032	0.014	0.000596201623370581
"Ccna2"	4.74183708506358e-08	2.00473415514003	0.017	0.005	0.000596712778784401
"Snd1"	4.74320277903346e-08	-0.355035187775158	0.186	0.236	0.00059688463771357
"Hgs"	4.76516302088954e-08	-0.284580329005918	0.221	0.273	0.000599648114548739
"Bag2"	4.83013380647624e-08	2.72684662121188	0.01	0.001	0.00060782403820697
"Kin"	4.87274870442834e-08	-0.565334130281429	0.074	0.11	0.000613186696965262
"Arhgap21"	4.93711119380545e-08	1.154131180802	0.035	0.016	0.000621286072628478
"Ldlrad3"	4.95598831620525e-08	-1.06505738614004	0.019	0.039	0.000623661569711268
"Nfkbid"	5.26626071276529e-08	-0.266626533088157	0.184	0.232	0.000662706248094384
"Snhg3"	5.31476929052907e-08	0.258101440314663	0.272	0.248	0.000668810567520178
"Dnaaf3"	5.34262093428403e-08	-0.690489261603719	0.049	0.079	0.000672315418370302
"Fnta"	5.39446127325284e-08	-0.284522483043761	0.217	0.269	0.000678839006626138
"Bckdha"	5.54284660485463e-08	0.572557863660541	0.095	0.063	0.000697511816754907
"Gla"	5.57906083240621e-08	0.342976379817491	0.257	0.227	0.000702069015149998
"Mtf1"	5.73510984757516e-08	-0.438371377552903	0.125	0.168	0.000721706223218858
"Mat2a"	5.82754964262844e-08	-0.299805540281991	0.232	0.286	0.000733338847028363
"Prkacb"	5.90421549238172e-08	0.469091446870933	0.15	0.112	0.000742986477561316
"Wdr81"	5.91994913240012e-08	0.540351752790639	0.115	0.083	0.000744966398821231
"Ppp1r9b"	5.95497655407118e-08	-0.301473597321795	0.194	0.244	0.000749374249564317
"Ptpa"	6.17058066686262e-08	0.282546471013994	0.288	0.254	0.000776505871117991
"Letm1"	6.1918865512739e-08	-0.274736606242293	0.182	0.228	0.000779187003612307
"Slc35a5"	6.24961298060662e-08	-0.615676243298132	0.065	0.098	0.000786451297479538
"Uaca"	6.27437310744811e-08	1.86177620129799	0.015	0.004	0.00078956711184127
"Cep55"	6.31422590122348e-08	2.18370429618535	0.014	0.003	0.000794582187409963
"Crtc2"	6.33433231145198e-08	-0.385441499073029	0.149	0.196	0.000797112378073118
"Crk"	6.56797213278042e-08	-0.291044382377071	0.232	0.286	0.000826513613189088
"Lsm10"	6.65969728077457e-08	-0.298029480343253	0.18	0.227	0.000838056305812672
"Gm16933"	6.71316308961116e-08	1.76447899994307	0.018	0.005	0.000844784443196669
"Dpp3"	6.73915315808616e-08	-0.373365421334492	0.173	0.221	0.000848055033413563
"Tmem242"	6.83068783335396e-08	0.323437451248477	0.28	0.229	0.000859573756949262
"Coro7"	6.8575520822796e-08	-0.317741442658794	0.187	0.237	0.000862954354034065
"Efr3a"	6.92773217658942e-08	-0.378300139601085	0.165	0.213	0.000871785817102013
"Zfp207"	6.93725796406151e-08	-0.261988187310742	0.253	0.308	0.0008729845421975
"Lrrc58"	7.01642852858646e-08	0.326954344624426	0.253	0.218	0.000882947366037321
"Meis3"	7.19933958619979e-08	-0.636792675624042	0.059	0.088	0.000905964893527381
"Ctsk"	7.30041145611564e-08	2.81298069746315	0.037	0.019	0.000918683777637593
"Mmp28"	7.33828713970033e-08	-2.72318629942317	0.001	0.01	0.000923450053659889
"Spr"	7.35440078475891e-08	0.366081038673921	0.231	0.185	0.000925477794754061
"Cenpm"	7.36337911037082e-08	1.64904687731226	0.021	0.007	0.000926607627249064
"Dmac1"	7.37822091911111e-08	-0.293342865368916	0.272	0.326	0.000928475320460942
"Cep78"	7.43012031562522e-08	1.09766446511866	0.037	0.017	0.000935006340518277
"Napg"	7.44030875311078e-08	0.41938821387419	0.164	0.129	0.000936288453491461
"Cd40"	7.61681940901113e-08	-0.285389687143063	0.214	0.265	0.00095850055442996
"Gfpt1"	7.73274114423907e-08	0.571383679843734	0.113	0.081	0.000973088145591045
"Larp4"	7.81735532633211e-08	0.598741795464196	0.1	0.066	0.000983735994265633
"Atmin"	7.90599783326611e-08	0.726548820603766	0.072	0.043	0.000994890767338208
"Agtpbp1"	7.92511307437174e-08	-0.5321380064151	0.088	0.125	0.00099729622927894
"Wdr12"	7.9258035410171e-08	0.733359928170555	0.068	0.043	0.000997383117601592
"Polb"	8.11356266740582e-08	-0.335638120792278	0.207	0.257	0.00102101072606635
"Acsbg1"	8.15703345240462e-08	1.08684275693276	0.036	0.017	0.0010264810896506
"Birc2"	8.3385368690764e-08	-0.548099592865075	0.071	0.106	0.00104932147960457
"Gmip"	8.48320923158517e-08	-0.331710343592081	0.167	0.214	0.00106752704970268
"Cd276"	8.64489474138012e-08	0.903945655541929	0.05	0.027	0.00108787355425527
"Acaa1a"	8.68226615180124e-08	-0.265994049648857	0.304	0.359	0.00109257637254267
"Immt"	8.69193439409498e-08	-0.282896008212411	0.277	0.332	0.00109379302415291
"Jak3"	8.85465629932353e-08	-0.390889231152259	0.15	0.196	0.00111426994870687
"Skiv2l"	8.96562553693941e-08	-0.402486552878114	0.118	0.159	0.00112823431756846
"Ahi1"	8.98203252248932e-08	-0.72609789484307	0.033	0.057	0.00113029897263006
"Rpl3l"	9.29050054298143e-08	-1.43987949856311	0.009	0.024	0.00116911658832878
"Impa1"	9.48332551045772e-08	-0.443894615070246	0.121	0.163	0.001193381682236
"Rin2"	9.51871906635977e-08	-0.309301572911121	0.206	0.257	0.00119783560731071
"Cdkn2c"	9.59174594309595e-08	0.788219594327909	0.065	0.039	0.00120702530947919
"R3hcc1"	9.60445224318595e-08	0.748394401880247	0.067	0.041	0.00120862427028252
"Bloc1s4"	9.6110708933898e-08	-0.324538121738435	0.179	0.227	0.00120945716122417
"Agfg2"	9.95891164233099e-08	-0.40015311444662	0.13	0.173	0.00125322944107093
"Tubb2a"	1.00377351830994e-07	-0.276775242708503	0.329	0.385	0.00126314859544123
"Galk1"	1.01185957022404e-07	0.310747833758654	0.306	0.257	0.00127332408316993
"Entr1"	1.01384215214012e-07	-0.312787694947843	0.215	0.267	0.00127581896425313
"Sh3tc1"	1.03713616106243e-07	0.734819026422835	0.071	0.043	0.00130513214508096
"March8"	1.05083196187253e-07	0.544991409686587	0.116	0.08	0.00132236694082039
"Abr"	1.06547884858386e-07	0.324275054283103	0.291	0.244	0.00134079858305793
"Nlrc4"	1.06959795191003e-07	-0.920916666525345	0.024	0.046	0.00134598206268358
"Clmn"	1.07783207536595e-07	-2.13822379870201	0.002	0.01	0.00135634388364052
"Rpia"	1.09580900094937e-07	-0.482002614811032	0.103	0.142	0.00137896604679469
"Tcaf1"	1.10358194101938e-07	1.61666370346146	0.017	0.005	0.00138874751457879
"Samd4b"	1.10575738898137e-07	-0.355881410928425	0.17	0.218	0.00139148509829415
"Gm13710"	1.11762591235629e-07	1.97030065807616	0.015	0.004	0.00140642044810915
"Pck2"	1.11947511877644e-07	0.498436889668511	0.12	0.092	0.00140874748946827
"Git2"	1.12296456953254e-07	-0.313574953073305	0.209	0.26	0.00141313861429975
"Cpeb2"	1.15566047657886e-07	0.619000634447996	0.098	0.067	0.00145428314372684
"Phpt1"	1.18913981118234e-07	0.898929199715456	0.05	0.027	0.00149641353839186
"Vps26a"	1.19361855731388e-07	-0.266716081156977	0.269	0.324	0.00150204959252379
"Pola1"	1.22048579069243e-07	1.36100882799326	0.028	0.012	0.00153585931900736
"Dusp8"	1.23881567899902e-07	2.11553279354377	0.012	0.002	0.00155892565045237
"Tjp3"	1.24907896519036e-07	-0.82272197297408	0.03	0.053	0.00157184096979555
"Nubpl"	1.2582120564896e-07	0.654775830378524	0.072	0.048	0.00158333405188651
"Casp7"	1.26292463672701e-07	-0.608227757198782	0.064	0.096	0.00158926436285727
"Sec24b"	1.28022018033026e-07	-0.372235303305292	0.155	0.201	0.0016110290749276
"Acvr2a"	1.28858435994214e-07	-0.650122837233443	0.044	0.071	0.00162155455855119
"Abcd1"	1.32335603280938e-07	-0.417683752448915	0.133	0.176	0.00166531123168732
"Nfix"	1.33288164497698e-07	0.561145008806544	0.103	0.069	0.00167729826203903
"Ggnbp2"	1.35150728723099e-07	-0.252763635916674	0.297	0.353	0.00170073677025148
"Pias1"	1.36260772809078e-07	-0.270120898953977	0.185	0.23	0.00171470556502944
"Pmm1"	1.36281924387321e-07	0.545221278509479	0.111	0.076	0.00171497173649004
"Hist1h2ae"	1.41281044348536e-07	1.38400294667118	0.026	0.011	0.00177788066208198
"Hbp1"	1.45727299050474e-07	0.341914389434236	0.238	0.2	0.00183383233125117
"1110059E24Rik"	1.50463529823008e-07	-0.497195235560095	0.094	0.131	0.00189343305929273
"Adar"	1.50585099179072e-07	-0.394655469711557	0.145	0.19	0.00189496288806944
"Plxdc1"	1.52973902040511e-07	0.565058669207907	0.097	0.071	0.00192502358327779
"Acp5"	1.55327534336309e-07	0.634054276150883	0.116	0.086	0.00195464169208812
"Sept11"	1.56094224013283e-07	0.683989082082707	0.077	0.048	0.00196428971498315
"Ormdl2"	1.56252866478086e-07	-0.290543933141829	0.262	0.313	0.00196628607176023
"Zfp655"	1.60902225432285e-07	0.525126600703862	0.123	0.089	0.00202479360483987
"Rmdn3"	1.61625855293436e-07	-0.470892392372857	0.096	0.127	0.00203389976301259
"Farsb"	1.63584861507764e-07	0.445808231144655	0.157	0.116	0.0020585518972137
"Pten"	1.63673503372202e-07	-0.336323306736514	0.218	0.264	0.0020596673664358
"Plekhm1"	1.63886085819847e-07	0.400328237062188	0.147	0.12	0.00206234250395695
"Prss30"	1.63929087470552e-07	-1.37429115693553	0.009	0.024	0.00206288363672943
"Tmem185b"	1.65496961413183e-07	-0.385097655726568	0.16	0.204	0.0020826137624235
"Abcc4"	1.65765744535733e-07	-0.75658945769038	0.039	0.065	0.00208599612923766
"Prkce"	1.66512515138106e-07	-0.941531887696913	0.021	0.041	0.00209539349049792
"Kctd17"	1.68976098733672e-07	-0.605616703041991	0.046	0.073	0.00212639522646453
"Trim8"	1.71466513844109e-07	0.288155460150383	0.286	0.249	0.00215773461021427
"Fam3c"	1.72694358532808e-07	0.340159751464111	0.232	0.193	0.00217318580777685
"Atp10a"	1.76003656354967e-07	-1.68711704471564	0.006	0.018	0.00221483001157091
"Zfp622"	1.76213727344893e-07	-0.368609010791989	0.203	0.238	0.00221747354490813
"Gtf2h2"	1.79067272979977e-07	0.551607819873101	0.108	0.076	0.00225338256318003
"Fam110b"	1.81153460426762e-07	1.08416862263444	0.034	0.016	0.00227963514601038
"Acbd4"	1.84071276703277e-07	-0.528370122439143	0.081	0.114	0.00231635294603403
"Lmo4"	1.85242927069878e-07	-0.376054621101112	0.187	0.233	0.00233109699424734
"Zc3h7b"	1.85432465183971e-07	1.23617171607949	0.029	0.012	0.00233348214187509
"Rrad"	1.87550916659144e-07	-0.739674422211736	0.05	0.078	0.00236014073523867
"Cmip"	1.88956245155328e-07	-0.436336027602966	0.126	0.167	0.00237782538903465
"Tmub2"	1.90081085818284e-07	-0.417809380799651	0.133	0.175	0.00239198038393729
"Atad1"	1.91209131816367e-07	-0.405476614093603	0.138	0.181	0.00240617571477717
"Ptpmt1"	1.92726376360793e-07	0.319503513723038	0.244	0.205	0.00242526872012422
"Dedd2"	1.92790519351536e-07	-0.45661442951817	0.097	0.134	0.00242607589551973
"Ccdc80"	1.94721023419457e-07	-2.00697926542376	0.003	0.014	0.00245036935871045
"Atf5"	1.95553740288244e-07	0.589207579058645	0.106	0.074	0.00246084826778726
"Ighm"	1.96170424375752e-07	0.615691864394133	0.092	0.077	0.00246860862034446
"R74862"	1.97239281040426e-07	1.71975719642556	0.018	0.005	0.00248205911261273
"Lyrm1"	1.98075905355037e-07	-0.58291457199523	0.064	0.096	0.00249258719298778
"Ap1s2"	2.00316638266361e-07	-0.35362363289692	0.187	0.234	0.00252078457594389
"Rps19bp1"	2.01363553620896e-07	0.373276540078125	0.217	0.175	0.00253395895876536
"Vps4a"	2.01584600979261e-07	-0.277349239475935	0.175	0.219	0.00253674061872302
"Alkbh1"	2.01591250320518e-07	0.564546875580599	0.109	0.075	0.0025368242940334
"Eif4a2"	2.04806620683654e-07	0.285212584022504	0.317	0.28	0.0025772865146831
"Snhg4"	2.05361360231859e-07	0.71409903325573	0.069	0.042	0.00258426735715772
"Rpl9-ps6"	2.05877624873259e-07	0.768029704804793	0.059	0.034	0.00259076403140509
"Ccdc91"	2.06020560502758e-07	0.893908822238799	0.048	0.026	0.0025925627333667
"Azi2"	2.08191317867784e-07	-0.286795986746787	0.239	0.291	0.0026198795440482
"Shtn1"	2.14692870753576e-07	-0.497577165403176	0.09	0.127	0.002701695085563
"Ppp3r1"	2.1478867529387e-07	-0.327655114495806	0.189	0.237	0.00270290068989806
"Sec23b"	2.1597375822356e-07	-0.432707843160856	0.124	0.162	0.00271781377348528
"Gm44066"	2.20104879753257e-07	-1.52649438841807	0.007	0.02	0.00276979980681499
"Map2k3"	2.21563874869281e-07	-0.269423430872561	0.253	0.306	0.00278815980135503
"Arl6ip6"	2.26091615264806e-07	-0.41255579587019	0.106	0.144	0.00284513688649232
"Pold2"	2.26282942348746e-07	0.701529113758031	0.072	0.045	0.00284754454651662
"Syncrip"	2.35248061007514e-07	0.385845285501611	0.206	0.161	0.00296036159971855
"Klhdc3"	2.36352719033979e-07	-0.282543532925131	0.191	0.238	0.00297426261632359
"Ola1"	2.36444806901796e-07	0.267514139839072	0.308	0.273	0.0029754214500522
"Sirt1"	2.4005282488375e-07	0.978290210024415	0.044	0.023	0.00302082474833711
"Mdp1"	2.42597363905623e-07	0.358009783424814	0.191	0.148	0.00305284522738836
"Ddx49"	2.4417522169536e-07	0.558677298482058	0.105	0.073	0.00307270098981441
"Slc30a1"	2.47313733278389e-07	-0.61541055564166	0.061	0.092	0.00311219601957525
"2510002D24Rik"	2.49867403874306e-07	0.738544435303719	0.065	0.039	0.00314433141035427
"Clp1"	2.52628113133545e-07	-0.463993959883767	0.107	0.144	0.00317907217567253
"Jag1"	2.52993723932563e-07	0.420144492007433	0.123	0.089	0.00318367302196737
"Ttc14"	2.56144897988815e-07	-0.380508556798332	0.151	0.195	0.00322332739629124
"Lin7c"	2.57189294734918e-07	0.407254496784499	0.175	0.137	0.00323647008494421
"Mir99ahg"	2.67203326376862e-07	2.5779832352974	0.01	0.001	0.00336248665912643
"Nudt22"	2.73352273801774e-07	-0.501546261436698	0.088	0.124	0.00343986501352152
"Sil1"	2.74888496682329e-07	0.492162844909162	0.127	0.092	0.00345919684225043
"Ctnnbip1"	2.78000197816506e-07	-0.285129554267149	0.272	0.324	0.00349835448932291
"AW011738"	2.79308396870088e-07	-0.794570932659933	0.016	0.032	0.00351481686621318
"Cemip2"	2.80699589270894e-07	-0.466438156436804	0.091	0.127	0.00353232363138493
"Eaf1"	2.82380806182491e-07	0.450323039368185	0.155	0.119	0.00355348006500046
"2210408F21Rik"	2.82677158923855e-07	-0.428044147558749	0.083	0.115	0.00355720936789779
"Hfe"	2.88555144710482e-07	0.46387983484054	0.147	0.11	0.0036311779410367
"Tmem223"	2.89702601431916e-07	0.360609425837622	0.221	0.176	0.00364561753641923
"Ccdc107"	2.90864469278452e-07	0.370996139633541	0.211	0.167	0.00366023848140004
"Mfhas1"	2.92617321778176e-07	0.682399724511106	0.072	0.047	0.00368229637725657
"Dr1"	2.94626027885653e-07	-0.364661050872233	0.173	0.217	0.00370757393491306
"Nop53"	2.97058597552296e-07	-0.320887226108878	0.278	0.325	0.00373818539159809
"Tmem43"	3.03686305165595e-07	-0.267233810623759	0.227	0.277	0.00382158846420384
"Cnot3"	3.03927344973096e-07	-0.40848977376688	0.121	0.161	0.00382462170914145
"Dusp9"	3.03957729201275e-07	1.79138687340659	0.016	0.005	0.00382500406426885
"Mindy1"	3.04454336212416e-07	-0.368464971343239	0.166	0.211	0.00383125336689704
"Surf2"	3.08838379357004e-07	0.503133962730165	0.125	0.09	0.00388642216582854
"Tfap4"	3.10806989252685e-07	1.25829361260604	0.027	0.011	0.00391119515275579
"Ppil2"	3.12494156404658e-07	-0.287288612025718	0.192	0.239	0.00393242646419622
"Smc4"	3.1366870675165e-07	0.478857476521479	0.135	0.103	0.00394720700576277
"Ubr4"	3.14040150311042e-07	-0.322388166927579	0.214	0.262	0.00395188125151416
"Zfp91"	3.15574775556428e-07	0.376732509182685	0.206	0.165	0.00397119297560209
"Agpat3"	3.18467544777163e-07	0.546380179907381	0.102	0.07	0.00400759558347582
"Shoc2"	3.18595570979345e-07	-0.489608741088287	0.093	0.127	0.00400920666520408
"Tnfrsf13b"	3.19413338902641e-07	-0.360126589950307	0.162	0.207	0.00401949745675083
"Dnase2a"	3.19502460132424e-07	0.28770201671957	0.25	0.217	0.00402061895830642
"Pdk1"	3.23320847964486e-07	0.478308781020016	0.136	0.101	0.00406866955078509
"2610318N02Rik"	3.25564674227994e-07	1.99927972504792	0.014	0.003	0.00409690586048507
"Knop1"	3.26189680197444e-07	0.422891960064778	0.159	0.124	0.00410477093560464
"Mllt3"	3.2670678959986e-07	1.0814542379374	0.035	0.018	0.00411127824032464
"Usp47"	3.29277182406087e-07	-0.383956303871514	0.144	0.187	0.00414362406339821
"Rnpepl1"	3.29611653405924e-07	-0.262759924460938	0.232	0.283	0.00414783304646015
"Cbx4"	3.31114461795681e-07	-0.511806870809136	0.082	0.117	0.00416674438723685
"Mgat4a"	3.34324714903086e-07	0.48326457804426	0.135	0.1	0.00420714221234043
"Plxdc2"	3.39458728420752e-07	-1.02109116510401	0.022	0.04	0.00427174863844675
"Casp8ap2"	3.4263116349992e-07	-0.583008641374906	0.061	0.089	0.004311670561483
"Gm11110"	3.43040655600588e-07	0.488487684492071	0.123	0.087	0.0043168236100778
"Ndufv1"	3.49639557712001e-07	-0.252623171439097	0.273	0.326	0.00439986419424782
"Mnd1"	3.50566056106295e-07	2.23523459682543	0.012	0.002	0.00441152325004162
"Vwa8"	3.53543398616875e-07	0.751299664936421	0.061	0.036	0.00444899012819476
"Usp24"	3.5690633786257e-07	0.621594466518014	0.083	0.054	0.00449130935566258
"Apobr"	3.57985299696229e-07	-0.27538304490804	0.213	0.262	0.00450488701137735
"Ppp1r10"	3.62972328708491e-07	-0.30458218512413	0.163	0.208	0.00456764378446765
"Ddx18"	3.67829134151755e-07	0.388144048108297	0.188	0.149	0.00462876182416569
"Slc35f5"	3.71661243687371e-07	-0.392645074231096	0.14	0.182	0.00467698509056187
"4833407H14Rik"	3.71844657556964e-07	-1.87518939286822	0.003	0.012	0.00467929317069683
"Tmc8"	3.78435409617503e-07	-1.0240527787827	0.019	0.038	0.00476223119462666
"Slc16a1"	3.7902274903071e-07	-0.691053678482357	0.046	0.073	0.00476962227380245
"Dimt1"	3.794517932661e-07	0.720048091686329	0.065	0.041	0.0047750213664606
"Gm14325"	3.86437614074168e-07	0.613097088441265	0.085	0.056	0.00486293093550933
"Sgsh"	3.91111338967762e-07	0.575348977034977	0.097	0.066	0.00492174508957032
"Wdtc1"	3.95320008163256e-07	-0.40913872767005	0.127	0.168	0.00497470698272641
"Lynx1"	3.97928913936479e-07	-1.38058463627105	0.008	0.022	0.00500753745297666
"Kcnq1ot1"	4.10270283306367e-07	0.673166636590751	0.071	0.044	0.00516284124512732
"Tyk2"	4.13222243761533e-07	-0.46078038196389	0.093	0.129	0.00519998871549513
"Memo1"	4.20071735470633e-07	0.461689043485118	0.14	0.103	0.00528618271916245
"Heatr6"	4.25298904449739e-07	-0.503925917397476	0.085	0.12	0.00535196141359552
"Ypel4"	4.34301659450452e-07	-1.91958351222667	0.003	0.013	0.00546525208252449
"Flrt2"	4.37554535911178e-07	0.777384014007617	0.062	0.039	0.00550618627990627
"2410131K14Rik"	4.38380399324094e-07	0.631656417936931	0.083	0.054	0.0055165789450944
"Mospd1"	4.41693893813643e-07	-0.532680420558402	0.071	0.104	0.00555827595975088
"Prr12"	4.61165324719474e-07	0.763595807359087	0.059	0.035	0.00580330444626986
"Wdr74"	4.68754875250952e-07	0.390121006402937	0.161	0.129	0.00589881135015798
"Rabgap1l"	4.69205170691401e-07	-0.643716248926358	0.051	0.08	0.00590447786798059
"Npr1"	4.69459713999472e-07	0.802219356617535	0.052	0.03	0.00590768104096935
"Spaca9"	4.81347001528675e-07	-0.741465033141476	0.038	0.063	0.00605727066723685
"Kat6b"	4.81362352948944e-07	0.912402274367958	0.043	0.022	0.00605746384950951
"Fam114a1"	4.89955167223861e-07	-0.611127792230695	0.056	0.085	0.00616559582434507
"Dgkg"	5.00365596388784e-07	-1.86757620875834	0.004	0.014	0.00629660066495645
"Fkbp4"	5.1126174730576e-07	0.30063621001378	0.241	0.208	0.00643371782809569
"Rgl3"	5.22201944009477e-07	1.17844857073386	0.029	0.013	0.00657138926341525
"S1pr2"	5.25931920671319e-07	0.342370774092685	0.198	0.169	0.00661832728972787
"Cbr3"	5.26360865125475e-07	0.497458459627014	0.112	0.079	0.00662372512673898
"Clspn"	5.2705776618695e-07	2.50563239107271	0.01	0.002	0.00663249492969658
"Soat2"	5.31440418200758e-07	-0.8516025725506	0.022	0.042	0.00668764622263834
"Mkks"	5.33836396473809e-07	0.959242010733607	0.042	0.022	0.00671779721322641
"Arid3a"	5.38444621953055e-07	-0.541288656314778	0.075	0.107	0.00677578712265724
"Arid1b"	5.39998309305613e-07	0.527157384474443	0.103	0.071	0.00679533872430183
"Lfng"	5.47512333171737e-07	-0.352708679833962	0.178	0.223	0.00688989520063313
"Lage3"	5.4979548587277e-07	0.256803739845339	0.268	0.239	0.00691862639422294
"Sema4d"	5.55427551444844e-07	-0.35089844760366	0.194	0.234	0.00698950030738191
"6330403L08Rik"	5.64800856107795e-07	2.4764860454132	0.01	0.002	0.00710745397326049
"Mob3a"	5.66416276582624e-07	-0.308001593875036	0.211	0.259	0.00712778242451574
"Ttc28"	5.74031782459477e-07	1.1535423256751	0.03	0.013	0.00722361595047006
"Fzr1"	5.74288612106363e-07	-0.251337878753465	0.167	0.206	0.00722684789474647
"Chchd5"	5.86473348826701e-07	0.377206590457715	0.188	0.15	0.00738018062163521
"Cad"	5.87750871799981e-07	0.989531748496363	0.037	0.019	0.00739625697073096
"Zfp106"	5.91018955325578e-07	-0.275413272084441	0.234	0.284	0.00743738253381708
"Cs"	5.91671887977965e-07	-0.269774279397566	0.275	0.325	0.00744559903831471
"Rcor2"	5.93042004453154e-07	1.13242379124166	0.031	0.015	0.0074628405840385
"Rab33a"	5.95931565903806e-07	-2.29576507568849	0.002	0.011	0.00749920282533349
"Vps54"	5.99307465838427e-07	-0.536187784621912	0.07	0.102	0.00754168515011076
"Pcyt2"	6.04618803705612e-07	0.520601483659495	0.111	0.08	0.00760852302583141
"Trim34a"	6.1700946189951e-07	-1.01907653340901	0.017	0.035	0.00776444706854344
"Mrpl48"	6.23575462080804e-07	0.393683985133025	0.182	0.143	0.00784707361482484
"Alkbh2"	6.41525570737301e-07	0.526526727912793	0.11	0.078	0.00807295778215819
"Ppp6r3"	6.49693059088845e-07	-0.414469078262347	0.125	0.164	0.00817573745557403
"Ctnnbl1"	6.50135203124241e-07	-0.408312962069755	0.113	0.151	0.00818130139611544
"Otulin"	6.55479203453023e-07	0.448749427140293	0.143	0.106	0.00824855029625284
"Lhpp"	6.60185845274841e-07	0.790585153441037	0.054	0.032	0.0083077786769386
"Spire1"	6.68954420293424e-07	0.703628367632031	0.066	0.041	0.00841812242497244
"Gm15880"	6.74739772621468e-07	-2.13822379870201	0.003	0.012	0.00849092529866855
"A930005H10Rik"	6.77195276342541e-07	0.57509895359368	0.095	0.064	0.00852182535749453
"Uimc1"	6.78385798678846e-07	-0.282953485485974	0.233	0.282	0.0085368068905746
"Eef1akmt4"	6.93995507112714e-07	0.334957742930818	0.188	0.157	0.00873323946150639
"Pip4k2b"	6.9445285128868e-07	0.611961084496169	0.084	0.056	0.00873899468061675
"1600002K03Rik"	6.96449571170565e-07	0.534288581068727	0.107	0.075	0.00876412140361039
"Ergic1"	7.06232330115363e-07	0.296652447669069	0.247	0.212	0.00888722764217172
"Sema4c"	7.09115972391779e-07	0.939778713299263	0.039	0.02	0.00892351539657814
"Idh2"	7.10302907593918e-07	-0.31399505808001	0.222	0.267	0.00893845178916187
"Gmppa"	7.12733365274594e-07	-0.306778068410908	0.186	0.232	0.00896903666861549
"Tfg"	7.34843444504791e-07	-0.254887443031647	0.282	0.334	0.00924726990564829
"Creld1"	7.51010162876867e-07	0.426107369247015	0.151	0.113	0.00945071188964249
"CAAA01118383.1"	7.65942830781317e-07	-0.411242293108426	0.122	0.161	0.00963862458255209
"S1pr4"	7.71681455602095e-07	-1.69765120731603	0.004	0.013	0.00971083943729677
"Zbtb32"	7.74810877620554e-07	-0.683428590185432	0.045	0.072	0.00975022008397705
"Cnpy2"	7.86807281062948e-07	0.28486136595513	0.29	0.248	0.00990118282489613
"Pdgfc"	7.9110333895621e-07	1.95488560568947	0.013	0.003	0.00995524441742495
"Sfmbt2"	7.94314610480801e-07	-1.02859930752751	0.017	0.035	0.0099956550582904
"Cbfa2t2"	7.97664784274456e-07	0.732216567529074	0.062	0.038	0.0100378136453097
"Mboat1"	8.50828683649151e-07	-0.882568923233815	0.025	0.045	0.0107068281550409
"Glb1"	8.5086032893323e-07	0.421887838068486	0.156	0.12	0.0107072263792958
"Prmt1"	8.58480627138789e-07	0.30407739945786	0.22	0.191	0.0108031202119145
"Abhd15"	8.61018666496561e-07	0.756593964605933	0.051	0.029	0.0108350588991927
"Ube2t"	8.65532201604602e-07	1.26616645637733	0.027	0.012	0.0108918572249923
"Suclg2"	8.74653820779395e-07	0.576858677565746	0.094	0.064	0.0110066436806879
"Ttc3"	8.91734642548153e-07	0.670156128756359	0.072	0.046	0.011221588741826
"Spty2d1"	8.96587280969157e-07	-0.397893970502428	0.125	0.165	0.0112826543437159
"Anks1"	9.24056892252345e-07	-0.592512114063348	0.059	0.087	0.0116283319321035
"Ubl7"	9.58528226094847e-07	-0.277733926177714	0.238	0.287	0.0120621191971776
"Rpa1"	9.62430904922912e-07	0.47612250880024	0.122	0.092	0.0121112305075499
"Tec"	9.87199873864477e-07	0.312075737842902	0.197	0.171	0.0124229232127106
"Arl5a"	9.89173244116833e-07	-0.45842995778811	0.101	0.137	0.0124477561039662
"Trim65"	1.00351977582671e-06	1.00745365649363	0.036	0.019	0.0126282928590034
"Cfl2"	1.02082670461918e-06	0.423562379653051	0.146	0.114	0.0128460832509277
"Ptpn11"	1.02465422570694e-06	-0.36252581004709	0.149	0.191	0.0128942487762962
"Smim27"	1.02783697752045e-06	0.405619714693554	0.171	0.132	0.0129343005251173
"Ripk1"	1.03513491280075e-06	-0.312091669613778	0.197	0.243	0.0130261377426846
"Txnrd1"	1.03669546663534e-06	-0.370612887090976	0.166	0.205	0.0130457757521392
"Thegl"	1.07028041035832e-06	-1.91958351222667	0.003	0.013	0.0134684086839491
"L3mbtl3"	1.07357991044182e-06	-1.08498177742503	0.015	0.03	0.0135099295929999
"Pnisr"	1.0790137107997e-06	-0.326063529143518	0.16	0.203	0.0135783085367035
"Usp8"	1.0805450590716e-06	-0.289955683378353	0.205	0.252	0.013597579023357
"Denr"	1.08709945336989e-06	0.293901160362066	0.293	0.248	0.0136800595212066
"Abce1"	1.09214517152699e-06	0.479104227684489	0.117	0.088	0.0137435548384956
"Smn1"	1.10242943100342e-06	0.278813832660528	0.225	0.198	0.013872971959747
"Lima1"	1.11286955434213e-06	0.702509681354399	0.065	0.04	0.0140043504718414
"Lnx2"	1.12367386976616e-06	0.951413413782666	0.035	0.018	0.0141403119771373
"9530082P21Rik"	1.12407519426258e-06	-1.29350202417992	0.009	0.022	0.0141453622446003
"Slc7a1"	1.14247931454975e-06	0.894566136415659	0.037	0.019	0.014376959694294
"Egr3"	1.14307381306733e-06	1.10096386517742	0.028	0.013	0.0143844408636392
"Thap12"	1.15655626855236e-06	0.83140255225447	0.048	0.028	0.0145541040834629
"Spats2"	1.17786754296913e-06	0.723818928514314	0.061	0.037	0.0148222851607236
"Nol6"	1.17844053967472e-06	0.761143838191498	0.056	0.033	0.0148294957512666
"Egln2"	1.18435116110564e-06	-0.266275350136406	0.237	0.286	0.0149038750113534
"Vps39"	1.1873731991045e-06	0.554129258506973	0.095	0.067	0.014941904337531
"Stx5a"	1.1900063549532e-06	-0.31552833050992	0.206	0.25	0.014975039970731
"Gm14085"	1.19017345973919e-06	-0.5914502678126	0.049	0.068	0.014977142817358
"2300009A05Rik"	1.2205775227686e-06	0.324582546715943	0.225	0.188	0.0153597475465201
"Sfmbt1"	1.22215734932614e-06	0.527738424132633	0.105	0.074	0.0153796280839202
"Ctdnep1"	1.26320673043699e-06	0.404193007053061	0.168	0.13	0.0158961934958191
"Sgf29"	1.28033939045292e-06	0.518065149164598	0.109	0.078	0.0161117908894595
"Ubl4a"	1.28724438302772e-06	0.304633595399771	0.246	0.21	0.0161986833160208
"Pcmtd1"	1.2982988817e-06	-0.406198945806075	0.12	0.155	0.0163377931273129
"Mrps23"	1.31026633081013e-06	0.29418464616874	0.252	0.215	0.0164883915069147
"Ccdc25"	1.3121042541182e-06	-0.446021564754485	0.104	0.139	0.0165115199338234
"Jmjd8"	1.32376716290361e-06	0.4421072532875	0.067	0.047	0.016658285977979
"Api5"	1.32854627783023e-06	-0.306495281291809	0.19	0.236	0.0167184263602157
"Trp53inp2"	1.33087202250815e-06	0.552327045692318	0.086	0.061	0.0167476935312426
"Dhfr"	1.3397855695017e-06	0.867031926749485	0.05	0.029	0.0168598616066093
"Gm44659"	1.37447032126845e-06	-1.36061622003846	0.008	0.021	0.0172963345228421
"Dnlz"	1.38899693808364e-06	0.373240889369755	0.172	0.138	0.0174791374688446
"Zkscan6"	1.39394631364796e-06	-0.545172478003679	0.066	0.093	0.017541420410946
"Atp8b4"	1.397554936911e-06	-0.364748835413372	0.146	0.187	0.017586831326088
"Parvg"	1.39891397230802e-06	-0.467929244181092	0.073	0.104	0.0176039334275241
"Dip2c"	1.40370942634903e-06	0.992172838553665	0.034	0.017	0.0176642794211761
"Arhgap6"	1.42340600180483e-06	0.963655815317203	0.037	0.019	0.017912141126712
"Gart"	1.42909650793696e-06	0.554798447876599	0.097	0.067	0.0179837504558788
"Acp6"	1.4304159198887e-06	0.570059040760111	0.087	0.059	0.0180003539358794
"Gm13012"	1.43687432950721e-06	-1.3945635519618	0.008	0.02	0.0180816265625187
"Acsl4"	1.44111467825925e-06	0.393389277426212	0.171	0.135	0.0181349871112145
"Cenpe"	1.44583828040778e-06	1.93216552918939	0.013	0.003	0.0181944289206515
"Tipin"	1.45311029019766e-06	0.308842554769471	0.125	0.111	0.0182859398918473
"Clcn4"	1.45928908627883e-06	-0.384260128183907	0.138	0.176	0.0183636938617328
"Adipor2"	1.46504821138634e-06	-0.265009089212771	0.185	0.227	0.0184361666920857
"Mat2b"	1.47443766713715e-06	-0.30621259631976	0.212	0.257	0.0185543236032539
"Oxa1l"	1.47770776920472e-06	0.318657430283933	0.225	0.189	0.0185954745676723
"Igbp1"	1.483696123534e-06	0.319154610816327	0.227	0.182	0.0186708320185518
"Npm3"	1.52647670107822e-06	0.363785912663835	0.183	0.15	0.0192091828063683
"Cryzl1"	1.55112572304173e-06	-0.324686771594537	0.172	0.215	0.0195193660987572
"Pstk"	1.55526020732015e-06	0.572269584103005	0.084	0.056	0.0195713944489168
"Tmprss4"	1.56045215381299e-06	-1.3157619842542	0.009	0.022	0.0196367299035826
"Abhd14a"	1.65899591088793e-06	0.756423201151761	0.055	0.033	0.0208768045426137
"Sfxn3"	1.65956597112882e-06	-0.26899592127468	0.248	0.297	0.0208839781806851
"Ldah"	1.67194132886375e-06	-0.374491294973018	0.137	0.177	0.0210397096824214
"Rnase2a"	1.68246922420541e-06	-1.86614425326521	0.003	0.012	0.0211721927174008
"Dgkd"	1.68253064210177e-06	0.345881273871986	0.208	0.17	0.0211729656002087
"Mrpl53"	1.68517670604593e-06	0.305849065426196	0.24	0.202	0.0212062636688819
"Acot9"	1.69263870961823e-06	-0.341235592202666	0.145	0.186	0.0213001655218358
"Nol3"	1.72063842038286e-06	-1.65905596200345	0.005	0.015	0.0216525138820979
"Slc39a11"	1.72154714472525e-06	0.525492813433557	0.1	0.069	0.0216639492692225
"Hvcn1"	1.72368477933322e-06	-0.432428754341875	0.117	0.152	0.0216908492631292
"Syngap1"	1.74690279729524e-06	-1.34972790389572	0.003	0.01	0.0219830248011633
"Otud1"	1.74935609041609e-06	0.657845315809079	0.074	0.049	0.022013897041796
"Icam2"	1.76405364570911e-06	-0.747332386754868	0.033	0.055	0.0221988510776034
"Mapre2"	1.79890926237387e-06	0.331729026827396	0.226	0.186	0.0226374741577127
"Dhps"	1.81363713791632e-06	0.316342064763471	0.178	0.153	0.022822809743539
"Tollip"	1.82814870328155e-06	0.370197147146153	0.179	0.146	0.0230054232820951
"Tut4"	1.82951404040876e-06	-0.535056702603264	0.064	0.093	0.0230226046845039
"Nme3"	1.83801679962485e-06	0.977253418717926	0.036	0.018	0.0231296034064792
"Uhrf1bp1l"	1.85833780964596e-06	0.391098959795449	0.179	0.142	0.0233853229965847
"Cd79b"	1.86343856724343e-06	1.07790963216276	0.039	0.021	0.0234495109301913
"Ss18l2"	1.86647919273364e-06	0.45058076831354	0.113	0.087	0.0234877741613601
"Gstz1"	1.89499813090777e-06	0.74589548924785	0.057	0.035	0.0238466564793433
"Borcs6"	1.90902837536359e-06	-0.387514703370916	0.135	0.173	0.0240232130755754
"Dnm1"	1.91412289901699e-06	2.27681370057683	0.01	0.002	0.0240873225612298
"Zbtb20"	1.9381692319391e-06	0.511876332229573	0.104	0.073	0.0243899216147217
"Apba1"	1.94243050510144e-06	-0.897215699198216	0.022	0.041	0.0244435454761965
"Klhl2"	1.94625447881672e-06	-0.487298035602495	0.072	0.103	0.0244916663614296
"Lysmd3"	1.94785255400554e-06	-0.567475157200555	0.062	0.089	0.0245117765396057
"Gm11361"	1.95059353075674e-06	1.25605514041004	0.02	0.008	0.0245462689910428
"Zfp516"	1.97533565011411e-06	-0.475539002556336	0.089	0.121	0.024857623821036
"Tmem42"	1.97936482781345e-06	0.584768852911592	0.084	0.058	0.0249083269932045
"Naa80"	1.99055220182565e-06	0.387603577931814	0.141	0.114	0.025049108907774
"Dars"	1.99157070672355e-06	0.329971636466006	0.203	0.168	0.0250619257734092
"Phactr4"	2.01058157197112e-06	0.509565539474585	0.107	0.078	0.0253011585016846
"Akr1e1"	2.01530947954781e-06	0.701055890751831	0.061	0.039	0.0253606544906297
"Phf1"	2.03065994098071e-06	-0.393558679704907	0.099	0.133	0.0255538246973012
"Zfp777"	2.04076151206753e-06	0.993879737305336	0.034	0.017	0.0256809428678578
"Agpat5"	2.07503336163717e-06	0.338547341415364	0.216	0.176	0.0261122198228422
"Kifc3"	2.07534926211221e-06	0.526449267545299	0.101	0.071	0.0261161951144201
"Akna"	2.08062128554253e-06	-0.392294806344241	0.119	0.157	0.0261825382572672
"Ppa1"	2.09626893919544e-06	-0.365328347387779	0.154	0.192	0.0263794483308355
"Wdr60"	2.16731843156288e-06	0.954342320034063	0.037	0.019	0.0272735351427873
"Rere"	2.17610959015815e-06	-0.427253413068748	0.112	0.147	0.0273841630825502
"Sik3"	2.21888058584712e-06	-0.510724183921878	0.077	0.103	0.0279223932923002
"Spryd3"	2.22862466745385e-06	-0.286604758582608	0.195	0.24	0.0280450128152393
"Znrf3"	2.24131944699762e-06	2.21227344838212	0.01	0.002	0.0282047639210181
"Haus1"	2.25011037343364e-06	0.576081198053024	0.077	0.054	0.028315388939289
"Gdf15"	2.34085231295373e-06	2.63938377996154	0.011	0.003	0.0294572855062098
"Cenpf"	2.36124858529039e-06	2.23523459682543	0.011	0.002	0.0297139521972943
"Rad51ap1"	2.39269545717487e-06	1.88414401432644	0.013	0.003	0.0301096796330886
"Pex2"	2.41281161074518e-06	-0.331703528123219	0.175	0.217	0.0303628213096174
"Ccdc58"	2.44118507343518e-06	0.355108226553577	0.181	0.141	0.0307198729641082
"Abhd5"	2.44534711733574e-06	0.345872742490261	0.203	0.168	0.030772248124553
"Hes7"	2.44852711113233e-06	-2.02274658128207	0.003	0.011	0.0308122651664892
"Chsy1"	2.59798349533772e-06	-0.47026597135357	0.083	0.109	0.0326930243053298
"Pcolce"	2.60674295941361e-06	2.38832201579382	0.014	0.004	0.0328032534012608
"Pgrmc1"	2.60914492339933e-06	0.330641637096275	0.208	0.174	0.0328334797160572
"Nsmce2"	2.6273355550001e-06	-0.26345458821258	0.231	0.278	0.0330623906241212
"Tbc1d23"	2.75513383178996e-06	-0.380161050708385	0.119	0.156	0.0346706041392449
"Dnph1"	2.75997419233606e-06	0.766618968257649	0.053	0.032	0.034731515236357
"Chuk"	2.77205819906586e-06	-0.448563919314161	0.097	0.131	0.0348835803770448
"Mthfd2l"	2.79639316472318e-06	0.47396017075417	0.09	0.064	0.0351898115848765
"Foxj3"	2.82052764036085e-06	0.544118543788856	0.084	0.059	0.0354935198263009
"Hist2h2ac"	2.88483172938724e-06	0.68280606025267	0.063	0.041	0.036302722482609
"Gadd45a"	2.88705029346038e-06	-0.438963372421552	0.086	0.118	0.0363306408929054
"Mrrf"	2.90602605010815e-06	0.507633481545458	0.103	0.073	0.0365694318145609
"Ebpl"	2.95806356659547e-06	0.313232356874583	0.22	0.185	0.0372242719220374
"Crim1"	3.0070642944875e-06	1.8187074794061	0.013	0.004	0.0378408970818306
"Smad6"	3.01773433238722e-06	1.53015471020678	0.018	0.006	0.0379751688387607
"Psmf1"	3.02558432653253e-06	-0.295521191816573	0.162	0.202	0.0380739531650854
"Ccdc85b"	3.03653948852404e-06	0.256464268813854	0.31	0.273	0.0382118129235866
"Rnd3"	3.05688059882741e-06	-0.535178938997396	0.053	0.079	0.0384677854556441
"Prr5l"	3.07660109724698e-06	-0.630927791571178	0.045	0.07	0.038715948207756
"Tet2"	3.09375569766933e-06	-0.357021164500375	0.11	0.144	0.0389318216994708
"Ccng1"	3.09855093864998e-06	-0.28449209517955	0.25	0.295	0.0389921650119713
"Cdkn1b"	3.1185872790649e-06	-0.403365867497795	0.113	0.149	0.0392443023197527
"Tmem26"	3.13048292411554e-06	1.40774457040328	0.015	0.005	0.03939399711707
"Pes1"	3.14523443270862e-06	0.301741214220205	0.229	0.195	0.0395796301012053
"Mrpl27"	3.19729127689273e-06	0.254590962217	0.305	0.267	0.0402347134284181
"Poc1b"	3.20751901256147e-06	0.669131123355593	0.066	0.043	0.0403634192540735
"Socs6"	3.2496776190399e-06	0.33002268467533	0.18	0.156	0.0408939431579981
"Prss16"	3.2791780601092e-06	-1.23976182516407	0.01	0.023	0.0412651767084142
"Gm36043"	3.28629352825624e-06	-1.17925106696207	0.01	0.024	0.0413547177595765
"Uap1"	3.31874401541523e-06	-0.34233892466635	0.157	0.197	0.0417630746899853
"Pigz"	3.32285421674028e-06	0.927364542925567	0.038	0.02	0.0418147974634596
"Ndufaf4"	3.33069422282677e-06	0.505808856737529	0.104	0.075	0.041913456100052
"Fam131a"	3.34284130832308e-06	-0.774947727112909	0.03	0.051	0.0420663150239376
"Oaz2"	3.37079164604648e-06	-0.339482006949114	0.164	0.205	0.0424180420738489
"Zfp715"	3.41674310853325e-06	0.852952350910983	0.035	0.018	0.0429962952777825
"Eef2k"	3.43115143682434e-06	1.06440536781301	0.03	0.014	0.0431776096809976
"Map3k11"	3.43470652964231e-06	-0.348643578372382	0.145	0.185	0.0432223469690189
"Per2"	3.46898558318789e-06	1.22605058689495	0.024	0.01	0.0436537145788364
"Tank"	3.48249001397374e-06	-0.301533955722757	0.205	0.249	0.0438236543358456
"Wdr89"	3.4993628273602e-06	1.39943298724079	0.019	0.007	0.0440359818195007
"Nudt6"	3.50986872520266e-06	0.661138332602063	0.065	0.042	0.0441681880379503
"Nrm"	3.56479690851259e-06	-0.343584409697077	0.136	0.175	0.0448594042967224
"Snapc3"	3.61722309551639e-06	-0.469048294077769	0.06	0.086	0.0455191354339783
"Eml2"	3.62305447852346e-06	-0.370360246279061	0.106	0.14	0.0455925175577392
"Stx18"	3.63439023219456e-06	-0.39877294114621	0.12	0.156	0.0457351666819363
"1700020L24Rik"	3.63958798460376e-06	-2.02274658128207	0.003	0.011	0.0458005751982538
"Golim4"	3.65871997441151e-06	0.683777899319995	0.062	0.038	0.0460413321579944
"Il1rl2"	3.72332122876944e-06	-0.982352887817247	0.018	0.034	0.0468542743428346
"Srpr"	3.74609445043978e-06	-0.25331047578744	0.261	0.309	0.0471408525643342
"Ilvbl"	3.81397980693486e-06	-0.365588892056393	0.135	0.173	0.0479951218904683
"Erh"	3.86195359766881e-06	0.295006817342803	0.243	0.21	0.0485988240730642
"Bag3"	3.90600145086663e-06	0.364702933153134	0.197	0.167	0.0491531222577057
"Mitd1"	3.92397356801311e-06	-0.423831896271834	0.108	0.143	0.049379283379877
"Slc25a10"	3.95287036296679e-06	0.621695780557842	0.074	0.049	0.0497429206475741
"Plxna1"	3.96915639345256e-06	0.438058946326732	0.113	0.082	0.049947864055207
"Sesn2"	4.01009980355154e-06	-0.580534228130958	0.053	0.08	0.0504630959278926
"Nelfa"	4.09731796710855e-06	-0.459453082705819	0.086	0.118	0.0515606492980939
"Polr3c"	4.11369755718451e-06	-0.301090832058842	0.195	0.238	0.0517667700596099
"Coprs"	4.18781103020213e-06	0.479056422291874	0.098	0.073	0.0526994140040636
"Pam"	4.2439878231112e-06	0.910139222859389	0.038	0.021	0.0534063427660313
"Eipr1"	4.24410953763263e-06	-0.377411462581437	0.112	0.147	0.053407874421569
"Ints7"	4.30174056514629e-06	0.749883321227093	0.052	0.031	0.0541331032718009
"Adprm"	4.33298975369328e-06	-0.4567209881891	0.089	0.121	0.0545263430604763
"Mad2l1"	4.33621478320424e-06	1.09807422465966	0.028	0.014	0.0545669268318421
"Amz2"	4.39901304081798e-06	0.338426890983994	0.172	0.144	0.0553571801056534
"Mettl22"	4.41429619010357e-06	0.777944610494519	0.049	0.029	0.0555495032562633
"Cdv3"	4.43422194174617e-06	0.37122930246894	0.173	0.138	0.0558002489149338
"Zbtb7a"	4.5702816224773e-06	-0.25574387380853	0.281	0.327	0.0575124239372543
"Sdc2"	4.60558852988866e-06	1.93977871329926	0.013	0.004	0.0579567260601188
"Srfbp1"	4.60754570683977e-06	0.493305520473597	0.099	0.073	0.0579813551748716
"2610203C22Rik"	4.62347888573151e-06	0.92136499758779	0.037	0.019	0.0581818582980454
"Qpct"	4.63036169769317e-06	-1.25923919966338	0.008	0.02	0.0582684716037708
"Rad51"	4.67241022727395e-06	1.78777561985421	0.011	0.003	0.0587976103000153
"Pitrm1"	4.74870028354288e-06	0.544498750680209	0.09	0.063	0.0597576443681036
"Snhg5"	4.79129863172727e-06	0.929947703939569	0.038	0.021	0.060293701981656
"P2ry1"	4.80970061555857e-06	-1.01269291661815	0.01	0.022	0.0605252725461891
"Tbc1d2b"	4.8141007931176e-06	-0.477916173065212	0.069	0.098	0.0605806443805918
"Rab5b"	4.8739595146202e-06	-0.285404844488033	0.188	0.231	0.0613339065319806
"Dhrs7"	4.92481714532258e-06	-0.298758841114078	0.207	0.25	0.0619738989567394
"Gpr55"	4.99898439064879e-06	-2.17064527639439	0.002	0.01	0.0629072195719244
"Gid4"	5.06814845633813e-06	0.475552399523882	0.108	0.08	0.063777580174559
"Calhm2"	5.07293488478973e-06	-0.471267925783546	0.074	0.103	0.063837812590194
"Plk3"	5.08251552536335e-06	-0.254781050960497	0.373	0.422	0.0639583753711724
"Tm4sf5"	5.08645518571785e-06	1.60427997900563	0.015	0.005	0.0640079520570735
"B230118H07Rik"	5.13816898844378e-06	0.48347125307375	0.11	0.08	0.0646587185505766
"Tarsl2"	5.16383703271801e-06	1.79251353886088	0.013	0.004	0.0649817252197235
"Esyt2"	5.28491332395348e-06	0.598741795464196	0.074	0.053	0.0665053492686306
"Tex2"	5.33273063347628e-06	0.606315015168997	0.076	0.051	0.0671070822916655
"Tbc1d15"	5.40616676995818e-06	0.361193990676041	0.174	0.146	0.0680312026331537
"BC003965"	5.57726652366275e-06	0.328175504725468	0.188	0.155	0.070184321933772
"Pnpla7"	5.58449601095509e-06	0.5052739129889	0.102	0.073	0.0702752978018589
"Pot1b"	5.67219184893921e-06	-0.693842337841023	0.03	0.05	0.071378862227051
"Cyld"	5.70088712723975e-06	-0.431068057734709	0.097	0.124	0.071739963609185
"Copg1"	5.7398997930867e-06	-0.267922185549172	0.175	0.215	0.072230898996203
"Rhoh"	5.9046545848157e-06	-0.326400504700545	0.145	0.183	0.0743041732953207
"Dph5"	5.9615026446906e-06	0.639383779961541	0.065	0.043	0.0750195492807865
"Tnnc1"	5.98474973801615e-06	1.61179794828964	0.015	0.005	0.0753120907031952
"Mms22l"	6.03747412903418e-06	1.08078598323979	0.029	0.014	0.0759755744397661
"Hmga1b"	6.07720683425621e-06	0.420779474956465	0.141	0.108	0.0764755708022801
"Sqle"	6.08427793413299e-06	0.669131123355593	0.061	0.04	0.0765645535231295
"Rnf139"	6.10832003423526e-06	-0.419636733850659	0.096	0.126	0.0768670993108165
"Coq7"	6.12736385644906e-06	0.441069951932454	0.128	0.096	0.077106746769555
"Msx3"	6.16790833271494e-06	2.24879932440724	0.01	0.002	0.0776169584588848
"Ppil4"	6.19486128714679e-06	-0.432038257380459	0.093	0.125	0.0779561344374552
"Cep68"	6.19638269781415e-06	0.930488951382004	0.036	0.019	0.0779752798692933
"Ggta1"	6.23565869246132e-06	-0.250169325151693	0.227	0.272	0.0784695289859332
"Stau1"	6.26018830029882e-06	-0.312496055988093	0.161	0.201	0.0787782095709603
"Mzt1"	6.4164641272808e-06	0.387694347721757	0.154	0.121	0.0807447845777016
"Gm6034"	6.46854241666757e-06	-1.07575971175536	0.012	0.027	0.0814001377713447
"P2ry14"	6.60801293220158e-06	-0.536773175192285	0.068	0.095	0.0831552347388246
"Lonp2"	6.75154547605838e-06	-0.403787030846543	0.098	0.131	0.0849614482707186
"Wdr6"	6.83570237468332e-06	1.44673870201915	0.018	0.007	0.0860204786830149
"Tmem158"	6.86118497404732e-06	1.83752865505131	0.012	0.003	0.0863411517134115
"Dock11"	6.8811834717623e-06	-0.397579422157706	0.118	0.153	0.0865928128086568
"Tcf19"	6.90677820669925e-06	0.811346774454849	0.046	0.03	0.0869148969531033
"Rmi2"	6.91862577983416e-06	-0.945578720759614	0.018	0.034	0.087063986813433
"Dtl"	6.98661331982911e-06	1.97725341871793	0.011	0.003	0.0879195420167295
"Hnrnph3"	7.00270353381255e-06	-0.405327868844851	0.106	0.14	0.0881220212694971
"Vrk2"	7.01509684073285e-06	-0.335625541160758	0.151	0.19	0.0882779786437822
"Acvr1b"	7.01771670071554e-06	-0.618735135458135	0.044	0.068	0.0883109469618044
"Vps51"	7.1983006692441e-06	-0.290669368777085	0.192	0.235	0.0905834156217678
"Usp12"	7.30831044244179e-06	-0.444885136936063	0.093	0.125	0.0919677786076874
"Tspan17"	7.32952834503332e-06	-0.251712854514607	0.226	0.271	0.0922347846938993
"Dtx2"	7.33766743749043e-06	-0.304278235888646	0.142	0.178	0.0923372070333795
"Dhcr7"	7.46659069356749e-06	0.800951008601946	0.043	0.026	0.0939595772878534
"Rapgef6"	7.54114697507177e-06	-0.351217522036209	0.121	0.156	0.0948977935343032
"Ado"	7.54796782560695e-06	0.315747885169929	0.187	0.159	0.0949836271174378
"Prpf38b"	7.63942415949356e-06	-0.258656303273387	0.239	0.284	0.0961345136230669
"Maged1"	7.68751611289553e-06	-0.490243958745809	0.083	0.113	0.0967397027646773
"Srek1"	7.78343384051169e-06	0.433004590985317	0.114	0.089	0.0979467314489991
"Ccnt1"	7.78830476132599e-06	-0.347440831290725	0.133	0.17	0.0980080271165262
"Sod1"	7.95798250956812e-06	0.416365052975627	0.138	0.104	0.100143251900405
"Tubgcp2"	8.01674407339841e-06	0.535712331841422	0.085	0.061	0.100882707419646
"Ogdh"	8.01892083913984e-06	-0.258083256543339	0.203	0.246	0.100910099839736
"Anapc7"	8.02465071043916e-06	0.430470312874397	0.1	0.077	0.100982204540166
"Rxra"	8.05225205455948e-06	0.517730533590584	0.096	0.069	0.101329539854577
"Ier5l"	8.05481191960768e-06	0.96561201228253	0.03	0.015	0.101361753196343
"Gca"	8.06295676748123e-06	-0.448245126905199	0.027	0.042	0.101464247961984
"Gm14305"	8.10333280635542e-06	1.16516834474792	0.024	0.011	0.101972340035177
"Gm48226"	8.10333280635818e-06	1.16516834474792	0.024	0.011	0.101972340035211
"Nipa2"	8.22336469764367e-06	-0.320734499510693	0.175	0.213	0.103482821355148
"Nudt2"	8.3342000407349e-06	0.29550172148161	0.204	0.174	0.104877573312608
"Hmcn2"	8.37807876771917e-06	-1.36061622003846	0.008	0.018	0.105429743212978
"Adgrl2"	8.58565155844135e-06	0.9837667256766	0.03	0.015	0.108041839211426
"Dpy19l1"	8.68438729702864e-06	-0.545805493061807	0.06	0.085	0.109284329745808
"Sfxn5"	8.69597710451751e-06	-0.638991172006738	0.03	0.048	0.109430175883248
"Rhbdd3"	8.70836758751315e-06	0.526791953585182	0.075	0.051	0.109586097721265
"Dennd3"	8.727842813173e-06	-1.11476482587802	0.006	0.014	0.109831173960969
"Ube2w"	8.77960104937564e-06	-0.27911975153279	0.197	0.24	0.110482499605343
"Cenpc1"	8.92973529109966e-06	-0.684313407778876	0.034	0.055	0.112371788903198
"Foxn3"	9.15505253786626e-06	0.364276541827173	0.179	0.144	0.115207181136509
"Hivep2"	9.15999984291921e-06	0.640030003954828	0.066	0.043	0.115269438023295
"Cd3eap"	9.18064782084393e-06	0.443356062624494	0.127	0.096	0.1155292721775
"0610009L18Rik"	9.20018762005852e-06	1.03441558743734	0.028	0.014	0.115775161010816
"Cluh"	9.26706367806486e-06	0.635964259420394	0.063	0.041	0.116616729324768
"Oplah"	9.30502081545118e-06	-0.927656812762352	0.016	0.031	0.117094381941638
"Zdhhc21"	9.36466441824456e-06	-0.420825573383303	0.097	0.129	0.11784493703919
"Agpat1"	9.40030836115825e-06	-0.365538418743184	0.13	0.166	0.118293480416815
"Zfp367"	9.53851745986471e-06	0.894566136415659	0.036	0.02	0.120032703714938
"Kif20a"	9.58945432593151e-06	1.74313170479937	0.013	0.004	0.120673693237522
"Nqo2"	9.64417331114185e-06	0.480044788636324	0.1	0.071	0.121362276947409
"Mcu"	9.74945802916357e-06	0.722051437631376	0.049	0.031	0.122687179838994
"Tlk1"	9.88492547470501e-06	0.401586665626771	0.139	0.109	0.124391902173688
"Hivep1"	9.97695401221678e-06	-0.424132670788391	0.103	0.135	0.125549989289736
"Khk"	1.00134300925386e-05	-0.442908321287476	0.082	0.112	0.126009004284506
"Il1bos"	1.00281712379812e-05	-0.915831377365563	0.007	0.016	0.126194506858755
"Fubp1"	1.00465548947707e-05	-0.254108960431434	0.201	0.243	0.126425846795794
"Syvn1"	1.00800017049604e-05	-0.393626067335338	0.108	0.142	0.126846741455222
"Fahd1"	1.01372759109477e-05	0.956103583846144	0.032	0.017	0.127567480063366
"Rtn1"	1.01650687070949e-05	1.66913112335559	0.014	0.005	0.127917224610083
"Rasgrp1"	1.04217084942255e-05	-0.867152073802798	0.022	0.039	0.131146779691334
"Leng8"	1.0429419485199e-05	-0.267223294954134	0.14	0.175	0.131243814801744
"Gpatch2l"	1.04958543413167e-05	-0.47627155895265	0.074	0.103	0.13207983103113
"Oaf"	1.08143693831044e-05	-0.569776384763871	0.059	0.085	0.136088024316985
"Arap2"	1.08372553811207e-05	-0.942303588726753	0.012	0.025	0.136376021716023
"Il1f9"	1.08934884327169e-05	-0.830101503339678	0.006	0.016	0.13708365843731
"Sec22b"	1.09062005361966e-05	-0.263987655358985	0.205	0.247	0.137243627547498
"Safb"	1.09243281204181e-05	-0.290695223604148	0.181	0.221	0.137471745067341
"Wsb2"	1.10077015476848e-05	0.369016406594628	0.163	0.129	0.138520916276065
"Ston2"	1.10330386847477e-05	-1.21222438014579	0.007	0.018	0.138839758808865
"Cracr2b"	1.11768548442725e-05	0.717653630987185	0.053	0.033	0.140649541360325
"Kif1c"	1.1243930161812e-05	0.360175764139843	0.161	0.134	0.141493617156242
"Peak1"	1.13888367872156e-05	0.341923796975385	0.19	0.153	0.143317122130321
"Wdr44"	1.1480245327156e-05	-0.557449094944288	0.054	0.08	0.144467407196931
"Prkab2"	1.15470381065957e-05	0.870139674232616	0.036	0.02	0.145307927533401
"Slc6a19"	1.15490140018892e-05	-1.11960812053466	0.008	0.018	0.145332792199774
"Pld1"	1.15617444505997e-05	-0.519985143106555	0.064	0.091	0.145492992166346
"Ptprs"	1.15930971108942e-05	0.655653619438053	0.061	0.039	0.145887534043493
"Nt5dc2"	1.16674967967199e-05	0.400837851410538	0.135	0.102	0.146823779689923
"Fnbp1"	1.18651671781362e-05	0.27855335476193	0.254	0.219	0.149311263769666
"Gm12905"	1.19789112487186e-05	1.09964003139688	0.026	0.012	0.150742619153875
"Aldh6a1"	1.2010788585332e-05	1.07678909226884	0.027	0.013	0.151143763557818
"Dnajc18"	1.20140756423333e-05	0.492947131441599	0.096	0.07	0.151185127883122
"Zfp971"	1.22670659820289e-05	-0.775653719317303	0.024	0.042	0.154368758317852
"Atg2a"	1.22775690997391e-05	-0.35126490507393	0.115	0.149	0.154500929551116
"Gm13067"	1.23140660328929e-05	1.9686914052145	0.011	0.003	0.154960206957924
"Pak1"	1.23311658312508e-05	-0.327957281224503	0.17	0.208	0.15517539082046
"Med4"	1.24204627836867e-05	-0.340447437780353	0.13	0.166	0.156299103669913
"Rhobtb1"	1.24541618329426e-05	0.87845494244462	0.035	0.02	0.15672317250575
"Pex11a"	1.2615027630263e-05	-0.555148407525119	0.039	0.059	0.158747507699229
"Mpg"	1.2771364250676e-05	-0.367357797917514	0.126	0.161	0.160714847730506
"Aff1"	1.28352309044851e-05	-0.347554156696415	0.125	0.16	0.161518545702041
"Tbc1d1"	1.28423732829782e-05	-0.409686826606385	0.104	0.136	0.161608425392998
"Pank2"	1.29872677724046e-05	-0.265750800150853	0.188	0.229	0.16343177764794
"Gm26826"	1.31916825492216e-05	1.83752865505131	0.012	0.003	0.166004133199405
"Pan3"	1.335847142386e-05	0.458947759714364	0.109	0.082	0.168103004397854
"Ly96"	1.33684248073294e-05	-0.282683951484427	0.192	0.234	0.168228257775433
"Pafah1b3"	1.33969774160367e-05	0.252796819458298	0.254	0.226	0.168587563803406
"Pam16"	1.35188932763557e-05	0.264260650233749	0.254	0.221	0.17012175298966
"Gm26569"	1.35242492276384e-05	1.34720302846823	0.018	0.007	0.170189152280601
"Spag9"	1.36823650440335e-05	-0.255984311691646	0.211	0.253	0.172178881714117
"6530402F18Rik"	1.3827153964587e-05	-1.20235413612173	0.009	0.021	0.174000905490362
"A530040E14Rik"	1.38956087910008e-05	-0.252083232635252	0.133	0.167	0.174862341025954
"Gpr31b"	1.39106397259911e-05	1.20755103813972	0.023	0.011	0.175051490311872
"Micu2"	1.39518470067985e-05	-0.321723040576073	0.162	0.199	0.175570042733553
"Slc12a4"	1.39945660915346e-05	-0.406419909651583	0.094	0.126	0.176107619695872
"Hrh2"	1.40093843326672e-05	-1.08575637880787	0.012	0.025	0.176294092442284
"Apbb3"	1.44565542212036e-05	-0.415452086118559	0.045	0.065	0.181921278319626
"Gm9895"	1.47677407791406e-05	-1.81064914067351	0.003	0.011	0.185837249964706
"Tagap"	1.48345948251726e-05	-0.410521125864772	0.104	0.136	0.186678541279972
"Cd99l2"	1.49318708109647e-05	0.525036636370359	0.086	0.06	0.18790266228518
"Ube2q2"	1.49329356977509e-05	0.375085515053587	0.158	0.123	0.187916062820498
"Zfp143"	1.49815766202608e-05	-0.273353073582664	0.078	0.099	0.188528160189362
"Ptrh1"	1.50258095048573e-05	0.806281088706286	0.041	0.025	0.189084786809125
"Cdk11b"	1.5083320531136e-05	-0.256801920144103	0.215	0.258	0.189808505563816
"Wars2"	1.50962411695752e-05	0.82898626618032	0.037	0.021	0.189971098877935
"Sp3"	1.51781853618855e-05	-0.326897403697576	0.152	0.189	0.191002284593967
"Nop14"	1.51876824818029e-05	0.412054172818199	0.13	0.098	0.191121796351008
"Zfp637"	1.54527410266287e-05	0.395889560523393	0.138	0.105	0.194457293079096
"Msh5"	1.55970698893966e-05	0.580262374856536	0.074	0.05	0.196273527488167
"A530013C23Rik"	1.56402785075156e-05	1.02683544756849	0.029	0.015	0.196817264738576
"Tfdp1"	1.5812783793248e-05	0.284118501200067	0.151	0.133	0.198988071254233
"Ccnc"	1.58641444262755e-05	-0.321854917301418	0.119	0.152	0.199634393460251
"Isoc2a"	1.59035095081005e-05	1.24028782455172	0.017	0.007	0.200129763649936
"Pcgf2"	1.59350025057049e-05	0.570010076920879	0.071	0.05	0.20052607153179
"Pde2a"	1.60388821083704e-05	0.597453099495624	0.073	0.049	0.201833292451733
"Rad52"	1.6077043960569e-05	0.838568810136665	0.039	0.022	0.2023135211998
"Nfyb"	1.61723424324695e-05	-0.360616220038458	0.095	0.125	0.203512757170196
"Akt2"	1.61805534022726e-05	-0.32760911415014	0.144	0.181	0.203616084014198
"P2ry10b"	1.66539645093091e-05	-0.43557827771968	0.091	0.121	0.209573489385146
"Nelfcd"	1.66773812723388e-05	-0.404377546379983	0.079	0.107	0.209868165931111
"Hist1h4h"	1.67440972334656e-05	1.60500078593588	0.015	0.005	0.210707719585931
"Hdac1"	1.68698106436569e-05	-0.328943999719914	0.15	0.187	0.212289697139778
"Pon3"	1.6941545581693e-05	0.476303159561284	0.102	0.074	0.213192409600025
"Fkbp7"	1.70047442317483e-05	0.802275189549328	0.04	0.022	0.21398770141232
"Klhl21"	1.70955333205847e-05	0.730271418169497	0.049	0.03	0.215130191306237
"Tpgs2"	1.72297395624734e-05	0.434543405048841	0.121	0.091	0.216819042654165
"Gm16124"	1.73639497978753e-05	1.09624145493501	0.025	0.012	0.218507944256462
"Copz2"	1.73653824761524e-05	0.453275618689484	0.112	0.083	0.218525973079901
"Serpina3i"	1.73904698128941e-05	-0.881884045442225	0.008	0.017	0.21884167212546
"Eif4ebp2"	1.7403016383759e-05	-0.31493906768	0.137	0.172	0.218999558173223
"Aurkb"	1.74111860643778e-05	1.17163146388478	0.022	0.011	0.21910236543413
"Maged2"	1.7871414590696e-05	0.879698109295252	0.034	0.019	0.224893881209319
"Bicra"	1.79562228081814e-05	-0.525246921811258	0.06	0.086	0.225961107818155
"Nop56"	1.79667092868039e-05	0.365188773941594	0.152	0.124	0.226093069665141
"Uhmk1"	1.82502217311961e-05	0.433215257919401	0.119	0.09	0.229660790265372
"Car9"	1.83568086692412e-05	0.715290112820505	0.053	0.033	0.231002080293731
"Noxred1"	1.84146778978868e-05	-1.30814880014432	0.007	0.018	0.231730306667008
"Retreg1"	1.87815661594964e-05	-0.27916897022312	0.226	0.265	0.236347228551103
"Cacna1f"	1.88568112157642e-05	0.925906538717705	0.033	0.017	0.237294112339177
"Pusl1"	1.92680091602417e-05	0.787078834020389	0.043	0.025	0.242468627272482
"Spn"	1.93802230479331e-05	-0.41567086227325	0.08	0.109	0.24388072683519
"Zfp580"	1.94462123241268e-05	0.44796809710069	0.118	0.088	0.244711135886811
"Dmxl1"	1.98086583990622e-05	0.485055633570248	0.098	0.073	0.249272157293799
"Ropn1l"	1.98343766553202e-05	0.648882439511788	0.058	0.037	0.249595795830549
"Gpbp1"	1.98917608322347e-05	-0.316255601476275	0.153	0.191	0.250317918312841
"Lancl1"	1.99131848082521e-05	0.48613751966586	0.095	0.07	0.250587517627044
"Serpinb9"	2.05282010650239e-05	-0.499623334378781	0.051	0.075	0.25832688220226
"Bub1b"	2.09938584313235e-05	1.91240227436796	0.011	0.003	0.264186714499775
"Cyb5r4"	2.10131364389829e-05	-0.273234903103169	0.188	0.228	0.264429308948161
"Gm16754"	2.10175649331759e-05	0.567392441106495	0.071	0.048	0.264485037119086
"Drap1"	2.10913670096244e-05	0.255009330258485	0.286	0.25	0.265413762449114
"Nupr1l"	2.11748877023387e-05	0.780092403704282	0.042	0.025	0.26646478684623
"Nfatc2"	2.14153837430793e-05	0.514336780169957	0.088	0.062	0.26949118902291
"Immp2l"	2.17787352959846e-05	1.19148164677707	0.02	0.008	0.274063604964671
"Synj2"	2.20859196790825e-05	0.416171985723296	0.095	0.075	0.277929213241574
"Dcaf4"	2.23535914708966e-05	0.797961103700547	0.041	0.024	0.281297595069763
"Foxp4"	2.24013070601006e-05	-0.498813513958478	0.066	0.093	0.281898048044306
"Lyrm9"	2.2567382262577e-05	0.506086711668782	0.083	0.058	0.283987938392268
"Tbkbp1"	2.25854396778581e-05	-0.369805391493119	0.125	0.157	0.284215172906167
"Hist1h2ap"	2.28321583518016e-05	1.2243462806827	0.023	0.011	0.287319880699072
"Ccdc6"	2.31696764013199e-05	0.482842675704394	0.057	0.039	0.291567207834209
"Nol8"	2.32159359448249e-05	0.620413587714296	0.064	0.042	0.292149337929677
"Zfp451"	2.33143246757496e-05	0.480905305170337	0.094	0.07	0.293387461719633
"Mmgt2"	2.33546490534916e-05	0.425233862204915	0.118	0.089	0.293894903689138
"Lmbrd2"	2.34969449241756e-05	0.778520697648638	0.043	0.025	0.295685554925825
"A730063M14Rik"	2.35885485666429e-05	1.07590100665084	0.024	0.012	0.296838295162635
"Slc16a10"	2.36527132492593e-05	0.316393100193049	0.182	0.161	0.29764574352868
"Prr14"	2.36621216551702e-05	-0.279047680743556	0.169	0.207	0.297764138908662
"Lypla1"	2.37860310502027e-05	-0.270724816157307	0.196	0.236	0.299323414735751
"Nmt2"	2.42144309100382e-05	0.663697237304966	0.055	0.036	0.30471439857192
"Ankrd44"	2.42914782128332e-05	-0.356864085177351	0.132	0.166	0.305683961830293
"Vcl"	2.43554103569078e-05	0.468157685654051	0.09	0.07	0.306488483931327
"G6pc3"	2.5185315188092e-05	0.441473385806504	0.113	0.084	0.316932006326949
"Pitpnm1"	2.5634784412494e-05	-0.330586189264078	0.127	0.162	0.322588127046825
"Pde4d"	2.57050369551878e-05	0.27540961770115	0.184	0.148	0.323472185044083
"Layn"	2.5802801292091e-05	-1.16993265842935	0.01	0.021	0.324702451459673
"Csnk2a2"	2.64022692889327e-05	0.480800538092779	0.094	0.067	0.332246156731929
"Sorbs3"	2.6924384309729e-05	0.96561201228253	0.03	0.016	0.33881645215363
"Topbp1"	2.69311789065052e-05	0.553349892650181	0.072	0.052	0.338901955359461
"Strn4"	2.69902904206241e-05	-0.284143337133534	0.16	0.198	0.339645814653134
"Traf6"	2.699477017727e-05	0.353474907875161	0.163	0.134	0.339702187910766
"Zfas1"	2.72311330908413e-05	0.331604257068899	0.25	0.218	0.342676578815147
"Aggf1"	2.742309346431e-05	-0.306399018194363	0.168	0.204	0.345092208154877
"Ophn1"	2.77663072848719e-05	0.542158267097829	0.078	0.054	0.349411210872829
"Rdh13"	2.78775506284808e-05	1.32120781993529	0.016	0.006	0.350811097108803
"Tfrc"	2.82326479250269e-05	0.999279725047924	0.027	0.014	0.355279641488538
"Aatf"	2.82741403257573e-05	0.467120202017167	0.103	0.075	0.355801781859329
"Ttc27"	2.88198244187275e-05	0.923176745962133	0.03	0.016	0.362668670485267
"Tyms"	2.88365683561531e-05	0.763438282104697	0.046	0.029	0.362879376193831
"Slc11a2"	2.90773839050707e-05	0.470008481341993	0.101	0.075	0.365909799061409
"Rida"	2.92020820704647e-05	0.479056422291874	0.098	0.071	0.367479000774728
"Trub1"	2.9839476258954e-05	0.931197602255469	0.031	0.016	0.375499969242677
"Gm10522"	3.03884124440605e-05	0.808412975699265	0.044	0.031	0.382407782196058
"Clmp"	3.05871325469727e-05	0.466997541002946	0.094	0.067	0.384908475971105
"Gorasp1"	3.06661476498704e-05	0.674844774549987	0.053	0.034	0.385902802025969
"Atrnl1"	3.0898222828487e-05	-0.819541363318302	0.023	0.04	0.38882323607368
"Ankrd40"	3.10694087045283e-05	0.418801825516023	0.111	0.083	0.390977439137784
"Praf2"	3.11651883490563e-05	-0.276651576845541	0.198	0.238	0.392182730184524
"Rnf144a"	3.1475787695628e-05	-0.673555531698566	0.013	0.023	0.396091312361782
"Rpp40"	3.18474672079486e-05	0.870764984525245	0.034	0.019	0.400768527344825
"Ulbp1"	3.18679203548186e-05	1.00861758962726	0.026	0.013	0.401025909745037
"Rps27rt"	3.19921698518692e-05	0.34757976043039	0.152	0.124	0.402589465415922
"Eps15l1"	3.20873690582696e-05	-0.382328476000953	0.111	0.142	0.403787452229264
"Crls1"	3.22182496500636e-05	0.551754873094801	0.062	0.041	0.405434453596401
"Exoc6"	3.22186279340602e-05	-0.359580173285933	0.123	0.154	0.405439213922213
"Haus8"	3.2251530589943e-05	-0.285937521054164	0.126	0.157	0.405853260943843
"Cers4"	3.22750757289701e-05	-0.463154381750896	0.077	0.104	0.406149552973359
"Etnk1"	3.24519359062973e-05	-0.333186459537806	0.122	0.155	0.408375161444845
"Igf1"	3.25507941494574e-05	2.08416862263444	0.011	0.003	0.409619193576772
"Gbe1"	3.26976904368822e-05	0.33126148459921	0.102	0.077	0.411467736457726
"Brix1"	3.31077279631091e-05	0.326478137190008	0.169	0.14	0.416627648687765
"Ctif"	3.31295003354167e-05	1.11331496829395	0.021	0.01	0.416901632220884
"Il15"	3.33088266633133e-05	-0.389863449935692	0.11	0.141	0.419158274731135
"Creb3l1"	3.38172677880991e-05	-0.479033359347908	0.069	0.095	0.425556497845439
"Map3k14"	3.39588382271289e-05	-0.4706581601134	0.061	0.086	0.42733802025019
"Tram2"	3.46058469189372e-05	0.5707274192946	0.07	0.048	0.435479977627906
"Fxyd7"	3.49827909062441e-05	-1.20948248187183	0.012	0.024	0.440223440764176
"Gtf2h3"	3.52228455761015e-05	-0.657188740648926	0.035	0.054	0.443244288729661
"Ccdc69"	3.55707894892993e-05	-0.878703877044453	0.018	0.032	0.447622814933343
"Tmem127"	3.55793273949453e-05	-0.354755101761953	0.121	0.155	0.447730255937992
"Uhrf1bp1"	3.65161496395718e-05	0.568044998241279	0.053	0.034	0.459519227064371
"Rab21"	3.70171287056246e-05	0.332011521029355	0.177	0.143	0.46582354763158
"Lcorl"	3.72104876029523e-05	0.592871207339696	0.067	0.045	0.468256775995552
"Trim21"	3.74927625131473e-05	-0.425842071333042	0.085	0.113	0.471808923465446
"Rab3d"	3.76561069177673e-05	-0.289900453625272	0.179	0.214	0.473864449453184
"Pi4k2a"	3.79158240322474e-05	0.326220315565097	0.176	0.14	0.477132729621802
"Maco1"	3.81812159638564e-05	0.528649899805763	0.064	0.043	0.480472421689169
"4933404O12Rik"	3.84337977369455e-05	1.31697082704882	0.017	0.007	0.483650910721722
"Nemf"	3.85371015420233e-05	-0.338756786074719	0.137	0.171	0.484950885804821
"Vta1"	3.89924510367921e-05	-0.261159904833002	0.219	0.259	0.490681003846992
"Coq8b"	3.94131774013968e-05	-0.395805648500758	0.1	0.13	0.495975424419177
"Sestd1"	3.96555699573404e-05	-0.3089966961669	0.148	0.184	0.499025692343172
"Cog8"	3.99519272537449e-05	-0.357196159074752	0.112	0.144	0.502755052561126
"Gm30042"	3.9978426645402e-05	1.32572330105778	0.017	0.007	0.503088520905739
"Pqlc3"	4.0156755458516e-05	-0.269776989271804	0.196	0.235	0.505332610689965
"Mpp6"	4.0352888465955e-05	0.392536420429233	0.133	0.103	0.507800748455578
"Dus4l"	4.03553487216222e-05	1.2243462806827	0.019	0.008	0.507831708312894
"Ccdc166"	4.03604122497535e-05	1.33308192022358	0.013	0.005	0.507895427750898
"Polr3g"	4.0374371494746e-05	0.813413179736591	0.037	0.021	0.508071090889883
"Fbxw9"	4.06374053546525e-05	0.489807423911032	0.089	0.064	0.511381108982948
"Gripap1"	4.07193222696139e-05	-0.290409269372622	0.157	0.193	0.512411951440821
"Rap1gapos"	4.08327900142872e-05	1.86177620129799	0.01	0.003	0.51383982953979
"Ppp1r7"	4.10996957398423e-05	0.326017698577604	0.137	0.114	0.517198571190176
"D030056L22Rik"	4.13852816738049e-05	-0.366810712341278	0.068	0.091	0.520792384583161
"Abhd10"	4.14850343625032e-05	0.509342710411089	0.072	0.054	0.52204767241774
"Notch1"	4.20810256937392e-05	-0.36473232851069	0.121	0.153	0.529547627330015
"Nmd3"	4.21190536839422e-05	0.449650297439049	0.104	0.077	0.530026171558729
"Top2b"	4.23089651871927e-05	-0.303607399172683	0.12	0.151	0.532416017915633
"Tob2"	4.24898068355703e-05	-0.274125217855444	0.171	0.209	0.534691729218817
"Cenpl"	4.24993691980912e-05	-0.702427739256369	0.029	0.048	0.534812061988779
"Katna1"	4.26361138278746e-05	-0.28701733567117	0.161	0.198	0.536532856409974
"Mcmbp"	4.27428568253313e-05	-0.333660126384994	0.144	0.178	0.537876110289969
"Dcxr"	4.2765198997932e-05	0.302965988432802	0.194	0.164	0.538157264189977
"Nyap1"	4.27713935127004e-05	-1.49730489200684	0.005	0.014	0.538235215963822
"Asb13"	4.33476170807883e-05	-0.411478046853683	0.087	0.116	0.54548641334464
"Rabep1"	4.36787615570728e-05	0.343847922209851	0.168	0.136	0.549653535434204
"9930022D16Rik"	4.39570865483206e-05	0.994226497321639	0.023	0.011	0.553155977124066
"Bcl2l12"	4.40062837937653e-05	-0.413268222205221	0.066	0.09	0.553775075260743
"Ddx19b"	4.4082050055472e-05	0.467497262185943	0.095	0.07	0.554728517898059
"Wdr18"	4.54280118782671e-05	0.330577451093015	0.159	0.132	0.571666101476113
"Rrm1"	4.5675674231821e-05	0.49280835071513	0.067	0.052	0.574782684533235
"Vamp2"	4.60569960589214e-05	-0.298959628689662	0.166	0.203	0.579581238405467
"Arid4b"	4.62264448705365e-05	-0.346519876752323	0.115	0.147	0.581713582250831
"Mkrn2"	4.63721441566611e-05	0.4482085901146	0.102	0.076	0.583547062067423
"Edn1"	4.64315927092869e-05	-1.72318629942317	0.013	0.021	0.584295162653666
"Numa1"	4.65046034935252e-05	0.347908675359721	0.161	0.131	0.585213930362521
"Kansl2"	4.65636074452786e-05	0.326001250204365	0.145	0.12	0.585956436091386
"Smtn"	4.70627696439533e-05	-0.729111133380272	0.016	0.028	0.592237893199509
"Rgs3"	4.7136456887154e-05	-0.533424882326686	0.05	0.07	0.593165173467946
"Fst"	4.72729422051371e-05	-1.49436760892729	0.004	0.012	0.594882704709445
"Glis3"	4.73490817653105e-05	-1.24925511109075	0.008	0.019	0.595840844934667
"Rtl8c"	4.73736916624923e-05	0.67703632144094	0.039	0.023	0.596150535880803
"Cdt1"	4.77180488157006e-05	0.390195499994576	0.135	0.105	0.600483926296776
"Wdr4"	4.81014314482144e-05	0.614861460827473	0.061	0.041	0.60530841334433
"2810013P06Rik"	4.8181358941963e-05	-0.415577875852871	0.081	0.108	0.606314220925663
"5430416N02Rik"	4.84557342349768e-05	0.446738702019146	0.106	0.083	0.609766959612948
"Chst10"	4.86078237696104e-05	1.32572330105778	0.016	0.006	0.611680854316777
"Akt1s1"	4.8933303452593e-05	0.394398196137926	0.125	0.095	0.61577669064743
"Smyd5"	4.94552268755999e-05	0.58778258347433	0.064	0.043	0.622344575002549
"Nphp1"	4.95254478209917e-05	0.805192672931621	0.037	0.021	0.62322823537936
"Pop4"	4.95717412900522e-05	-0.389762565697974	0.106	0.136	0.623810792394017
"Hps6"	4.97081190130245e-05	-0.463569254147108	0.052	0.073	0.6255269696599
"9930111J21Rik1"	5.02739859750085e-05	-0.631555823957598	0.026	0.042	0.632647839509508
"Orc6"	5.0889437806797e-05	0.423279729195157	0.071	0.058	0.640392685360734
"Lin54"	5.15768703922778e-05	-0.492102917822674	0.053	0.075	0.649043337016424
"Pvt1"	5.16031618335504e-05	0.871760289870612	0.031	0.017	0.649374188513398
"1700047M11Rik"	5.1658294792323e-05	-1.54539918020788	0.005	0.013	0.650067981666592
"Togaram1"	5.25248885053693e-05	0.575472016141348	0.059	0.041	0.660973196951567
"Tulp4"	5.38071299114105e-05	0.273564908698485	0.196	0.172	0.67710892280519
"Kat6a"	5.40931902436308e-05	-0.399161263700224	0.094	0.123	0.68070870602585
"Pqlc2"	5.43076957066243e-05	-0.399664946460137	0.091	0.12	0.68340804277216
"Nrg4"	5.45080122936321e-05	-1.15349055535532	0.01	0.021	0.685928826703066
"Zfyve27"	5.48583090567911e-05	-0.427054205413142	0.082	0.107	0.690336961170659
"Stk3"	5.49464004211796e-05	-0.413083639932594	0.084	0.112	0.691445502900125
"Trim37"	5.54679381885827e-05	0.891523544692042	0.031	0.017	0.698008534165125
"Dpp9"	5.58357237419451e-05	-0.337305571746588	0.125	0.158	0.702636747568638
"Hspa4l"	5.59776429003404e-05	0.41860556303505	0.115	0.088	0.704422658257884
"Pogk"	5.61637966053332e-05	0.969579490832505	0.026	0.013	0.706765216481513
"Irak3"	5.63377343765703e-05	-0.429003195018709	0.084	0.111	0.708954049394761
"Arhgap1"	5.64101668920733e-05	-0.302343178463117	0.134	0.168	0.70986554016985
"Bola1"	5.65450489388802e-05	0.307674664281594	0.194	0.163	0.711562895846869
"Hspbap1"	5.68401894678818e-05	-0.723186299423166	0.021	0.036	0.715276944263824
"Ccng2"	5.68805185042336e-05	0.316877566436554	0.18	0.154	0.715784444857276
"Plpbp"	5.69396682680247e-05	0.267277674980278	0.183	0.162	0.716528785484822
"Nectin1"	5.74733573961625e-05	0.590024578363087	0.057	0.037	0.723244729473309
"Slc30a4"	5.74778224094275e-05	1.49182659154768	0.013	0.005	0.723300917200236
"Slc25a44"	5.78864652260798e-05	-0.436305151635005	0.063	0.086	0.728443278404988
"Fbxo30"	5.81377451786675e-05	0.473580314237787	0.086	0.065	0.731605385328352
"Rpf2"	5.89101848896964e-05	0.349604518895219	0.097	0.08	0.741325766651939
"Gas8"	5.92646014218664e-05	0.51829196304418	0.078	0.055	0.745785744292767
"Usp36"	6.06522356091773e-05	0.569749592124489	0.063	0.044	0.763247732905887
"Cdk2"	6.08021135930062e-05	-0.420531134830934	0.072	0.097	0.76513379745439
"Nudt16l1"	6.09489332241071e-05	0.452775091749814	0.099	0.074	0.766981375692163
"Oas1c"	6.22645660919018e-05	-0.633300795905972	0.031	0.049	0.783537299700492
"Pank3"	6.24239922859688e-05	0.536609732344083	0.074	0.052	0.785543518926631
"Shmt1"	6.34069532511017e-05	1.72684662121188	0.011	0.003	0.797913099711864
"Tubb2b"	6.34821623600207e-05	1.17755206920376	0.021	0.011	0.798859531138501
"Prr5"	6.3947908947743e-05	-0.68075103310277	0.018	0.031	0.804720486198398
"Ep300"	6.46878959349806e-05	-0.383876126307568	0.104	0.131	0.814032482445796
"Srpk1"	6.47003471284748e-05	0.332096136078023	0.178	0.149	0.814189168264727
"Thumpd1"	6.54534948854739e-05	0.392027291675179	0.126	0.097	0.823666779638804
"Mcm4"	6.61395461930617e-05	0.404401755461685	0.061	0.05	0.832300049293489
"Nrf1"	6.64173308662418e-05	-0.275935819459446	0.126	0.156	0.835795691620787
"Mepce"	6.70713885957519e-05	0.491989783114046	0.086	0.062	0.844026354088942
"Wdr77"	6.71974990916677e-05	0.429962989268319	0.104	0.08	0.845613328569546
"As3mt"	6.78286216878264e-05	-0.25696551512323	0.154	0.188	0.853555375319608
"1600010M07Rik"	6.83004332787653e-05	-0.318641173961965	0.107	0.137	0.859492652379983
"Nradd"	6.87573843965433e-05	1.44673870201915	0.014	0.005	0.865242925246101
"Lbx2"	6.88881211659907e-05	1.31634206476347	0.016	0.006	0.866888116752827
"Nomo1"	6.94980511287842e-05	0.50910458297952	0.081	0.058	0.87456347540462
"Pigc"	7.04915694359743e-05	-0.258750082664045	0.15	0.183	0.8870659097823
"Zscan29"	7.10379118414195e-05	-0.515408398982315	0.053	0.075	0.893941082612423
"Prorsd1"	7.19886158210295e-05	0.271167137435691	0.202	0.173	0.905904741491836
"Gm50241"	7.22214128570111e-05	-0.551198831523962	0.036	0.054	0.908834259392628
"Nipsnap1"	7.22592717637879e-05	0.51442550953072	0.074	0.052	0.909310675875507
"Zfp263"	7.27671935467996e-05	-0.335311131126848	0.121	0.153	0.915702363592926
"Gm12589"	7.32255605554393e-05	0.7373853390608	0.042	0.026	0.921470454029648
"4930581F22Rik"	7.51022336019554e-05	-1.13822379870201	0.008	0.019	0.945086507647007
"Fyttd1"	7.59675887214818e-05	0.350557159687588	0.138	0.112	0.955976136471127
"Pabpc1l"	7.71747095506801e-05	-0.481327403739209	0.052	0.074	0.971166544985758
"Tbl2"	7.73116655028338e-05	0.541516926771246	0.071	0.05	0.972889998687661
"Znrf2"	7.79239763780312e-05	0.444909031462064	0.081	0.059	0.980595318741145
"Znhit6"	7.79937249719758e-05	0.534853196490236	0.072	0.05	0.981473035047344
"Mrps27"	7.80079303468597e-05	0.547079675641703	0.067	0.046	0.981651795484883
"Anapc15"	7.80944803784049e-05	0.351700912207825	0.154	0.123	0.982740941081847
"Tnip3"	7.83170384562302e-05	0.416720557114981	0.128	0.102	0.985541611933201
"Fam117b"	7.83793765439537e-05	-0.368112806242232	0.107	0.137	0.986326074429113
"Naa25"	7.99292335597414e-05	-0.365168748400848	0.091	0.119	1
"Rab4a"	7.99325133764939e-05	0.557442166425366	0.056	0.037	1
"Vangl2"	8.05176989273192e-05	-1.13822379870201	0.009	0.02	1
"Rubcnl"	8.07449072928805e-05	-0.567067097505885	0.044	0.065	1
"Amdhd1"	8.27063235171355e-05	-0.986220705256961	0.01	0.021	1
"Asph"	8.43114367023702e-05	-0.33253461408946	0.104	0.133	1
"Rad51c"	8.48641542854363e-05	-0.816295703814648	0.012	0.022	1
"Etfdh"	8.50154744369914e-05	-0.327080616154698	0.117	0.149	1
"Prxl2a"	8.51446998513645e-05	0.585931988412889	0.062	0.041	1
"Nfe2l1"	8.54495702188308e-05	0.332060097982952	0.166	0.135	1
"Pianp"	8.5659983923555e-05	0.256085471750446	0.245	0.215	1
"Lockd"	8.68599810889588e-05	1.2243462806827	0.018	0.008	1
"Rmnd5b"	9.04320512706236e-05	-0.373729796990363	0.101	0.13	1
"Sdad1"	9.11650204706814e-05	0.360698870952455	0.111	0.084	1
"Gtf2h4"	9.2062411714554e-05	0.50223381461085	0.078	0.056	1
"Stard5"	9.23738936827256e-05	-0.434732909086892	0.074	0.1	1
"Ccdc88a"	9.36857518135281e-05	-0.353540702958337	0.117	0.147	1
"Usp1"	9.38816668413189e-05	-0.303698675478936	0.093	0.119	1
"Arfgap2"	9.39671194151721e-05	-0.277787523332786	0.165	0.201	1
"Ccdc71l"	9.50947535043529e-05	0.361821725783321	0.145	0.115	1
"Clpp"	9.59778151641e-05	0.297875316104663	0.198	0.166	1
"Rb1cc1"	9.63964255350474e-05	-0.284628139151268	0.166	0.201	1
"Crebrf"	9.70592252732372e-05	0.407744570403282	0.103	0.077	1
"Cavin3"	9.71793792747483e-05	1.28072875058022	0.02	0.011	1
"Tmem221"	9.76060850015146e-05	0.852253427179483	0.032	0.018	1
"Pcnx4"	9.76074188561185e-05	0.410719479218164	0.111	0.084	1
"Prmt6"	9.85897844846865e-05	0.647436052256275	0.048	0.032	1
"Pigf"	0.000100201872664234	-0.33879411758915	0.122	0.153	1
"Ei24"	0.000100632311464114	-0.274503921877562	0.17	0.206	1
"Trmt6"	0.000100983951838065	0.401414711509656	0.117	0.09	1
"Brpf1"	0.00010175706577218	-0.272150601906926	0.151	0.185	1
"Bend6"	0.000102427455240692	0.928890397156527	0.028	0.015	1
"Alg1"	0.00010308711990561	-0.283654238223574	0.173	0.208	1
"Tasor2"	0.000103371723683773	-0.584209886274356	0.041	0.06	1
"Nudt5"	0.000104978400486028	0.365162119806541	0.138	0.11	1
"Coq9"	0.000106279759394338	0.363144572337253	0.131	0.104	1
"Wrb"	0.000107526703587184	0.706657134631084	0.039	0.024	1
"Snx15"	0.000108021838902119	-0.299617942659967	0.099	0.126	1
"Ssx2ip"	0.00010826205919349	0.782049008827256	0.037	0.021	1
"Myo3b"	0.0001090993691682	-1.10259988897129	0.008	0.018	1
"AC125149.2"	0.000109373434878883	-0.996204793829582	0.01	0.02	1
"Ell2"	0.000109393516035871	-0.289405077803625	0.162	0.197	1
"Ppfia4"	0.000109412369616502	0.353139334966854	0.153	0.126	1
"Pigp"	0.000110402452169654	0.291905299731294	0.196	0.165	1
"Osgepl1"	0.000110832810493259	0.831402552254471	0.03	0.016	1
"Rbm19"	0.000110847960114069	0.632642202082486	0.051	0.033	1
"Ctps2"	0.00011236216944228	-0.338161369210763	0.122	0.152	1
"Ltbp3"	0.000112901404940714	0.549066636440006	0.065	0.044	1
"Dennd1c"	0.000113876661011192	-0.317516113719389	0.119	0.15	1
"Tmem170b"	0.000114241514478587	-0.416208546001776	0.082	0.108	1
"Klhl5"	0.000114319427788763	-0.407710602138173	0.085	0.112	1
"Tlr7"	0.000115128197134812	0.31980119467082	0.174	0.143	1
"Nsmaf"	0.000115619362888238	-0.414236058534014	0.068	0.092	1
"Fbxl6"	0.000115761949679349	-0.307678637180771	0.139	0.172	1
"Gemin2"	0.000115885485958302	0.534481596660812	0.066	0.047	1
"Tent4b"	0.000116647189493272	0.527211280732702	0.07	0.05	1
"Reps1"	0.000116920101795627	0.513272453274846	0.073	0.053	1
"1190007I07Rik"	0.000118776461855775	0.433318186256824	0.088	0.067	1
"Ago1"	0.000119171607137218	0.604740536085639	0.05	0.034	1
"Dhdds"	0.000119718711704729	-0.321489888748637	0.123	0.154	1
"Fam193b"	0.000119879120009115	0.605677842674573	0.056	0.038	1
"Fbh1"	0.000120073009947352	-0.325911156848439	0.117	0.148	1
"Deaf1"	0.000120444435007615	0.547079675641703	0.067	0.046	1
"Chka"	0.000121099517613266	-0.316741410660375	0.13	0.161	1
"Rrp12"	0.000121427756604486	0.777163973583049	0.031	0.018	1
"Pemt"	0.000121583154245473	1.20281311913306	0.016	0.007	1
"Dnaja3"	0.00012385213955064	0.38271577591176	0.121	0.095	1
"Arhgef12"	0.000125313043742189	0.578350006633018	0.058	0.04	1
"Dhx40"	0.000128656691258232	-0.406644751082863	0.084	0.107	1
"Lgalsl"	0.000129029357692716	1.3357073896304	0.015	0.006	1
"Inpp4a"	0.000129243620642121	-0.497918264137079	0.058	0.079	1
"Ccdc163"	0.000129353681973357	0.647182150521949	0.042	0.029	1
"Wrnip1"	0.000129909191169693	-0.405481023894541	0.083	0.109	1
"Aspscr1"	0.000130319430377717	-0.29429551308482	0.156	0.19	1
"Maz"	0.000130584233905391	0.303016655534054	0.181	0.152	1
"Pla2g15"	0.000130603347528106	0.268566340194057	0.222	0.193	1
"Gm20478"	0.000132463529554267	-0.727673690415481	0.022	0.037	1
"Fam169b"	0.000133130647961796	-0.878703877044453	0.017	0.03	1
"Flywch1"	0.000135782048235759	-0.381216689632718	0.091	0.119	1
"Ubqln2"	0.000136762229068538	0.368471645221883	0.116	0.093	1
"Foxk1"	0.000136979500000881	0.400691334499709	0.113	0.087	1
"Serpinb8"	0.000137739298940467	-0.479915148410803	0.069	0.093	1
"Dipk1a"	0.000138466975090077	-0.301220811264692	0.146	0.175	1
"Arrb1"	0.000140107152059053	0.324359284844626	0.156	0.13	1
"Cwc25"	0.000140427163567277	-0.364705108106337	0.09	0.118	1
"Rab40c"	0.000141148090350698	0.542707760549868	0.064	0.044	1
"Ftsj3"	0.000141936897893402	0.418169549822375	0.099	0.074	1
"Tmem191c"	0.000141946889386575	1.17543668020175	0.018	0.008	1
"Cdk17"	0.000142513136470001	0.461238271714261	0.091	0.068	1
"Rcl1"	0.000142706432064312	0.514443561157536	0.073	0.051	1
"Enoph1"	0.000143282831301662	0.438936113822953	0.095	0.072	1
"Gm14326"	0.00014462171494166	0.411853184375287	0.089	0.069	1
"Taz"	0.000146319857467947	-0.289365324464907	0.135	0.166	1
"Mta1"	0.000147426480386638	0.512141177240786	0.073	0.052	1
"Crabp2"	0.000147673758928716	1.0772822370492	0.031	0.019	1
"Il12rb2"	0.000148453561403632	-1.47382683048645	0.004	0.012	1
"Dennd4c"	0.000151093351104686	0.372239579405556	0.13	0.102	1
"Cpt1a"	0.000152711735935087	-0.315343144059388	0.139	0.169	1
"Dcstamp"	0.000152774187918359	-2.10505693476681	0.003	0.01	1
"4930556M19Rik"	0.000153659504179312	1.03931438685018	0.02	0.01	1
"Gpt2"	0.000153692448714704	0.952378750078896	0.025	0.013	1
"Hagh"	0.000154637055628585	0.270937134240164	0.193	0.166	1
"2810004N23Rik"	0.000155685250062516	0.347653941127283	0.13	0.102	1
"Rubcn"	0.000156698414230486	0.527040330110007	0.065	0.047	1
"Paf1"	0.00015875348226308	-0.290976149520893	0.155	0.188	1
"Hras"	0.000158935418049361	0.312743557724859	0.155	0.13	1
"Tbc1d4"	0.000159450129349735	1.50813924668329	0.013	0.005	1
"Dusp7"	0.000160645220587235	0.595061448976247	0.055	0.037	1
"Krt10"	0.000161964267876359	0.638451505266167	0.046	0.03	1
"Abcc1"	0.000162014392993459	-0.321976324312521	0.147	0.177	1
"Vps37c"	0.000163291974982504	-0.317803136499485	0.104	0.132	1
"5730409E04Rik"	0.000164405835548385	0.850280562460161	0.026	0.014	1
"Dock4"	0.000165649361507787	-0.255906818963184	0.207	0.239	1
"Xrcc4"	0.000166076633748308	-0.420623529402735	0.071	0.092	1
"Tbrg4"	0.000168539722452931	0.414317224326769	0.107	0.082	1
"Mapkap1"	0.000168686856700676	-0.310102348230078	0.134	0.166	1
"Mark4"	0.000172803568143419	-0.352054206535034	0.104	0.132	1
"Rbm43"	0.000173115227770611	-0.365168748400848	0.093	0.12	1
"Ppp2r5a"	0.000173513268446025	-0.272279334256121	0.178	0.213	1
"1810034E14Rik"	0.000174902818677299	1.00762706776144	0.022	0.011	1
"Hlx"	0.000175378671756456	-0.350501792974107	0.118	0.144	1
"Gm45620"	0.000177581781896548	-1.3945635519618	0.003	0.01	1
"Rpa2"	0.000178517788425087	0.265027786199123	0.084	0.077	1
"Atrx"	0.000180174950152541	-0.285929956607548	0.158	0.192	1
"Plcl2"	0.000181683697784368	-0.440050687532863	0.065	0.089	1
"Gm35154"	0.00018185389626564	-0.431616988939597	0.071	0.093	1
"Bora"	0.000182245237747326	0.950781207356735	0.025	0.013	1
"Pcf11"	0.000182635201470148	-0.330226965603387	0.111	0.141	1
"Klk8"	0.000182834212287878	-0.38854715278625	0.011	0.02	1
"Prune1"	0.000182878530920703	-0.421530599562065	0.066	0.089	1
"Mia3"	0.000185631752299034	-0.270646127118318	0.18	0.214	1
"Hivep3"	0.000186131449502316	0.378229924088856	0.127	0.1	1
"Lars"	0.000186704187425458	0.327439773646801	0.122	0.102	1
"2700097O09Rik"	0.000186830247699053	0.662467393074583	0.045	0.029	1
"Vcpip1"	0.000187547853240399	-0.348084119015018	0.097	0.124	1
"4933406I18Rik"	0.000187931449963263	0.618505050285625	0.051	0.034	1
"Dkc1"	0.000188543047457105	0.558707133661943	0.062	0.043	1
"Pparg"	0.000188619396959896	0.966745760899532	0.023	0.012	1
"mt-Nd6"	0.000189303536224205	0.39619914998677	0.11	0.088	1
"Mblac1"	0.000189309165869301	0.873003456721244	0.027	0.015	1
"Rps6ka2"	0.000190043346416943	1.71592533483454	0.01	0.003	1
"5031425F14Rik"	0.000190467752389511	0.939778713299263	0.025	0.013	1
"Fuom"	0.000193463121633947	-0.357613731876935	0.098	0.125	1
"Ankrd13a"	0.000193670573040948	-0.276394618967491	0.154	0.187	1
"Zfp523"	0.000195498680072239	-0.476546331840042	0.028	0.041	1
"Wfdc2"	0.000196193707344175	1.14441516507129	0.026	0.014	1
"Lrrcc1"	0.00019793473518694	0.506610157996545	0.075	0.054	1
"Acaa2"	0.000201029927922994	-0.288062308033737	0.133	0.165	1
"Pygb"	0.000203659177044423	0.37560552516005	0.11	0.088	1
"Mprip"	0.000204444046553504	-0.344141233737444	0.111	0.138	1
"E2f2"	0.000205332450897812	0.568300681900059	0.06	0.041	1
"Lrrk1"	0.000206029417294042	-0.394715358669032	0.09	0.115	1
"Rell1"	0.000206076244396957	0.379482263612711	0.091	0.074	1
"Mrpl41"	0.000206373940522616	0.287835106668086	0.175	0.148	1
"Ears2"	0.000206526637394935	0.872664517440726	0.027	0.015	1
"Mthfd2"	0.000207658344736231	0.254702998971085	0.177	0.162	1
"Snapc4"	0.000208035665403218	0.770802541250499	0.035	0.021	1
"Hbegf"	0.000208075997227485	0.587237823345745	0.061	0.042	1
"Tceal8"	0.000208334151200883	0.255883042707233	0.185	0.164	1
"Ccdc28b"	0.000208965551605278	-0.329252049129123	0.115	0.144	1
"Nat14"	0.00021049617299707	1.0317012027403	0.02	0.01	1
"Pgm2"	0.000212071164722693	-0.261959167124255	0.11	0.135	1
"4930523C07Rik"	0.000215579265413321	-0.366492786375129	0.005	0.01	1
"Tmppe"	0.000218350182827888	0.607203374212392	0.036	0.023	1
"C030006K11Rik"	0.00021910357284468	0.583674347375254	0.053	0.036	1
"E230001N04Rik"	0.000219304697370079	-0.723186299423166	0.008	0.016	1
"Kti12"	0.000223580664851012	0.414117280449948	0.099	0.076	1
"Bmt2"	0.000224276085718564	0.400871693261817	0.073	0.058	1
"St7l"	0.000224426859690097	-0.353022018882956	0.107	0.134	1
"Xylt1"	0.000226712196033565	0.313525478933355	0.153	0.123	1
"Pus1"	0.000227491612150609	0.371450574714908	0.122	0.095	1
"Tmem53"	0.000230943385580371	-1.08575637880787	0.009	0.019	1
"Nfx1"	0.000234311994320321	0.372260486059869	0.12	0.096	1
"Prkcb"	0.000234645981240995	-0.349492841566748	0.111	0.138	1
"Usp30"	0.000236639067919518	0.528596971435918	0.059	0.042	1
"Heatr1"	0.000238711665842086	-0.394151318041544	0.084	0.109	1
"Tmem71"	0.000239514054169648	-0.541245921824013	0.044	0.063	1
"Setd1b"	0.000245041451354887	-0.443078380230431	0.066	0.089	1
"Mtfp1"	0.000249241498727898	1.26986093993507	0.015	0.006	1
"Aldh1b1"	0.000253888761154379	-0.489200426099871	0.048	0.068	1
"Borcs5"	0.000254498426746302	-0.404251348847787	0.066	0.089	1
"Tnfsf9"	0.00025455845443939	0.321421758549291	0.229	0.196	1
"Chek2"	0.00025487687708598	0.977253418717925	0.022	0.011	1
"Fam210a"	0.0002564710148543	0.477899633505606	0.074	0.053	1
"Xpo6"	0.000258010406034964	-0.279293937472138	0.16	0.193	1
"Cep250"	0.000263611391516682	0.397565860037444	0.109	0.085	1
"Wfdc18"	0.00026397438379129	-1.38976256569797	0.004	0.011	1
"Mrtfa"	0.000266504277428022	0.3978291015382	0.107	0.083	1
"Kif13b"	0.000266579185425359	0.472018110467503	0.081	0.061	1
"F8a"	0.000269034518483321	0.416059083929719	0.091	0.07	1
"Xpo1"	0.00026903884288762	0.313033888489587	0.144	0.12	1
"Gm43672"	0.00026982367137366	-0.427730415896995	0.043	0.06	1
"Nop2"	0.000270550223581805	0.440090326009781	0.088	0.067	1
"Fads3"	0.000270688752974737	1.30923517826921	0.012	0.005	1
"Limk1"	0.000272408041001184	0.568330482568102	0.056	0.038	1
"1700019L13Rik"	0.000272703625740106	-0.871119728559169	0.015	0.027	1
"Phlda3"	0.00027539101726679	0.757078822631296	0.033	0.02	1
"Ptgir"	0.000276314255187181	-0.8444925956453	0.016	0.028	1
"Tmem268"	0.000277065443855985	-0.392500281058244	0.072	0.096	1
"Taf15"	0.000278666170261451	-0.283602501835808	0.149	0.181	1
"Slc25a14"	0.000280534915839309	-0.538761728285739	0.026	0.039	1
"B3galt6"	0.000281154850196841	0.645284381401226	0.044	0.028	1
"Gm12216"	0.000281847328037663	-0.892313570659426	0.014	0.026	1
"Focad"	0.000282552002648629	1.03542428878302	0.02	0.01	1
"Kcne3"	0.000282736219016199	-1.32042712992276	0.005	0.013	1
"Chchd4"	0.000288833166030167	0.309896055532664	0.161	0.131	1
"Pla1a"	0.000288864085852305	-0.965387201839794	0.005	0.012	1
"Gm4737"	0.000288929213072086	0.723496826472143	0.036	0.021	1
"2900097C17Rik"	0.000290278981888551	0.290619500101864	0.183	0.154	1
"N4bp2l1"	0.000290387122251385	-0.401892495616977	0.079	0.103	1
"Ipo11"	0.000290919288287087	0.499206121913282	0.07	0.05	1
"Gpn1"	0.000291306562544652	0.431141846968127	0.086	0.065	1
"Cpped1"	0.000291378661212656	0.425389381825712	0.091	0.069	1
"Tom1l1"	0.000305238820775468	1.29918151360529	0.014	0.005	1
"Cxcr2"	0.000307005883762355	-1.10259988897129	0.005	0.012	1
"Ly9"	0.000309115373115275	-0.254032251352626	0.131	0.16	1
"B4gat1"	0.000312820558436334	0.382108643416433	0.105	0.082	1
"Dgcr2"	0.000313184954999292	-0.355035187775158	0.1	0.127	1
"Haus6"	0.00031440078930633	0.686048913789143	0.04	0.025	1
"Gm14295"	0.000314724746523907	0.963314227760052	0.022	0.011	1
"Nfkb1"	0.000317734983118002	-0.258231967868963	0.156	0.188	1
"Parp3"	0.00031867033042884	-0.33624821330318	0.089	0.114	1
"Fam168b"	0.000319552670358896	0.285292831534008	0.189	0.159	1
"Cdc42bpb"	0.000321411726503033	0.364276541827173	0.118	0.093	1
"Thap2"	0.000321599394566629	0.441200518477716	0.081	0.061	1
"Ptpro"	0.000324322767716208	-0.308850670769155	0.134	0.164	1
"Mtf2"	0.000329102843698194	-0.379231898205805	0.083	0.108	1
"Ranbp10"	0.000329205445727556	0.467497262185944	0.079	0.059	1
"Acsl3"	0.00033191490362754	0.67449763310541	0.04	0.027	1
"Prkci"	0.000335496251453578	0.631850107276135	0.04	0.027	1
"Phf8"	0.000337966930792215	-0.446810356350211	0.049	0.068	1
"Inpp5k"	0.000351517492394402	-0.281715392291543	0.154	0.185	1
"Cmss1"	0.000351631642143484	0.499206121913281	0.068	0.048	1
"Pitpnb"	0.000351955534338466	-0.261959167124255	0.149	0.18	1
"Pde7a"	0.0003552855836515	0.68774680152294	0.033	0.02	1
"Gemin6"	0.000359199526390767	0.486459131045432	0.064	0.048	1
"Mks1"	0.000359590865267672	0.838692588184949	0.026	0.015	1
"Msantd3"	0.000364408937213344	-0.342192263671286	0.07	0.091	1
"Bmf"	0.000364997662581337	-0.768040535207427	0.02	0.032	1
"Cpne3"	0.000370172974177972	-0.287162217514229	0.15	0.181	1
"Gm4117"	0.000373222186943312	-1.30172253098489	0.005	0.013	1
"Ppfibp2"	0.00037646927321131	-0.603186523312536	0.03	0.045	1
"Tomm40l"	0.000378653474825857	0.542954017278449	0.058	0.04	1
"Adprhl2"	0.000380121240295698	0.360845636426899	0.122	0.096	1
"Top1mt"	0.000390506098025624	0.821134216800644	0.029	0.017	1
"Gm45894"	0.000390823524843633	-0.811413482434902	0.007	0.014	1
"Tmem41a"	0.000392775051223046	0.584840978647934	0.05	0.033	1
"4933439K11Rik"	0.000393218977958915	-1.08164027033564	0.008	0.018	1
"C2cd5"	0.0003948861270402	-0.543636879092453	0.039	0.057	1
"Aagab"	0.000395176085189967	-0.29476691747855	0.141	0.168	1
"Pygo2"	0.000397122227149351	-0.315199420378522	0.117	0.145	1
"Irf3"	0.000398882374782492	-0.300280556810983	0.118	0.146	1
"Osbpl1a"	0.000400601026262772	0.411383425571183	0.055	0.04	1
"Rapgef2"	0.000401007463292372	-0.445652323894258	0.078	0.1	1
"Dph6"	0.000402903093316498	0.615136233714864	0.048	0.032	1
"Smurf1"	0.000404065513447094	0.497543072690637	0.061	0.044	1
"Fem1b"	0.000404397587701275	0.290544416438942	0.145	0.125	1
"Cib2"	0.000407605326797314	-0.354120508745687	0.098	0.123	1
"Fra10ac1"	0.000409263626921056	0.448608689372192	0.081	0.059	1
"Arsk"	0.00040965120234328	0.616255759151971	0.046	0.031	1
"Ralgapa2"	0.000412921109141142	-0.503508262783755	0.048	0.067	1
"Supt3"	0.000414787546968494	0.587153821188984	0.051	0.035	1
"Rad18"	0.000419990528794942	0.819340934977593	0.028	0.016	1
"Retreg3"	0.000422899682952567	-0.262421526487194	0.163	0.195	1
"Nudt16"	0.000425410149978137	-0.29812507219208	0.135	0.163	1
"Htra1"	0.000427371768946424	0.908469436746032	0.025	0.016	1
"Ift57"	0.000432834764596445	-0.348539902971462	0.103	0.128	1
"Ttc21b"	0.000433072854308019	0.933566884366	0.021	0.011	1
"Polr1e"	0.00043759543494994	0.64138613287269	0.043	0.028	1
"Ipcef1"	0.000438328670787099	-1.19711748775558	0.005	0.012	1
"Rnft1"	0.000439184121708679	-0.317798970178042	0.12	0.148	1
"Gm37800"	0.000443673465554961	-0.805648459615139	0.017	0.029	1
"Klhl36"	0.000444489523763888	-0.4123133930448	0.068	0.091	1
"Gm807"	0.000444694830005942	-0.452997174507425	0.059	0.08	1
"Eci1"	0.000446965560657219	0.306237460916734	0.149	0.124	1
"Daglb"	0.000449857743060896	0.254313563865405	0.232	0.199	1
"Ccdc82"	0.000454191092088651	-0.372885057371722	0.076	0.1	1
"Rbpms"	0.000458281955971823	0.305304126679296	0.139	0.119	1
"Gm36738"	0.0004588420343392	0.422244140098397	0.088	0.068	1
"Exoc2"	0.000465117930379609	-0.335869557702773	0.105	0.13	1
"B230217C12Rik"	0.000469382252327781	-1.11804591676438	0.008	0.016	1
"Gipr"	0.000469584807878598	-1.08478453974055	0.011	0.018	1
"Itgax"	0.000470696454564988	0.435025281455355	0.095	0.072	1
"Col1a2"	0.000472397422106356	2.33426397276073	0.016	0.008	1
"Metap1"	0.00047360999432238	-0.254832985611866	0.156	0.187	1
"Msl3"	0.00047522657320239	0.372999029345569	0.113	0.089	1
"Dcun1d3"	0.000478638741528711	-0.484813947823642	0.048	0.068	1
"Kif3b"	0.000479096170588012	-0.306100971495464	0.097	0.122	1
"Usp22"	0.000486767548223248	0.369570841496686	0.112	0.087	1
"Gm38394"	0.000489502998450363	-0.560180711920645	0.032	0.048	1
"Ly75"	0.000495043651906408	-0.542614053781346	0.011	0.02	1
"B4galt4"	0.000507651987627254	-0.799135152656465	0.015	0.027	1
"Ppp4r2"	0.000508734370858481	0.311883367104085	0.138	0.115	1
"Prps2"	0.000509301326339295	0.497543072690637	0.06	0.044	1
"Gm37494"	0.000513117787882292	0.680535886627843	0.026	0.015	1
"Ankrd28"	0.000513203398295213	0.539848106410627	0.055	0.039	1
"Sinhcaf"	0.000519619129090225	0.581668282105254	0.047	0.032	1
"Gfod1"	0.000520016344603483	-1.06783447081061	0.009	0.018	1
"Mdn1"	0.00052090683141554	0.588325179518858	0.047	0.031	1
"Iffo2"	0.000522955213770371	0.643871170953855	0.038	0.024	1
"Pgrmc2"	0.000523357841121083	0.324869841921337	0.131	0.107	1
"Gpx3"	0.000524904377028623	-1.12672815986418	0.011	0.022	1
"Slc25a15"	0.00053401301494175	1.0668906312026	0.017	0.008	1
"Kank2"	0.000534165396079956	1.12925651216298	0.013	0.006	1
"Ppp4r3a"	0.000534868390042474	-0.289353590037531	0.132	0.161	1
"Pyroxd2"	0.000536722556433686	1.01558153737703	0.019	0.009	1
"Kpna3"	0.000539153450261652	0.36074485085692	0.116	0.093	1
"Spata24"	0.000539217024402086	0.799312114351337	0.024	0.013	1
"Mycbp"	0.00053961999062057	0.326898932013143	0.128	0.106	1
"Sec24a"	0.000548099008002465	0.427109895270213	0.089	0.067	1
"Atxn7"	0.00054886674985291	-0.448079061288798	0.06	0.08	1
"Fnbp1l"	0.000550028990168808	0.907100191807481	0.02	0.01	1
"Nudt3"	0.000551522640719407	0.292914755202929	0.172	0.144	1
"Trim59"	0.000558041205344854	0.676561328831082	0.031	0.018	1
"Cyren"	0.000558487249092194	0.404918526324519	0.094	0.071	1
"Foxred1"	0.000559952155275424	-0.444992086418367	0.059	0.079	1
"Ggact"	0.000566276673367345	1.36873619001787	0.012	0.004	1
"Lipo3"	0.000567586555998495	0.633507213624872	0.043	0.028	1
"C330018D20Rik"	0.000569181950180495	-0.378486896877146	0.061	0.081	1
"Csf1"	0.000570391579790528	0.919990815243286	0.027	0.018	1
"Gcat"	0.000570760617138644	0.839749894967991	0.026	0.015	1
"Cuedc1"	0.000575033260307228	0.952924089356185	0.02	0.011	1
"Kat2b"	0.000575290325580426	-0.497863059321763	0.045	0.064	1
"Oma1"	0.000579121039209261	-0.387943851254923	0.079	0.102	1
"E130311K13Rik"	0.000579689508621299	0.827560485960077	0.026	0.015	1
"Satb1"	0.00059123793331701	-1.24925511109075	0.004	0.011	1
"3110082I17Rik"	0.000595530540553519	0.369923104968315	0.102	0.082	1
"Tsr2"	0.000597571263004682	0.590292605628378	0.048	0.032	1
"Ndufa9"	0.000598152519090704	0.267989850189827	0.194	0.163	1
"Gm33370"	0.00059839156489775	0.825856627043047	0.025	0.014	1
"Bod1"	0.000609283851876809	0.661477550812159	0.039	0.025	1
"Riox1"	0.000611461758936916	0.483971608218121	0.065	0.048	1
"Phldb3"	0.000611835691593224	-0.507680263671959	0.044	0.062	1
"Cgref1"	0.000616226083081215	1.66913112335559	0.01	0.003	1
"Dynlt1c"	0.000618476510408408	-0.319644438982152	0.103	0.129	1
"Lilra5"	0.000619934598335603	0.281884690124255	0.02	0.013	1
"Xpo4"	0.000622553249088621	0.654846897349346	0.041	0.026	1
"Cyp4f13"	0.000628146742348744	-0.355624975729977	0.093	0.118	1
"Rps6kb2"	0.000632117703977694	-0.37470667970364	0.082	0.106	1
"Abhd17c"	0.000632443175877528	-0.436882114266525	0.061	0.082	1
"Pcgf3"	0.00064422887988666	0.42415541665202	0.084	0.063	1
"Ube2h"	0.000644369170855267	0.414993118010196	0.086	0.067	1
"Nasp"	0.000647937188584104	0.324625180493022	0.121	0.102	1
"Cdc20"	0.000653959855203743	1.12481060713178	0.018	0.009	1
"Erbin"	0.000658101718839678	0.307047619031447	0.132	0.11	1
"Hist1h1e"	0.000662944152795338	0.498800357590289	0.069	0.054	1
"Gm45716"	0.000664490020333846	0.527188534439162	0.057	0.04	1
"Faf2"	0.000668257798794757	-0.287213653609858	0.138	0.164	1
"Chaf1b"	0.000675484758409474	0.576546049349999	0.043	0.031	1
"Rpp38"	0.000676232438833827	0.802397654219058	0.025	0.014	1
"Rrp8"	0.000682081892887113	0.4175576766072	0.086	0.064	1
"Ksr1"	0.000684407608095075	-0.993025883162074	0.01	0.019	1
"Golm1"	0.000692186609954252	0.299897313689875	0.135	0.113	1
"Itch"	0.000692903996807145	-0.332310850818312	0.102	0.128	1
"Ceacam1"	0.000698972217181378	-0.488721045786143	0.049	0.068	1
"Bckdhb"	0.0007026310253338	0.428949388575618	0.083	0.062	1
"Cxcr3"	0.000703148167182397	-1.19267158272439	0.005	0.012	1
"Ktn1"	0.000706515909780866	0.305802912476933	0.133	0.114	1
"Thop1"	0.000710212333903802	0.459122426474978	0.073	0.054	1
"Tsacc"	0.000712833043500605	0.693021743563615	0.03	0.018	1
"E430024P14Rik"	0.000713499499027385	-1.25370101612195	0.005	0.012	1
"Ankrd55"	0.000713731135900182	-1.25752272707435	0.006	0.013	1
"Smarcad1"	0.000716330451544686	0.350814282020611	0.115	0.091	1
"Nfia"	0.0007218947835943	1.06822707876542	0.013	0.006	1
"Chic1"	0.000736149103826044	-1.21622631070328	0.006	0.013	1
"Tbc1d19"	0.000744530065354891	0.592015932275882	0.045	0.03	1
"Wdr34"	0.000744697216328736	0.702297987290793	0.032	0.02	1
"Homer1"	0.000747691833375888	-0.499273651348697	0.043	0.061	1
"Prkab1"	0.000747693743509813	-0.268433501284805	0.136	0.165	1
"Nepro"	0.000748471097254046	0.590102877190324	0.046	0.031	1
"Rcc1l"	0.000756219655855566	0.581280825397973	0.047	0.031	1
"Kansl1"	0.000759512734717483	0.269773696864203	0.186	0.158	1
"Scd2"	0.000761056070501259	0.253159538553094	0.229	0.201	1
"Twsg1"	0.000766701996361032	0.497543072690637	0.061	0.043	1
"Ifrd2"	0.000768015600506784	0.482898365314564	0.062	0.046	1
"Mfsd6"	0.000772124420279102	-0.428813927056365	0.049	0.067	1
"Abhd2"	0.000774155193256359	-0.500019276703874	0.044	0.062	1
"Kdm3a"	0.000774450254710925	0.346246334108976	0.12	0.096	1
"Mrgpre"	0.000776202596025462	1.32120781993529	0.011	0.004	1
"BC005561"	0.00077805495690341	-0.439779049822191	0.057	0.076	1
"Lonp1"	0.000789795161937944	0.262756404043027	0.155	0.134	1
"Qtrt1"	0.000789969310172755	0.460992685699388	0.073	0.054	1
"Lipt2"	0.000792847613111092	0.572915808096291	0.042	0.029	1
"Zfp566"	0.000798921991145366	0.875851386509713	0.022	0.012	1
"Yipf6"	0.000804610352368465	0.315807832192697	0.101	0.085	1
"Khnyn"	0.000814390317873852	-0.320267994519614	0.092	0.117	1
"Stat4"	0.000818333820849539	-0.425800388798596	0.012	0.019	1
"Rpe"	0.00082025586608734	-0.338921148939139	0.096	0.121	1
"Spryd4"	0.000821597421062727	0.559213431277559	0.051	0.035	1
"Fam83f"	0.000827808533832699	0.527357162227431	0.057	0.04	1
"Zfp874a"	0.000828888463560889	0.660142340128339	0.033	0.022	1
"Ddhd2"	0.00083362132399756	0.393357605691122	0.094	0.072	1
"Mob2"	0.00085457438683022	0.294091692008669	0.158	0.13	1
"Trmt5"	0.000859425167639533	0.609010130918024	0.04	0.027	1
"Zfp944"	0.000863467975194121	-0.312136508620492	0.058	0.074	1
"Brf2"	0.000870870011104391	0.486677447389289	0.061	0.045	1
"D130020L05Rik"	0.000875308077958082	0.906170320656443	0.02	0.011	1
"Ogfod3"	0.00087583055346026	0.355129944239861	0.106	0.084	1
"Swt1"	0.000880298783551133	-0.294256769183213	0.088	0.11	1
"Dhdh"	0.00088566555046673	0.610814627764771	0.042	0.027	1
"Elp3"	0.000892927630656276	0.512928981713612	0.048	0.032	1
"Rpp30"	0.000899301842422791	-0.256349899564118	0.119	0.144	1
"Cdc37l1"	0.000902167721095574	0.341769142417604	0.095	0.079	1
"Clstn1"	0.000903778453714585	1.18370429618535	0.014	0.006	1
"Noc3l"	0.000907484698859317	0.598741795464196	0.044	0.029	1
"Rabggta"	0.000912384563272626	-0.305856988636333	0.116	0.143	1
"Ckap2l"	0.00091674937348249	1.41977165441888	0.01	0.004	1
"Thoc2"	0.00091763884681259	-0.275373764052703	0.148	0.176	1
"Zfp53"	0.000937853659588599	-0.346080126880578	0.07	0.091	1
"Mturn"	0.000938153742315807	1.25409362407675	0.013	0.005	1
"Cbx5"	0.000943537672990389	0.497964025374319	0.053	0.037	1
"Apobec3"	0.0009446367095754	-0.341843085386274	0.093	0.117	1
"Tmem150b"	0.000948952591871494	-0.708235957957195	0.02	0.033	1
"Tmem14a"	0.00095983626962458	1.00987484028712	0.018	0.009	1
"Nacc2"	0.000963050747563281	0.379863858303985	0.085	0.065	1
"Bnip1"	0.000964615683070839	0.412875250152862	0.083	0.063	1
"Blm"	0.000972985539092992	0.655325323830564	0.038	0.024	1
"Zfp868"	0.000986194952198401	0.542158267097829	0.053	0.036	1
"Atp2a2"	0.000999793486501767	0.252417046269366	0.206	0.177	1
"Bag5"	0.00100326128580174	0.334882756832363	0.12	0.095	1
"Elmsan1"	0.00101586677693944	-0.324060487222936	0.106	0.131	1
"Cep170b"	0.00102209918109016	0.796681173076105	0.027	0.016	1
"Nmnat3"	0.00102760444960981	0.590102877190324	0.046	0.031	1
"Cenps"	0.00103385753234312	0.518888487774981	0.058	0.041	1
"Tsc1"	0.00103419506963681	0.410740503781749	0.077	0.059	1
"Ctc1"	0.00103506130456666	0.508349047460346	0.06	0.043	1
"Il16"	0.00104679861385867	-0.435815426572173	0.057	0.075	1
"Sipa1l3"	0.00104950600312204	-0.527967277816944	0.038	0.055	1
"Bcl6"	0.00105305349056011	0.363468082831016	0.085	0.071	1
"Atxn7l3"	0.00106020676197454	-0.285277676175327	0.09	0.112	1
"Pold1"	0.00106472255945977	0.543600241271735	0.047	0.034	1
"Phldb1"	0.00107537690668895	0.697656821536883	0.034	0.021	1
"Coa4"	0.00107864454349084	0.284308237123758	0.157	0.13	1
"Alg10b"	0.00108264294802605	0.49380073889119	0.061	0.044	1
"Dusp23"	0.00109636021243829	0.571696972449967	0.048	0.032	1
"Sh3glb2"	0.00110158357310695	0.346678507451405	0.113	0.089	1
"Hmgxb3"	0.00110840266180378	0.426466306992885	0.064	0.05	1
"Prmt3"	0.00111038979914616	0.459017031797583	0.062	0.044	1
"Taf1d"	0.00111062316652949	0.26198905313341	0.198	0.172	1
"Ptger4"	0.00111636632420987	0.468345158208521	0.071	0.053	1
"Rxrb"	0.00112059498505181	-0.277357091896018	0.116	0.136	1
"Pgghg"	0.0011497992072023	-0.567067097505885	0.033	0.048	1
"Mipol1"	0.00115098631683845	1.26032557778826	0.012	0.005	1
"E2f3"	0.00116037462077445	0.486484880811902	0.059	0.042	1
"Fpgs"	0.00116085915833383	0.644184766225363	0.036	0.023	1
"Hgf"	0.00116204119041908	0.588491698770438	0.038	0.027	1
"Camk1d"	0.0011658497666164	-0.261226115192446	0.16	0.187	1
"Bphl"	0.00117141285585666	0.396112628949178	0.087	0.067	1
"Zmym4"	0.00117917965616307	0.673509563866168	0.034	0.022	1
"Nxt2"	0.00118903376673844	0.36931373007398	0.054	0.044	1
"Pcsk7"	0.00119350713856843	-0.383728279978227	0.072	0.093	1
"Flad1"	0.00120018813060827	-0.300062829863232	0.102	0.127	1
"Areg"	0.001204759512034	-1.1215275098297	0.026	0.034	1
"Cog7"	0.00121137815693862	0.421585224790808	0.082	0.063	1
"Map3k4"	0.00122163703840731	0.459677757726644	0.058	0.042	1
"Las1l"	0.00123493190161494	0.369177718725493	0.071	0.057	1
"Rapgef1"	0.00124202493652466	0.306561043970885	0.138	0.113	1
"Tmem156"	0.00125257381605185	-0.797883666700767	0.014	0.025	1
"Ccpg1os"	0.00127168201579728	0.550847105359884	0.049	0.034	1
"Prmt5"	0.00127645819033486	0.418394076325184	0.079	0.06	1
"Gm6209"	0.00128032816103969	0.930817845727641	0.021	0.012	1
"4930402H24Rik"	0.00128898762089137	0.3577336959604	0.089	0.072	1
"Asnsd1"	0.00129848902426644	0.262249072820294	0.178	0.15	1
"Slc39a4"	0.00130915334006796	-1.07312877048013	0.007	0.015	1
"Brca2"	0.0013102155084219	1.17110425940572	0.012	0.005	1
"Nbr1"	0.00132034084043856	0.255854081941187	0.16	0.139	1
"Comp"	0.00132226840641448	1.12051046969816	0.014	0.006	1
"Slc37a1"	0.00132723701137821	-0.702124683895337	0.02	0.032	1
"Bach2"	0.00133919123502948	0.726121101940424	0.029	0.018	1
"Fbxl3"	0.00134326493185422	0.636009053180885	0.038	0.025	1
"1700025G04Rik"	0.00134496164984512	0.509259786577204	0.046	0.034	1
"E2f5"	0.00135298586702253	0.455869713771274	0.066	0.049	1
"Zbtb2"	0.0013602519974717	0.427373377152215	0.073	0.057	1
"Nudt7"	0.0013626424053044	0.521351762793238	0.053	0.037	1
"Pros1"	0.00136673686090552	-0.356812143896688	0.086	0.108	1
"Zfp629"	0.00137415968594121	0.959073402652904	0.019	0.01	1
"9430060I03Rik"	0.00137768001319365	-1.04264613871978	0.008	0.016	1
"Kctd2"	0.00137954212645738	0.645152260421154	0.037	0.024	1
"E2f6"	0.00138476415241603	0.52250620963711	0.045	0.031	1
"Cgnl1"	0.00138820341641023	0.480527015475429	0.064	0.046	1
"Cep83"	0.00140084990913941	0.299181513605288	0.144	0.119	1
"Pcdh7"	0.00140901213678084	1.04620077243542	0.015	0.008	1
"Hs6st1"	0.00141333260081601	0.46529452104739	0.066	0.048	1
"Gm27167"	0.00143082163389334	-0.897215699198216	0.005	0.01	1
"Letmd1"	0.00144054568813598	0.312120569312786	0.093	0.078	1
"Nedd4l"	0.00144956896899574	0.590102877190324	0.045	0.03	1
"D830050J10Rik"	0.0014561035647263	0.547043607814831	0.043	0.03	1
"Cnot6"	0.00149385306945729	-0.347963139099657	0.085	0.107	1
"Traf3ip1"	0.00150018245015997	0.590704476398778	0.037	0.025	1
"Fam78b"	0.00150536363881044	-0.747639343147705	0.016	0.028	1
"Gstt3"	0.00152295569335935	-0.457111439269322	0.039	0.054	1
"Ankrd17"	0.00152536655867125	0.258639458236575	0.177	0.151	1
"Dpep3"	0.00153492487823238	0.530029045380181	0.042	0.028	1
"Zfp30"	0.00154454309958732	0.525726998165974	0.051	0.036	1
"Gm10053"	0.00154583458736047	-0.511841370600873	0.033	0.048	1
"Syt11"	0.00154629622153852	0.366815157722197	0.095	0.073	1
"Mzt2"	0.00155484547190675	0.377727087147509	0.093	0.073	1
"Wipi1"	0.00156114374628669	0.345975725084229	0.097	0.078	1
"Mrps30"	0.00157237247807169	0.27938764424066	0.153	0.128	1
"Eef2kmt"	0.00157413318093894	0.283970263369116	0.15	0.126	1
"Gm17018"	0.00158842426956745	0.256757124873269	0.178	0.152	1
"Pde1b"	0.00161149967071351	0.351798415601905	0.112	0.09	1
"Hmgn5"	0.00161910148358094	0.387707292089057	0.084	0.064	1
"Cryzl2"	0.00162469940640687	0.547667610869927	0.047	0.032	1
"Adgrg6"	0.0016290277636238	-0.4074104315174	0.023	0.033	1
"Traf3ip3"	0.00163205568885109	-0.590736003399517	0.028	0.042	1
"Cryz"	0.00163792067022513	0.463899253177328	0.063	0.046	1
"Gm11131"	0.00164039483461275	-0.442734840511963	0.041	0.057	1
"E230013L22Rik"	0.00164611818913689	-0.920632363629384	0.01	0.019	1
"Cpsf2"	0.001666180815229	-0.299934979432265	0.11	0.135	1
"Prodh"	0.00167055318100418	0.809308781403854	0.023	0.013	1
"Hspa14"	0.00171251661870686	-0.28388750877409	0.121	0.146	1
"Elp1"	0.00173829748381698	0.449453086716182	0.055	0.042	1
"Stard10"	0.00174893759731239	-1.02456701690644	0.006	0.014	1
"Zfp472"	0.00176512606630995	0.669131123355594	0.031	0.02	1
"Impact"	0.00177542655830306	0.40682998058251	0.082	0.063	1
"Aifm1"	0.00178188854433679	-0.352348604054858	0.079	0.101	1
"AW209491"	0.00178422993700465	0.544919095958049	0.048	0.033	1
"Herc1"	0.0017990871572004	-0.278515139823565	0.094	0.117	1
"Ruvbl2"	0.00180122189676168	0.256606067749046	0.173	0.15	1
"Dars2"	0.00181303506702828	-0.36801088020958	0.028	0.038	1
"Rnf215"	0.00182187267234815	-0.306886047292687	0.105	0.129	1
"Tubg1"	0.00183160273772356	0.26400001484907	0.083	0.073	1
"Ncoa1"	0.00183752485008851	-0.327469410385551	0.097	0.119	1
"Piga"	0.00184116529936158	0.308522560304171	0.039	0.03	1
"Syne3"	0.00184496735535612	0.519802164208869	0.051	0.036	1
"Abcd4"	0.00189691633426864	0.327025146530601	0.103	0.081	1
"Cnot9"	0.00190779717971673	0.343144811893878	0.101	0.082	1
"Wdr75"	0.00192746162431409	0.469699850462457	0.059	0.043	1
"Gopc"	0.00192942665752581	-0.366298366182004	0.074	0.095	1
"Rnf26"	0.00193039299041822	1.35927586076881	0.01	0.004	1
"R3hdm2"	0.00196081367892477	0.279038365691347	0.132	0.108	1
"Lats2"	0.00196740174912446	-0.314172587772093	0.099	0.12	1
"Mettl8"	0.00198038360738843	0.664543853859942	0.033	0.021	1
"Fem1a"	0.00201162462588954	0.473806945217317	0.057	0.041	1
"Ska2"	0.00202290892159498	1.15723208482416	0.011	0.005	1
"Vps18"	0.00203326674404445	0.308824095479455	0.125	0.104	1
"Pias3"	0.00205043956731912	-0.42406808744389	0.053	0.07	1
"Gm26881"	0.0020505830944749	0.506014511334752	0.05	0.035	1
"Epb41l1"	0.00206490805715132	-0.312925940406195	0.106	0.129	1
"Ccdc22"	0.0020940477026591	0.252417046269366	0.171	0.148	1
"Tbc1d16"	0.00210623032665689	1.0317012027403	0.015	0.007	1
"Arhgap11a"	0.00211981815734211	0.724272677548055	0.029	0.018	1
"C130050O18Rik"	0.00217586882610554	0.291027559796535	0.136	0.111	1
"Apeh"	0.00218409631761251	-0.289199697343333	0.115	0.14	1
"Ndst2"	0.002191884452485	-0.329630334538672	0.09	0.112	1
"Tmem164"	0.00219932790093944	-0.262652966306298	0.134	0.157	1
"Elovl5"	0.00221323565075527	-0.290513681739673	0.104	0.123	1
"Tmem185a"	0.00221370869070011	-0.331306521131575	0.087	0.109	1
"Pou2f1"	0.00221519016406523	0.433502874862452	0.046	0.033	1
"Mdm1"	0.00222598556652369	0.499815754308107	0.054	0.039	1
"Slc25a28"	0.00224883658594211	-0.327860126772068	0.086	0.107	1
"Bace1"	0.00227523381193512	-0.919583512226669	0.006	0.013	1
"Isg20l2"	0.00228041513035473	-0.312036039593397	0.094	0.117	1
"Cenph"	0.00228108249798068	1.38902320416286	0.01	0.004	1
"Angptl6"	0.00229039778653838	0.657762309276396	0.031	0.021	1
"Trappc9"	0.0022909167272405	-0.254649221900995	0.142	0.168	1
"Rbm15b"	0.00229717855772654	0.503322230385513	0.049	0.035	1
"Lemd3"	0.00230250097083582	0.593714978389364	0.039	0.027	1
"Galc"	0.00230886937104987	0.381594676699636	0.088	0.069	1
"Gm11423"	0.00231434009253174	0.588211127972027	0.019	0.012	1
"Gm29336"	0.00231723951726475	-0.571183205978117	0.021	0.032	1
"Cul9"	0.0023214511236909	0.407376269748372	0.05	0.037	1
"Letm2"	0.00232651081722018	-0.655623015610532	0.021	0.033	1
"Clip2"	0.00234796019302744	0.285426830881542	0.136	0.114	1
"Cryba4"	0.00235613035798621	-1.11125675110174	0.005	0.012	1
"Emilin1"	0.00235779965197845	0.278741149147948	0.148	0.123	1
"Kctd6"	0.00237548220209152	0.304558691059738	0.11	0.094	1
"Lacc1"	0.00240562473599971	-0.445149730250126	0.048	0.065	1
"Gm30025"	0.00241726649603734	0.449308061631279	0.059	0.043	1
"Gnptg"	0.00242887446273918	-0.27908633454186	0.122	0.145	1
"Fbxl2"	0.00243657209874391	-0.461518729353279	0.044	0.06	1
"Carnmt1"	0.00243867857715275	0.336555784268723	0.077	0.064	1
"Madd"	0.00244856928134944	0.379255105303159	0.073	0.056	1
"Dcun1d1"	0.00245203944975977	-0.308867452732478	0.093	0.112	1
"Zfand4"	0.00247108269684883	-0.618552758232574	0.017	0.027	1
"Rfc5"	0.00247318257966601	0.363027995629914	0.078	0.063	1
"Sacs"	0.00247688148582237	0.826152291567269	0.017	0.009	1
"Rbm34"	0.00248135379035534	0.317574479181941	0.07	0.059	1
"Fam189b"	0.00251368341256891	0.438919197559847	0.058	0.042	1
"Nlrx1"	0.00254619420870693	-0.39036356343251	0.061	0.077	1
"Jag2"	0.00255300010100332	0.666051730423622	0.025	0.016	1
"Ap1g2"	0.00255647632038701	-0.315504566992227	0.084	0.105	1
"Utp6"	0.00256192024220922	0.353629297627664	0.074	0.06	1
"Gbgt1"	0.00261452803885555	-0.578796390087992	0.027	0.039	1
"Nckap5l"	0.00261922851664929	0.589091625430476	0.032	0.021	1
"Tmem8"	0.00262796558128773	-0.358822938215408	0.045	0.06	1
"Tbc1d8"	0.00263424736625551	-0.321778140573549	0.037	0.051	1
"Tango2"	0.00264224373285004	-0.258518032419722	0.124	0.145	1
"Fgd4"	0.00264637953203919	-0.295857713505383	0.108	0.132	1
"Apip"	0.00270044604190698	-0.254786483813577	0.105	0.127	1
"Olr1"	0.00271076311277835	0.621343224401328	0.037	0.024	1
"Kmt5c"	0.0027316295571089	-0.288671425645019	0.094	0.116	1
"Tst"	0.00273541818816171	0.765916185890473	0.025	0.016	1
"Rap1gap"	0.00273664630264919	0.593287365372088	0.037	0.024	1
"Rnd2"	0.00275726272197349	0.818707479406104	0.021	0.012	1
"Ampd2"	0.00275976143502356	0.44192168572137	0.062	0.047	1
"Plpp7"	0.00276726399337525	0.68774680152294	0.017	0.01	1
"Nadk2"	0.00280175631807186	0.373351045980529	0.081	0.065	1
"Loxl3"	0.00281151147296812	-0.512903560364713	0.031	0.043	1
"Dmxl2"	0.00281275282548865	0.274230539562831	0.146	0.122	1
"Casp9"	0.00282561375252493	-0.275040488332384	0.12	0.143	1
"Pip5k1a"	0.00282710648642687	-0.287970918206693	0.106	0.126	1
"Map3k2"	0.00285092700602428	0.270856245280434	0.141	0.123	1
"Pprc1"	0.00285468472730344	0.385338157355003	0.063	0.047	1
"Zfp810"	0.00285608190809869	0.72159854324973	0.021	0.012	1
"Ythdc2"	0.00286026317933538	-0.595572102838819	0.026	0.038	1
"Tmem250-ps"	0.00286805482737839	0.512881058810358	0.044	0.031	1
"Nt5dc1"	0.00287181659655903	-0.300381112905088	0.055	0.07	1
"Msh2"	0.00287845445721245	0.681797535191754	0.03	0.019	1
"Gm3839"	0.0028848317441798	0.651209215358332	0.029	0.018	1
"Zrsr2"	0.00289543302344574	0.285734078833075	0.141	0.118	1
"Adat2"	0.00290093558958083	0.381704816601656	0.074	0.056	1
"Cstf2"	0.00290132742687499	0.446738702019146	0.06	0.045	1
"Nt5c3b"	0.00290681724181701	0.394650190870692	0.071	0.055	1
"Pramef8"	0.00293186359606089	-0.436379997685235	0.053	0.07	1
"Taf6l"	0.00294422975475955	-0.357361774622999	0.065	0.084	1
"Rbm45"	0.00294732907911389	-0.297325830849786	0.091	0.113	1
"Tenm4"	0.00294920264855208	-1.11020942253241	0.005	0.012	1
"2010320M18Rik"	0.0030043099074889	0.439396726677977	0.062	0.046	1
"Zfp90"	0.00301020187257069	0.420266490657955	0.067	0.051	1
"Acadm"	0.00302112221008368	0.25923692735271	0.167	0.143	1
"Ppp2r2d"	0.0030278053591421	0.301021871421527	0.126	0.104	1
"Prrc2b"	0.00303050239607351	0.350275862517854	0.097	0.077	1
"Dhrs11"	0.00303377528075697	-0.415270294908528	0.046	0.062	1
"Gse1"	0.00307650823996653	0.35145250146959	0.096	0.076	1
"Mex3d"	0.00311574589626915	0.314288405995496	0.028	0.021	1
"Rbm10"	0.00311720500984713	-0.334700738235433	0.068	0.087	1
"Rbl1"	0.00312658466310064	-0.437784080560918	0.045	0.062	1
"Ints6l"	0.00313308502770513	-0.44503060656471	0.044	0.059	1
"Ppcs"	0.00313912768317217	0.414626516865393	0.064	0.049	1
"Zfp276"	0.00314155616800488	-0.364816208567744	0.061	0.08	1
"Cdpf1"	0.00314380539914062	0.329925037036396	0.104	0.083	1
"Mcf2l"	0.00314906314517379	-0.852821579839762	0.007	0.014	1
"Prep"	0.00314993178429391	0.295796803944406	0.124	0.103	1
"Fam160a2"	0.00315137254557245	-0.376628538027089	0.054	0.068	1
"Mink1"	0.00315498594411134	0.268352121828638	0.13	0.114	1
"Mettl2"	0.00315551101705535	0.401586665626771	0.072	0.056	1
"Trpv4"	0.00319232701451011	0.437636494911894	0.033	0.023	1
"Nup85"	0.00321552680382609	0.372191748654092	0.081	0.064	1
"Scfd2"	0.00325018032343229	0.68280606025267	0.023	0.014	1
"Map10"	0.00325741511108811	-1.06422321725823	0.006	0.013	1
"Zfp658"	0.00328316499242801	0.86177620129799	0.019	0.01	1
"Wdr27"	0.00328623751346537	1.02097479614724	0.014	0.007	1
"Mreg"	0.00330211947043552	1.16555694947509	0.013	0.006	1
"Slc33a1"	0.00330701118887389	-0.413370019638735	0.054	0.071	1
"Gstm5"	0.00331813769699409	0.344600059713601	0.092	0.073	1
"Supv3l1"	0.00332185173113989	0.52920086221112	0.04	0.028	1
"Gpalpp1"	0.00332308178427812	-0.289467379078248	0.112	0.135	1
"Pmm2"	0.00333573467496578	-0.252101043638021	0.141	0.167	1
"Sirt4"	0.00333638115959226	-0.431159690249665	0.04	0.054	1
"Nbn"	0.00333998680711686	0.478071908823938	0.053	0.039	1
"Sun2"	0.00341244951313121	0.275525004608261	0.145	0.124	1
"B630019K06Rik"	0.00342730353578157	1.10056306088511	0.012	0.006	1
"Gon4l"	0.00346069941392622	-0.30203226620794	0.102	0.124	1
"Cntln"	0.00347729534075954	0.661838630789237	0.03	0.02	1
"Golt1b"	0.00348075796035761	0.260325577788265	0.157	0.133	1
"1810009A15Rik"	0.00349113863252991	0.310182450162002	0.114	0.093	1
"Lcmt1"	0.00349616098398919	0.263947524818879	0.146	0.122	1
"Timeless"	0.00351729527259386	0.693378669602271	0.02	0.014	1
"Sdhaf3"	0.00352766781192344	0.374768915644816	0.082	0.064	1
"Zcchc8"	0.00354419177466716	-0.289110255062763	0.107	0.129	1
"Arel1"	0.00359581467499854	-0.326490436133832	0.07	0.085	1
"Dele1"	0.00361895667426444	0.387533112620424	0.077	0.06	1
"Fzd1"	0.0036626865891501	-0.395482466031645	0.058	0.075	1
"Mettl7a1"	0.00367607476308281	0.355058011797794	0.087	0.071	1
"Krt8"	0.00368623294575996	0.934288701082357	0.03	0.021	1
"Rnf113a2"	0.0037053231546368	-0.259239199663376	0.114	0.138	1
"Ncapd2"	0.00374082535772315	0.880154730612845	0.017	0.009	1
"Morn2"	0.00377428319824477	0.37575555027047	0.073	0.055	1
"Lefty1"	0.00379636974858279	0.470986248265823	0.054	0.039	1
"Spata7"	0.00383347571375982	0.529437272705853	0.057	0.045	1
"Plcb2"	0.00384915330521366	0.348515165931022	0.092	0.072	1
"Usp46"	0.00385906723121501	0.60180809851198	0.033	0.021	1
"Ddx27"	0.00387228836894697	0.252284601844876	0.159	0.134	1
"Dagla"	0.00387412043424846	0.71682786538689	0.026	0.016	1
"Tmem80"	0.00388198288919032	0.272613712047548	0.07	0.061	1
"Nedd4"	0.00392238399716163	1.0401134425565	0.015	0.008	1
"Slc5a3"	0.00392818825707271	1.06613469980418	0.011	0.005	1
"Med22"	0.00392977465707558	0.404005717030614	0.066	0.051	1
"Naip6"	0.00395339781713909	-0.613802839915905	0.022	0.034	1
"Wwc2"	0.00398050221790945	0.424712395689148	0.066	0.051	1
"Scap"	0.00398463327963098	0.417906019811433	0.066	0.051	1
"Tssc4"	0.00401843284355529	-0.268446376110591	0.124	0.148	1
"Megf9"	0.00402397743335999	-0.716199869107059	0.014	0.024	1
"Cand1"	0.00402590960386042	0.31113377376071	0.113	0.092	1
"Pds5a"	0.00407194326811345	0.311517924063331	0.115	0.094	1
"Tbp"	0.00408655623633609	-0.330392975257643	0.078	0.098	1
"Ptpn23"	0.00410862830634976	0.311711908561424	0.105	0.088	1
"Dynlt1a"	0.00412483603077093	-0.503741162137056	0.034	0.048	1
"Gpr84"	0.00416163391512771	-0.275727322451945	0.07	0.076	1
"Zswim4"	0.00416761314212998	-0.332952191144895	0.071	0.09	1
"Jdp2"	0.00421497622964091	-0.287429615379509	0.085	0.099	1
"Psmc3ip"	0.00422092675740404	0.68280606025267	0.021	0.014	1
"Tnfrsf22"	0.00424186577426375	0.86177620129799	0.018	0.01	1
"Efemp2"	0.00426651828421469	0.28471889866218	0.07	0.063	1
"Proscos"	0.00426945599484646	1.02097479614724	0.014	0.007	1
"Itga8"	0.00430047579139237	0.787775619854213	0.016	0.009	1
"Mfsd3"	0.00430322293225818	0.546000333392223	0.039	0.027	1
"Slc17a9"	0.00431290495890067	0.674406065396268	0.028	0.018	1
"Trpm4"	0.00431422592376993	-0.380647924860518	0.049	0.064	1
"Fgfr1op"	0.00432977881851915	0.338406080231073	0.066	0.054	1
"Fhl3"	0.00433374420442716	0.527112118483166	0.043	0.03	1
"Nme6"	0.00433708999896811	0.382085743676892	0.075	0.059	1
"Wdr5"	0.00434942492252034	0.266703672931992	0.143	0.121	1
"Cdc16"	0.00435135544557882	0.317275696920881	0.094	0.077	1
"Cd59b"	0.00439959063559165	0.970300658076159	0.015	0.007	1
"Atp13a1"	0.00441131388545561	-0.265603105178238	0.118	0.142	1
"Castor1"	0.0044144552131717	-0.28780015475252	0.072	0.09	1
"Frat2"	0.00444597882350769	0.494718730920967	0.043	0.03	1
"Naa15"	0.00449908233079066	0.257016545456018	0.155	0.132	1
"Wdr36"	0.00454808823699659	0.304760241079749	0.113	0.093	1
"Mtmr2"	0.00456564750840753	0.262529474570586	0.111	0.095	1
"Ss18l1"	0.00458090767327222	0.731715660733617	0.023	0.013	1
"Arpin"	0.00472160962074028	0.457879259624346	0.055	0.04	1
"Atg14"	0.00478209895389639	0.452255706986712	0.055	0.04	1
"Nbeal2"	0.00479914027078167	-0.331845981348799	0.077	0.096	1
"Vav2"	0.00481603741911166	0.631163273156573	0.031	0.02	1
"Inpp1"	0.00491690312716	-0.299215675374315	0.061	0.072	1
"Cep104"	0.0049326567142188	0.415467240362864	0.053	0.039	1
"Eif2ak1"	0.00493938809170711	-0.257560703226738	0.125	0.149	1
"Clec9a"	0.00499480110882175	-1.22228806349048	0.004	0.01	1
"Tiam2"	0.00500422558154168	-0.996204793829582	0.007	0.014	1
"Rcn1"	0.00501310654997451	0.449254299937929	0.059	0.044	1
"Tmem35b"	0.00504963567602878	0.355382752950944	0.058	0.047	1
"Dag1"	0.00505611678790055	0.304227057551393	0.112	0.092	1
"Gm15832"	0.00507652001236952	-0.329883092498851	0.036	0.048	1
"9630028I04Rik"	0.00507855218733348	0.752841829744826	0.022	0.013	1
"Diablo"	0.00511668399072824	-0.282253034275084	0.079	0.098	1
"Usp39"	0.00513486307896945	-0.271490329565474	0.116	0.138	1
"Casp2"	0.00513637471407468	-0.379628188564261	0.059	0.076	1
"Cluap1"	0.00515817817107303	0.450707604222091	0.038	0.027	1
"Tmem245"	0.00515924366417347	0.611797948289642	0.031	0.02	1
"Snapc2"	0.00518784321256102	0.336934693014404	0.081	0.065	1
"Efcab2"	0.0052213716948576	0.967129201444219	0.014	0.008	1
"Scmh1"	0.00523233050114653	-0.260926790221716	0.078	0.095	1
"Ahcyl1"	0.00523244706037298	0.289029650286472	0.122	0.102	1
"Slc2a8"	0.00526045896804449	0.317619916964719	0.104	0.084	1
"P2rx7"	0.00526635907837763	0.260749264332348	0.144	0.123	1
"Mcph1"	0.00527569305029745	0.666380512339559	0.027	0.017	1
"Tasor"	0.00530126416503602	-0.309745585078652	0.061	0.077	1
"Recql5"	0.00531219879404494	-0.441071152023668	0.029	0.04	1
"Plekha3"	0.00531500245126806	0.413352533524599	0.062	0.047	1
"Gpr162"	0.00531579859331306	-0.772095899904113	0.012	0.02	1
"Eif3j2"	0.00533902127045678	0.619958281373892	0.029	0.019	1
"Adam3"	0.00534404065153504	-0.491456013507382	0.032	0.045	1
"Rad17"	0.0053536478757522	-0.253174965052895	0.086	0.105	1
"Pced1b"	0.00538266681911894	-0.32153101206507	0.032	0.042	1
"D730003I15Rik"	0.00538437145025606	-0.251752744332425	0.034	0.043	1
"Esco1"	0.00542660677868477	-0.305680544553573	0.08	0.1	1
"Ppp6r2"	0.00545155379072205	0.512441949069975	0.031	0.021	1
"Gstt1"	0.00548605998139637	1.0502212907111	0.016	0.009	1
"2200002D01Rik"	0.0054864294658778	0.516389133586638	0.046	0.035	1
"Pcgf6"	0.00549014441507167	0.556921619769569	0.036	0.024	1
"Senp7"	0.0054905563025111	-0.42835186541808	0.044	0.059	1
"Cd101"	0.0054961010302173	0.368128867322779	0.051	0.038	1
"Rev3l"	0.00549657749921566	0.380436331650991	0.041	0.033	1
"Fam78a"	0.00551980074699174	0.538427431711001	0.041	0.029	1
"Cnnm3"	0.00552592945131993	0.701995757261221	0.023	0.015	1
"Gdpd3"	0.00560600845935071	0.416991358625094	0.061	0.045	1
"Xpo7"	0.00560670756884678	-0.343542706679516	0.071	0.089	1
"Gm4890"	0.00561603467537955	0.991059218242956	0.014	0.007	1
"Ap1ar"	0.00565423642345737	-0.324760067061761	0.074	0.089	1
"Phgdh"	0.0056586388588157	0.829110012377668	0.022	0.014	1
"Wdr7"	0.00567954194131816	0.424137273082014	0.06	0.045	1
"Cacnb3"	0.00568294321265068	-0.374291156935534	0.025	0.036	1
"Zzz3"	0.00571746252997939	0.349326200361201	0.084	0.067	1
"Slc39a6"	0.00574353661787781	0.318022670752882	0.103	0.084	1
"B3glct"	0.0057616084695769	0.657635484517765	0.027	0.017	1
"B230307C23Rik"	0.00580245988824523	-0.258624894761232	0.109	0.131	1
"Mir155hg"	0.00580785426238194	-1.09640362300738	0.007	0.013	1
"Gm10282"	0.00583676200877037	0.72159854324973	0.02	0.013	1
"Fhod1"	0.00583781168597755	-0.290541856680762	0.093	0.113	1
"Ino80d"	0.00587216809190102	0.388174809524538	0.072	0.056	1
"Sec23ip"	0.00587848467961226	-0.306930821987651	0.082	0.102	1
"Mbtps2"	0.00589523126566192	0.513852897877683	0.041	0.029	1
"Pomgnt1"	0.00589954631540881	0.387032455894879	0.044	0.035	1
"Ranbp9"	0.00591238463471449	0.316011588289482	0.097	0.081	1
"Nfrkb"	0.00592130543642216	0.339967429368368	0.073	0.06	1
"Pum3"	0.00595886075621655	0.263574677087635	0.14	0.118	1
"2410002F23Rik"	0.00598150859761983	0.420441958310919	0.062	0.046	1
"Ypel2"	0.00599216742528516	0.610968097797456	0.032	0.021	1
"Plekha1"	0.00600066168462355	-0.250831611770387	0.11	0.132	1
"D330023K18Rik"	0.00600458538508976	0.380850766362689	0.066	0.052	1
"Mtfr1"	0.00610903035529125	-0.250116678772907	0.102	0.122	1
"Pdcd11"	0.00612526975750007	0.375719238699129	0.069	0.053	1
"Icosl"	0.00612829682328834	-0.344674676169436	0.057	0.069	1
"Dnajb12"	0.0061770932189245	-0.251531104528113	0.114	0.137	1
"Whamm"	0.00618317419788894	-0.251681848485295	0.087	0.106	1
"Mis12"	0.0061845240440631	-0.327941526892883	0.077	0.096	1
"Arhgap39"	0.00619180901719486	0.479753759247109	0.047	0.034	1
"Atl2"	0.00619733169608312	0.404193007053061	0.058	0.045	1
"Lsm11"	0.00620844415641687	0.443856193486025	0.053	0.039	1
"Apmap"	0.00623489633215791	0.307125589092896	0.104	0.084	1
"Dnal4"	0.00627850262341813	0.286867365240757	0.119	0.098	1
"Urb1"	0.00630518472633784	0.774313360047651	0.02	0.012	1
"Bcap29"	0.00632277879298965	0.271745256073317	0.134	0.112	1
"Med13l"	0.00639009562338286	-0.278451959788481	0.107	0.127	1
"Gm35853"	0.00642427427932819	-0.565334130281429	0.025	0.036	1
"Klhl33"	0.00643446059642289	0.981075129670334	0.013	0.007	1
"Coq4"	0.00646835498816956	0.255183684605291	0.069	0.06	1
"Abcb1a"	0.00647712883576066	-0.700818486394712	0.013	0.022	1
"Tbcel"	0.00648741490102134	0.351960477267045	0.05	0.041	1
"Kyat1"	0.00652730244931124	0.86177620129799	0.012	0.006	1
"Setdb2"	0.00654061914158998	-0.401258204535805	0.046	0.061	1
"Tiam1"	0.00654201890190096	-0.340046013555706	0.069	0.086	1
"Gm19705"	0.00655898215151685	-0.520094434045655	0.027	0.039	1
"Kdm4b"	0.00657010684013065	0.399149243500885	0.067	0.051	1
"Mul1"	0.00657463715116542	-0.301598964967008	0.087	0.107	1
"1300002E11Rik"	0.00662335290197253	-0.274066188082025	0.081	0.099	1
"Snx11"	0.00666303195510377	-0.316787718418196	0.062	0.078	1
"Gja1"	0.00669120068511704	0.709773107852939	0.028	0.019	1
"Gm21887"	0.00675072249938377	0.923176745962133	0.018	0.011	1
"Crtc1"	0.00676842180486597	0.723069930466397	0.023	0.014	1
"Emc1"	0.00677753909620832	0.32411941535519	0.09	0.073	1
"Trio"	0.00683163378621293	0.319338317223391	0.099	0.08	1
"Mmut"	0.00685086840653509	-0.369815156884923	0.043	0.053	1
"Upf2"	0.00690447286218885	-0.280116864502219	0.073	0.09	1
"Otud4"	0.00690791037440698	0.343234126265286	0.076	0.06	1
"Glce"	0.00693102021505521	0.616019786896032	0.03	0.019	1
"Traf2"	0.00694920929378251	-0.288364148129871	0.097	0.116	1
"Rfc3"	0.00696806198050729	0.36211473787216	0.078	0.062	1
"Clock"	0.00698259370336155	0.360827741869076	0.078	0.062	1
"Thyn1"	0.00699005178315763	0.259769003945133	0.122	0.102	1
"Gm12940"	0.00699228510867799	0.881675758735694	0.015	0.008	1
"Sdr39u1"	0.00701480286355351	0.691851199855678	0.023	0.014	1
"Atr"	0.00702679537315436	0.673331111884879	0.033	0.023	1
"Pter"	0.00703414958755825	0.925906538717705	0.014	0.007	1
"Cd2"	0.00704697017157947	-0.648418531021195	0.019	0.029	1
"Zc2hc1a"	0.0070592272865059	-0.344674676169437	0.065	0.082	1
"Rmi1"	0.00706769810791464	0.297701067050657	0.099	0.083	1
"Ints4"	0.00709575389399954	0.428623907459541	0.057	0.043	1
"Tdrd7"	0.00709688107135849	-0.297702012709207	0.094	0.114	1
"Sec23a"	0.00715608496766802	0.37575555027047	0.072	0.056	1
"Crbn"	0.00715756686050664	0.311651078985967	0.1	0.082	1
"Setbp1"	0.00722453165569995	-1.10505693476681	0.004	0.01	1
"Msi2"	0.0072476607789408	0.623165269403414	0.029	0.019	1
"Arrdc3"	0.00726048125497051	0.278131832272813	0.133	0.114	1
"Crnkl1"	0.00726765979266206	-0.289906968641838	0.094	0.114	1
"Foxo4"	0.0072727023662261	0.537773778172769	0.029	0.02	1
"Prokr1"	0.00735509544147	1.15455795052584	0.01	0.005	1
"Rfc4"	0.00736344436952813	0.38317357324168	0.067	0.053	1
"Hmbox1"	0.00736571026468582	0.284537516567511	0.092	0.074	1
"Mief1"	0.00737465748363095	0.387174148019339	0.069	0.053	1
"Dip2a"	0.00738286875583507	0.453311355942632	0.046	0.034	1
"Parn"	0.00741382183927471	0.564390290673419	0.035	0.024	1
"Rnf135"	0.00744818190916883	-0.283606615881531	0.084	0.103	1
"Plcxd2"	0.00746510250804849	0.846008885439673	0.018	0.01	1
"Tmf1"	0.00758746975623098	0.318761882574804	0.09	0.074	1
"Pgf"	0.00761614191084823	0.697475749049556	0.03	0.02	1
"Sept5"	0.00765359330465607	0.883471272397308	0.012	0.008	1
"Poglut1"	0.00765819932887675	0.391286255671427	0.066	0.051	1
"Kpna6"	0.00766213760838065	0.3101040099973	0.093	0.077	1
"Zbtb4"	0.00766654292867472	0.37575555027047	0.072	0.056	1
"Fbxl4"	0.00774083368520041	0.38821262541269	0.065	0.051	1
"Trpm2"	0.00780811105267505	-0.285377492485665	0.088	0.107	1
"Aktip"	0.00783032669025011	0.31328525724198	0.094	0.077	1
"Fbxl19"	0.00787720749887018	0.642766419356193	0.026	0.017	1
"Gm40645"	0.00790731883108329	-0.83336921717359	0.008	0.016	1
"Mfsd4b4"	0.00791076950199342	0.524741214020419	0.02	0.013	1
"5830408C22Rik"	0.00793340070792693	0.50654809725445	0.041	0.029	1
"Lrrc45"	0.00794644667360088	0.369923104968315	0.066	0.052	1
"Gatad1"	0.00796567929434264	0.263393184814512	0.131	0.109	1
"Gm13822"	0.00798237335091122	0.54429401144182	0.044	0.033	1
"Tmem120b"	0.00799844209607188	0.381887557669177	0.055	0.041	1
"Disc1"	0.00800177557144432	0.675363077067108	0.025	0.015	1
"Fahd2a"	0.00816069666155843	0.421203609912008	0.048	0.035	1
"Sorbs1"	0.00819424698823911	-0.933404006813512	0.007	0.014	1
"Slc38a7"	0.0082227532336734	0.267824917349579	0.13	0.109	1
"Srcap"	0.00822399245385732	0.302808909109778	0.092	0.077	1
"Rpgr"	0.00823283619047647	1.05442127924039	0.01	0.005	1
"Heatr5a"	0.00824006052210504	0.302851561478357	0.085	0.068	1
"A530010L16Rik"	0.00824815614279292	-0.841242060944879	0.009	0.016	1
"Mbtps1"	0.00828868224178998	0.289004241443613	0.108	0.089	1
"Brd8"	0.00831062587819203	0.317455685074179	0.097	0.079	1
"Lmtk3"	0.00832585175149589	-0.723186299423166	0.01	0.017	1
"Topors"	0.00832645181348476	0.280134058868445	0.117	0.098	1
"Gm48161"	0.00838243732209631	-0.436191994645191	0.034	0.047	1
"Fzd5"	0.0084111735495232	0.455455919120255	0.018	0.012	1
"Arl5b"	0.00853281116060586	-0.333590430065884	0.067	0.081	1
"Sephs1"	0.00856566838855106	-0.348050838852597	0.065	0.081	1
"Mcoln2"	0.00857150706370133	-0.356069430769549	0.048	0.058	1
"Pik3r1"	0.00860907277737314	0.272613712047548	0.134	0.112	1
"Zfp579"	0.00863210049003187	0.450051436059981	0.046	0.033	1
"Prr3"	0.00863595445543841	0.484843307044648	0.044	0.032	1
"Pigu"	0.00870490416952767	0.326130018640013	0.076	0.062	1
"Tsen2"	0.0087387963427062	0.55567307357231	0.035	0.024	1
"Nipal3"	0.00873913947426829	0.457080646240605	0.044	0.033	1
"Msto1"	0.00879455589723908	0.354663117120767	0.074	0.058	1
"Glcci1"	0.0088676478711413	0.604803548251397	0.031	0.021	1
"C130026I21Rik"	0.00891080821995618	-0.334076054788232	0.069	0.086	1
"Slc25a35"	0.00898895062240503	-0.860689823173101	0.008	0.015	1
"Orc2"	0.00899923874641941	0.371687996757886	0.065	0.05	1
"Ocrl"	0.00902249255668456	0.295429378744181	0.105	0.086	1
"Inpp5a"	0.00906152849960772	-0.440343412509192	0.036	0.049	1
"Gm26947"	0.00906306542171402	0.559949312467136	0.033	0.022	1
"Cdk19"	0.00916073921401286	-0.323006758871436	0.068	0.084	1
"B230354K17Rik"	0.00918178141665183	0.731192091487846	0.02	0.012	1
"Arhgap18"	0.0091930604973484	0.280157143651204	0.117	0.098	1
"Homez"	0.00932824541670163	-0.707066634059889	0.012	0.021	1
"Mecr"	0.00936388834826442	0.336555784268723	0.079	0.062	1
"Ppat"	0.00942598316034101	0.573973890315254	0.032	0.022	1
"Msh3"	0.00945512522752887	0.339823498102634	0.057	0.043	1
"Il1rap"	0.00949744786667104	-0.503098503242759	0.029	0.04	1
"Aacs"	0.00956576181881279	-0.377230933889354	0.047	0.061	1
"Etv3"	0.00960032058540299	0.288270216011835	0.117	0.1	1
"Mb21d2"	0.00961357919244424	-0.382726921644206	0.047	0.06	1
"Rfwd3"	0.00962217223301689	0.376349374127748	0.063	0.048	1
"Cercam"	0.00965598535535615	0.602389572479341	0.028	0.018	1
"Prpf39"	0.00968777435364677	0.341966380102084	0.079	0.063	1
"Rabgap1"	0.00976284007329707	0.307104166004514	0.078	0.062	1
"Sept10"	0.00984054087847471	-0.480455990044462	0.027	0.038	1
"Polr3e"	0.00984450123569358	0.380369892403431	0.064	0.05	1
"N6amt1"	0.00987490520194627	0.422891960064779	0.056	0.042	1
"Odr4"	0.0100745734980332	0.284063439656222	0.11	0.091	1
"Ssbp3"	0.0101345855473781	0.495348646243768	0.035	0.025	1
"Zfat"	0.0101455741053702	0.552938105851071	0.033	0.022	1
"Zdhhc13"	0.0101943781721097	-0.31128850767489	0.063	0.08	1
"Ezh2"	0.010213253174273	0.367904305871491	0.074	0.059	1
"Stard9"	0.0102258212991451	0.252266092964497	0.129	0.108	1
"Tnfsf10"	0.0102417520641262	-0.934690404616878	0.008	0.014	1
"Hist2h2aa1"	0.0102709485339838	0.709773107852939	0.011	0.006	1
"Rsph3b"	0.0102916181768189	0.348152482297096	0.064	0.051	1
"Gzf1"	0.0103007576003809	-0.429124997968747	0.039	0.052	1
"Oxld1"	0.0103503047606708	0.3949561599166	0.062	0.048	1
"Igfbp7"	0.0103755975958423	1.84783701034012	0.013	0.009	1
"Fscn1"	0.0104253679189598	0.837730727331338	0.022	0.014	1
"Mfap3"	0.0104273282026944	-0.269468331980263	0.101	0.121	1
"Prr7"	0.0104931579829931	0.349525586052038	0.076	0.061	1
"Gm20496"	0.0105254894064547	-0.843480533140879	0.009	0.016	1
"Tmem101"	0.0105307186252699	-0.293657797547334	0.079	0.097	1
"Lrp5"	0.0105749748449589	-0.304659814064443	0.076	0.094	1
"Txndc16"	0.0105951245960833	0.446738702019147	0.049	0.037	1
"Mettl14"	0.0106192296881766	0.261383660007227	0.075	0.065	1
"Jmy"	0.0106717367530725	0.487173566418384	0.041	0.029	1
"Pigv"	0.0106906002732862	-0.307723539996545	0.078	0.096	1
"Aqp9"	0.0107177264415417	-0.491860753316711	0.03	0.041	1
"Slx4ip"	0.010722743590225	-0.270861567280129	0.027	0.035	1
"Phka2"	0.010739164043179	0.343517981660376	0.079	0.063	1
"Etaa1"	0.0108403327071274	0.554347676105743	0.033	0.023	1
"Frmd6"	0.0108680369332719	0.907579890911115	0.013	0.007	1
"Fastkd2"	0.010888987282838	0.368367638466274	0.044	0.033	1
"Maml2"	0.0109372193171945	0.464440703752604	0.043	0.031	1
"Zc3h12c"	0.010946908345483	-0.518827800916981	0.01	0.016	1
"Usp6nl"	0.0111215675141088	-0.460151893589372	0.034	0.047	1
"Jup"	0.0111368579933591	0.727758853326303	0.022	0.014	1
"Llgl2"	0.0111454243404096	-0.799421885250251	0.009	0.016	1
"Ubr7"	0.0112376450744161	0.360582058269432	0.067	0.053	1
"Gpsm1"	0.011260939283337	0.662872132883911	0.024	0.016	1
"Fam126b"	0.0112651809992996	0.515125676999396	0.035	0.024	1
"Prim1"	0.0113356061162371	0.459914090766879	0.033	0.025	1
"Trim44"	0.0113940272525039	0.386756597190913	0.065	0.05	1
"Zfp51"	0.0115178823688172	-0.364105206118339	0.024	0.032	1
"Gemin5"	0.0115347220731927	0.465847524966851	0.04	0.029	1
"Eif5a2"	0.0115723183328405	0.752547131543231	0.019	0.011	1
"Shb"	0.0117335513945426	0.660142340128339	0.024	0.016	1
"Slc25a36"	0.0118080642726297	0.277871007359876	0.094	0.079	1
"Gcdh"	0.0118242350804632	0.414317224326768	0.054	0.042	1
"Wdsub1"	0.0118430404990667	-0.359820250340535	0.054	0.07	1
"2900076A07Rik"	0.0118860476108328	0.687097669885043	0.021	0.013	1
"Rhof"	0.0119198626440515	-0.369549344808465	0.028	0.037	1
"4833420G17Rik"	0.0119878606637091	0.260011345012298	0.127	0.107	1
"Plcg1"	0.0120149632154627	0.551820748076704	0.026	0.017	1
"Aebp2"	0.0122456561559665	0.328475820399326	0.082	0.066	1
"Siah1b"	0.012273195232911	0.909081916076346	0.013	0.007	1
"Dyrk2"	0.0122747902762193	0.34240204220441	0.075	0.059	1
"Med1"	0.0123653907165845	0.300732327483053	0.091	0.075	1
"Mageh1"	0.0124276245940218	1.00473415514003	0.011	0.005	1
"Ick"	0.0124923456661565	0.656192067648096	0.023	0.015	1
"4833438C02Rik"	0.0125904153513112	-0.44432692642769	0.035	0.047	1
"Msl2"	0.012599468022604	-0.295895642233752	0.078	0.094	1
"Hirip3"	0.0126053284078316	0.506117249098078	0.038	0.027	1
"Wdr73"	0.012612443370817	0.493281287956177	0.039	0.028	1
"Pelp1"	0.0126129932063404	0.314827026513564	0.088	0.071	1
"Sumf2"	0.0126431615767334	0.332591157542081	0.071	0.056	1
"Btbd10"	0.0126989108922723	-0.282820620198298	0.069	0.085	1
"Epha2"	0.0127006685706449	1.01063958721247	0.011	0.005	1
"Bpnt1"	0.0128338160746636	0.380243290232239	0.033	0.025	1
"Fyco1"	0.0128352109209021	-0.319336480776781	0.065	0.081	1
"Mphosph6"	0.0128711154489571	0.276813700576834	0.107	0.09	1
"Gm46620"	0.0128976461761942	0.456519722811731	0.031	0.022	1
"Tmem201"	0.0129081027153713	0.746298983878054	0.02	0.012	1
"Cdkl2"	0.0129423712586329	-0.342582297208197	0.02	0.023	1
"Gm34643"	0.0129609588596772	-1.01269291661815	0.005	0.01	1
"4932438A13Rik"	0.0129613255626818	-0.269197352445115	0.095	0.114	1
"Sparc"	0.0130516383545456	1.73013219548752	0.023	0.018	1
"F730043M19Rik"	0.0130885620322441	-0.5663174508063	0.011	0.017	1
"Grap"	0.0131097498084203	0.478447561746484	0.04	0.031	1
"Ing1"	0.0131609681654917	-0.255534173980901	0.1	0.12	1
"Mtg1"	0.0131808994520401	0.363046098220912	0.063	0.048	1
"Simc1"	0.0131883554712745	0.823302053483354	0.015	0.009	1
"Naa10"	0.0132384630508731	0.301172906205238	0.09	0.073	1
"Creb1"	0.0132967267939907	-0.251176614706399	0.108	0.128	1
"Gtf2a1"	0.0133656054820936	0.317593550719169	0.062	0.049	1
"Ulk2"	0.0135340583634316	0.352101827881071	0.062	0.048	1
"Pomk"	0.0135755879076056	0.337355242511884	0.062	0.048	1
"Zfp553"	0.0136908108846048	0.474753078188743	0.038	0.028	1
"Ubap2"	0.0137985049738959	0.325343594504492	0.081	0.065	1
"Vkorc1l1"	0.0138076042242296	0.26961101441848	0.071	0.058	1
"Utp15"	0.0138257673960948	0.347203028468232	0.067	0.054	1
"Terf2ip"	0.0138475258466445	0.29909514795284	0.073	0.058	1
"Mylip"	0.0139018601052199	0.293264221357428	0.112	0.094	1
"Slc9a7"	0.0139413524505444	-0.628029066382826	0.009	0.015	1
"Tha1"	0.0139976124361934	-0.482871970089456	0.026	0.037	1
"Trdmt1"	0.0140745523090866	0.446738702019146	0.042	0.031	1
"Nf2"	0.0141059405260188	0.308914543743858	0.085	0.068	1
"Zdhhc8"	0.0141882105720893	0.450145303462395	0.045	0.033	1
"Rwdd3"	0.0142349639579281	0.934532543733304	0.012	0.007	1
"Pdp2"	0.0142777215146431	0.736245319214131	0.018	0.011	1
"Fto"	0.0142884926158461	0.29678211680943	0.083	0.067	1
"Ncoa6"	0.0143040343414163	0.28666148653318	0.101	0.083	1
"Gpam"	0.0143313046195618	0.681203955656169	0.019	0.011	1
"Zfp746"	0.0143632144221396	0.528038804120993	0.031	0.021	1
"Dph2"	0.0144020274798764	0.460035524632604	0.023	0.016	1
"Cntrl"	0.0144069953050706	-0.278154059846485	0.089	0.106	1
"Fbxo46"	0.0144630473524295	-0.381677835566288	0.029	0.037	1
"Saal1"	0.0144701179230531	-0.288342247802117	0.081	0.098	1
"Ints3"	0.0145715626054261	0.252640026935251	0.087	0.076	1
"Dhodh"	0.0145886656358398	0.454006702483185	0.042	0.031	1
"Zkscan17"	0.0146190776462558	0.32377717954742	0.058	0.048	1
"Mybl2"	0.0146326691823974	1.03865396338207	0.01	0.005	1
"Zfp691"	0.0146447240932972	0.501028857520099	0.037	0.026	1
"Dusp28"	0.0146795006642662	-0.32844621437755	0.062	0.078	1
"Akap11"	0.014701128522644	0.380101508988855	0.058	0.044	1
"Dusp12"	0.0148240373878013	0.31924896689723	0.076	0.062	1
"Jpx"	0.0149461767678728	0.68959522591531	0.015	0.009	1
"Pigw"	0.0149502172721975	0.736245319214131	0.015	0.01	1
"Eif2b1"	0.0150744791044696	0.258092994487737	0.12	0.102	1
"Exosc2"	0.0150837575721331	0.372889672131881	0.051	0.038	1
"Arhgap5"	0.015207620263103	0.34330911236374	0.062	0.05	1
"Mccc1"	0.0152398027308557	0.407865810374855	0.049	0.038	1
"Pfkm"	0.0153213616425044	0.446738702019146	0.038	0.027	1
"Prpf18"	0.0153649049045629	-0.28802262122033	0.082	0.099	1
"Drg2"	0.0154901818992756	0.253045534643884	0.125	0.105	1
"Atf7"	0.0155329603599146	0.271059025851026	0.084	0.072	1
"Cyp27a1"	0.0155387025698677	-0.333480090100944	0.056	0.071	1
"Racgap1"	0.0155400250222451	0.511444391406961	0.034	0.023	1
"Rtl8a"	0.0155571509769182	0.665633679119368	0.022	0.014	1
"Dhx33"	0.0155963036532586	0.497364775089114	0.037	0.026	1
"Lrwd1"	0.0156563730666792	-0.266380150192692	0.076	0.093	1
"Gpatch3"	0.0156646738045646	-0.275002532162454	0.075	0.092	1
"Phlpp1"	0.0156847097924093	0.469822315132188	0.038	0.029	1
"Bcdin3d"	0.0156875529378916	-0.447174039591163	0.028	0.039	1
"Npdc1"	0.0157338862795496	0.821134216800644	0.012	0.008	1
"Lrrc8a"	0.0157676961519493	0.464977820304188	0.041	0.03	1
"Ccdc125"	0.0157828537887082	-0.623650625872252	0.015	0.024	1
"2010001A14Rik"	0.0157955417530323	0.438423433807142	0.035	0.027	1
"Igip"	0.0159012288714027	0.771010737374807	0.016	0.01	1
"Zfp825"	0.0160288790783829	-0.50559486435054	0.021	0.03	1
"Trim36"	0.0160666223579292	0.86177620129799	0.014	0.008	1
"Lmf1"	0.0160857611407625	0.264900379033333	0.086	0.071	1
"Lrrc56"	0.0160939436476086	-0.575629111009309	0.01	0.015	1
"Cdc73"	0.0161814130429402	0.334326159232041	0.061	0.048	1
"Zfp932"	0.0163267641354479	0.372860388047868	0.062	0.048	1
"Ubxn7"	0.0164659857635978	0.352762553810132	0.053	0.043	1
"Gna11"	0.0164770616635873	0.322658980199356	0.078	0.062	1
"Mblac2"	0.016592065769621	0.582393801376711	0.025	0.016	1
"Prpsap2"	0.0166012821689867	0.412200283314667	0.046	0.036	1
"Dmac2"	0.0167007208038464	0.299415129513966	0.079	0.066	1
"Bbs7"	0.0168150233210113	0.669131123355593	0.021	0.014	1
"Naa30"	0.016856203775657	0.434354977563314	0.048	0.036	1
"Ssh3"	0.0168706546836253	0.253485533428806	0.122	0.103	1
"Zxdc"	0.0169235020672415	0.423655088906105	0.039	0.03	1
"Cdo1"	0.0169695638846607	0.613557792593636	0.021	0.013	1
"Nup43"	0.0171605305862581	0.28770201671957	0.054	0.047	1
"Inafm1"	0.017174130148903	0.424018625519063	0.039	0.03	1
"Neil2"	0.0172101479748354	0.884859814411031	0.013	0.007	1
"Kptn"	0.017344480293503	-0.322845311351025	0.061	0.075	1
"Dusp19"	0.0173895008433961	0.312591260133664	0.066	0.053	1
"Thumpd2"	0.0175010228908892	0.639383779961542	0.02	0.013	1
"Spindoc"	0.0175271115666449	-0.481810774719146	0.025	0.034	1
"Tmem202"	0.0176045341381587	0.676744307465469	0.02	0.012	1
"Mogs"	0.017670230699274	0.290110523190292	0.07	0.056	1
"Foxo1"	0.0177027182577779	-0.252783562964866	0.073	0.089	1
"Cep19"	0.0177429960157439	-0.301121533250354	0.072	0.089	1
"5430427O19Rik"	0.0178752394791841	-0.265165629593576	0.097	0.115	1
"Spata2"	0.0178984486003696	-0.315810501852389	0.066	0.081	1
"Phtf2"	0.0179267320770955	0.586141758684562	0.024	0.016	1
"Gm16174"	0.0179942953674338	0.886438255532259	0.012	0.007	1
"1700086O06Rik"	0.0180404479218907	0.781605852614007	0.014	0.009	1
"Tubd1"	0.0181126057079482	-0.577108039935221	0.009	0.014	1
"Gm45472"	0.0181620234053432	-0.723186299423166	0.008	0.013	1
"Acot2"	0.0181849071993674	0.48326457804426	0.03	0.021	1
"Arntl"	0.0182237076280288	0.406359240503306	0.048	0.036	1
"Cyb5d1"	0.0182426266070495	-0.500793878086719	0.011	0.017	1
"Zfp707"	0.0182489189055443	0.511089113429203	0.031	0.022	1
"Irgq"	0.0182512180938568	0.46903736912792	0.034	0.024	1
"Cgas"	0.0182677057099259	-0.454251292149688	0.031	0.042	1
"Leng9"	0.0182785402324755	-0.399716039727399	0.032	0.043	1
"Coq3"	0.0184429197948576	0.362674437230672	0.063	0.049	1
"Ing3"	0.0184470431400037	-0.289116699679124	0.08	0.097	1
"Fig4"	0.0185692108032907	-0.29022689214706	0.065	0.08	1
"Prkd3"	0.0186168276605568	-0.287538520469036	0.077	0.093	1
"Glmn"	0.0186544461360114	0.400935012406021	0.038	0.03	1
"Elac2"	0.0186974574211041	0.339823498102634	0.064	0.052	1
"Zfp217"	0.0187147084984858	-0.294814161642712	0.065	0.08	1
"Iqcb1"	0.0188080202617877	0.465847524966851	0.04	0.029	1
"Avl9"	0.0188165654516393	0.304113557480036	0.083	0.07	1
"Haus4"	0.0188357740439013	0.335433867013053	0.06	0.049	1
"Gm10642"	0.0189953850779648	0.802069955173723	0.015	0.008	1
"Dmac2l"	0.0190083326458028	0.619803410992025	0.024	0.016	1
"Limk2"	0.0190237838907673	-0.278705022251841	0.055	0.068	1
"Dnaaf2"	0.0192303338505835	0.359895442071388	0.056	0.045	1
"Txnrd3"	0.0192607751932283	0.665378988494487	0.02	0.013	1
"Ddx20"	0.0193861445869513	-0.365491841579503	0.044	0.057	1
"Ttll5"	0.0193941004931197	0.650272096104278	0.02	0.013	1
"Mga"	0.0194235102857765	0.28986985340228	0.092	0.075	1
"B3gnt3"	0.019737244713144	0.494993870626367	0.032	0.023	1
"Tbc1d2"	0.0199085905270224	0.388260236753418	0.057	0.044	1
"Gmds"	0.0199877564853335	0.304113557480036	0.085	0.07	1
"AI463229"	0.0199901381397384	-0.605349809129308	0.006	0.011	1
"Gne"	0.0200561045174473	0.529794441746704	0.03	0.021	1
"Guf1"	0.0201259145067918	0.39355866415997	0.053	0.041	1
"Lztfl1"	0.0202219979840133	-0.259275485206227	0.094	0.112	1
"Pcyox1l"	0.0202583536242519	0.724272677548055	0.017	0.01	1
"Zfpm1"	0.0205822796456397	0.916223985320366	0.011	0.006	1
"Fam199x"	0.0206476737169911	0.397270025754846	0.028	0.021	1
"Prkdc"	0.0206880234473918	0.59112861135432	0.026	0.017	1
"Gtf3c3"	0.0207016334698931	0.396112628949178	0.052	0.04	1
"Fgd3"	0.0207029530718378	0.260872156707812	0.099	0.082	1
"Bivm"	0.0209069635161533	0.48547109650786	0.032	0.022	1
"Nos3"	0.0210581927447506	-0.937925148216179	0.006	0.011	1
"Cdkl3"	0.0212014786436487	0.676744307465469	0.02	0.012	1
"Pbx2"	0.0212189483245238	0.264260650233749	0.107	0.091	1
"Mlxip"	0.0213187361862921	-0.261606214207292	0.093	0.11	1
"F830208F22Rik"	0.0213315864896542	-0.649724137482145	0.01	0.016	1
"Bbx"	0.0213345840358131	-0.252527425362615	0.097	0.114	1
"Metrn"	0.0213665568514359	0.386042770331592	0.053	0.041	1
"Trim56"	0.0214036254902327	-0.352962647495024	0.05	0.064	1
"Mtrex"	0.0214673214070966	-0.266461426497094	0.075	0.088	1
"Plppr2"	0.0215305157165506	-0.472124535255449	0.02	0.028	1
"Smarcc1"	0.0215823982172859	0.276813700576833	0.103	0.086	1
"Ppif"	0.0216587480619169	-0.279289045662172	0.071	0.084	1
"Armc6"	0.021744196278573	0.335707389630403	0.067	0.054	1
"Fam229b"	0.0217763802404547	0.783773689296717	0.015	0.009	1
"4930599N23Rik"	0.0218333786061463	-0.440050687532864	0.033	0.043	1
"Ccne1"	0.0218600262166933	0.588399851242738	0.026	0.019	1
"Fam13a"	0.0218997359182375	0.86177620129799	0.013	0.007	1
"Gm36486"	0.021935685520292	-0.470799137788881	0.027	0.037	1
"Gcc1"	0.0219447894020531	-0.389185372235229	0.041	0.053	1
"Peg13"	0.0219788748860905	0.401586665626771	0.036	0.027	1
"Prss36"	0.02202229780578	0.817382081939536	0.014	0.008	1
"Dstyk"	0.022068194076774	0.296059789521478	0.068	0.055	1
"Rpp14"	0.0221885993573866	0.261216845525815	0.078	0.064	1
"Zfp938"	0.0222313180021332	0.415168623018277	0.047	0.036	1
"1700056N10Rik"	0.0223982381459608	0.86177620129799	0.011	0.006	1
"Fam91a1"	0.0224509194890328	0.25269090637666	0.107	0.089	1
"Wdr62"	0.0225586236276814	0.717386291962815	0.016	0.01	1
"Pdia5"	0.0225588646004677	0.86177620129799	0.012	0.007	1
"Fgd6"	0.0226352094685403	-0.264885762804518	0.087	0.105	1
"Smad1"	0.0226708727039681	0.275779881083731	0.095	0.08	1
"Pfas"	0.022694091225242	0.686204636714535	0.018	0.011	1
"Senp8"	0.0226940912252446	0.686204636714535	0.018	0.011	1
"Rsph9"	0.022851209835319	-0.435205536459142	0.029	0.039	1
"Hebp2"	0.0231057379730672	0.470986248265824	0.036	0.027	1
"Agrn"	0.0231976997334415	-0.474749269802331	0.025	0.035	1
"Manea"	0.0233217994325451	0.502233814610849	0.033	0.024	1
"2310033P09Rik"	0.0235350952309539	0.257448375709902	0.118	0.101	1
"Urb2"	0.0236234063604297	0.607592713046461	0.023	0.015	1
"A630072M18Rik"	0.0238163022490145	-0.553261297980854	0.011	0.017	1
"Ddx11"	0.0238330978610331	0.815972511684865	0.013	0.007	1
"Stbd1"	0.0239013614980577	0.490793882097082	0.028	0.02	1
"Ppm1k"	0.0239316498681925	-0.567067097505885	0.016	0.024	1
"Dph1"	0.0240564883514311	0.512191763507762	0.026	0.019	1
"Mnt"	0.0242061054396255	0.263757547751387	0.088	0.076	1
"Fam149b"	0.0243049321445664	0.432731844025266	0.043	0.032	1
"Akap1"	0.0244011073386314	0.508139246683289	0.023	0.016	1
"Uprt"	0.02453649490088	0.796681173076105	0.014	0.008	1
"BC048403"	0.024538140947701	0.556921619769569	0.021	0.015	1
"Cst7"	0.0246134063335699	0.503882609122755	0.038	0.028	1
"Glrp1"	0.0247583755227222	0.702297987290793	0.016	0.01	1
"Cmc4"	0.0247936978579388	0.468239771230069	0.036	0.026	1
"Mettl18"	0.0248354937047606	0.51847445561806	0.028	0.02	1
"Sufu"	0.0249392589190763	0.390024311024824	0.044	0.034	1
"Leng1"	0.0250015740563988	0.277909557098106	0.091	0.076	1
"Gstcd"	0.0250804400747434	0.419771654418876	0.045	0.034	1
"Bloc1s3"	0.0255209436792372	-0.254247595041494	0.086	0.1	1
"Brd3os"	0.0255256743527026	0.920669890351558	0.011	0.005	1
"Gsta4"	0.0255594385456687	0.429460710587311	0.016	0.013	1
"Trappc10"	0.0255763047252403	0.304294436998941	0.067	0.054	1
"Exoc6b"	0.0256989830990395	0.318154495957733	0.073	0.059	1
"5730455P16Rik"	0.0257428179787015	0.438125571714438	0.036	0.027	1
"Gm10602"	0.0258017930117301	0.519987684049784	0.022	0.015	1
"Slc13a3"	0.0259127250946148	0.504454199875433	0.031	0.022	1
"Tpcn1"	0.0260065662384035	0.264070570046643	0.106	0.089	1
"Tctn1"	0.0263508599843197	0.482362611749868	0.026	0.019	1
"Abcb6"	0.0263604071276905	0.669131123355594	0.015	0.009	1
"Yars2"	0.026364492897577	0.260907309667473	0.094	0.08	1
"Pgap3"	0.0263824116235685	-0.35848991893007	0.041	0.052	1
"Pigh"	0.0264723148814911	-0.407219762774521	0.034	0.044	1
"Tlr8"	0.0265976869240494	-0.282820620198298	0.07	0.083	1
"Aven"	0.0267037952139604	0.637069914123296	0.019	0.012	1
"Camsap1"	0.0267229694555367	0.345898012512319	0.046	0.037	1
"Ccdc137"	0.0270403932044538	0.451687917990879	0.031	0.023	1
"Ccdc126"	0.0270844837226808	-0.330135613583696	0.05	0.064	1
"Fbxw8"	0.0271280100049669	0.316035010374552	0.073	0.059	1
"Zfp809"	0.0272070334095904	0.432932902494115	0.033	0.025	1
"Ncapg2"	0.0272253396729034	0.563694848364995	0.025	0.017	1
"Fdxacb1"	0.0272890158047197	0.298840006906833	0.038	0.03	1
"Pdxp"	0.0274396327394687	0.724272677548055	0.016	0.01	1
"Tm4sf1"	0.0275247189001673	0.360229708764471	0.016	0.01	1
"Cabyr"	0.0275331209568846	-0.903758545064987	0.006	0.011	1
"Rfng"	0.027566643815517	0.327662842072586	0.064	0.052	1
"Pcp4l1"	0.0276002574160701	-0.427730415896995	0.005	0.01	1
"Abitram"	0.0278402578223203	0.4060967175218	0.044	0.033	1
"Mdga1"	0.0280093148992923	-0.576344911093895	0.013	0.02	1
"AW549877"	0.0280955983767829	0.30056805387625	0.07	0.059	1
"Nsmf"	0.0281206002921235	0.361622088381194	0.038	0.03	1
"Clba1"	0.0283068089102445	0.594295890433004	0.023	0.015	1
"Tmem38a"	0.0283392984954886	-0.613957229668408	0.013	0.021	1
"Trmt10a"	0.0283416551578499	0.593842996051357	0.021	0.014	1
"Cmpk2"	0.0283957597982497	-0.407643839549115	0.059	0.073	1
"Bbs5"	0.0284730800591346	0.660863507371993	0.018	0.011	1
"Noa1"	0.0285079197557431	0.336217987774428	0.065	0.052	1
"Kdm6a"	0.0285365972905387	-0.262897719049422	0.086	0.102	1
"Intu"	0.0285506459932007	0.594492322462838	0.023	0.016	1
"Adpgk"	0.0287207047121237	0.251722719614003	0.093	0.077	1
"Emp2"	0.0287318110725736	0.72159854324973	0.018	0.011	1
"Asb8"	0.0287792433895024	-0.253965852293574	0.088	0.105	1
"Setd6"	0.0288022751373989	0.335707389630402	0.036	0.03	1
"Fam126a"	0.0288411644190884	0.287306074394476	0.076	0.062	1
"Nsun6"	0.0288662185286546	-0.386151312145596	0.039	0.049	1
"Dennd2d"	0.0289668391107683	-0.43221501708625	0.03	0.04	1
"Dclre1b"	0.0289756266771402	-0.325455380458042	0.055	0.069	1
"Qtrt2"	0.029127086080669	0.86177620129799	0.012	0.006	1
"Hnmt"	0.0292553812302044	-0.310470112054444	0.057	0.071	1
"Atad2b"	0.0292604884437599	-0.305618199529001	0.065	0.079	1
"Adamts10"	0.0293557100407939	0.356782005280249	0.057	0.045	1
"Tesk2"	0.0294041056967955	-0.608853623944172	0.015	0.022	1
"Zbtb6"	0.0294093665081192	0.52474121402042	0.028	0.02	1
"Srf"	0.029434262596579	0.339008462184177	0.064	0.052	1
"Unk"	0.0295502636650887	0.397495182999297	0.044	0.034	1
"Zfp764"	0.0295520988691809	0.488558877713773	0.021	0.016	1
"Zfp362"	0.029560691006533	0.339823498102634	0.057	0.045	1
"Clip3"	0.0295744977096082	-0.384863766285136	0.012	0.016	1
"Dis3"	0.0295899897580281	0.354480194167157	0.033	0.027	1
"Zfp280d"	0.0298001454399325	0.407210337832509	0.043	0.034	1
"Serpinh1"	0.0298150851748627	1.76866679690651	0.012	0.008	1
"Cars2"	0.0299502086331715	0.252904556968403	0.08	0.066	1
"Ybey"	0.0300546827881617	0.537153997241364	0.022	0.016	1
"Ndc1"	0.030177243384274	0.475307854215917	0.032	0.023	1
"Wiz"	0.0302735216578654	0.335968487276737	0.063	0.05	1
"2010315B03Rik"	0.0302748097820723	-0.377162528918341	0.034	0.044	1
"Qser1"	0.0302994406405583	0.46945877851923	0.034	0.025	1
"Mmachc"	0.0303269591945811	0.53461145804448	0.022	0.016	1
"Gm38832"	0.0303332840177994	-0.615545576235197	0.01	0.016	1
"Surf6"	0.0303531410929439	0.336594928902251	0.057	0.046	1
"Tcf20"	0.0305045354121349	-0.291098347951805	0.068	0.083	1
"Ssc4d"	0.030507084500106	-0.531566226881536	0.014	0.021	1
"Lipn"	0.0305307014229114	-0.8460430472087	0.006	0.011	1
"Spa17"	0.0305803402553839	0.627310947660967	0.018	0.011	1
"Arfgef2"	0.0306792189060707	0.283868458110784	0.083	0.07	1
"Ccdc134"	0.0308599121160711	0.276813700576834	0.07	0.059	1
"Sft2d3"	0.0309326213890551	0.433192170181198	0.033	0.025	1
"Zfp503"	0.0309354906389219	0.415519971408426	0.031	0.025	1
"Mrm3"	0.0312436240481947	0.562215919439081	0.025	0.017	1
"Mpp5"	0.0316062370399925	0.263874644869335	0.074	0.064	1
"Cdk5rap2"	0.0316553629013423	0.365208816522547	0.052	0.042	1
"Klhl42"	0.0317249832960413	0.691851199855678	0.016	0.011	1
"Zfp280c"	0.0317286273485707	0.644184766225363	0.018	0.012	1
"Terf2"	0.0317435012067169	0.379175418206511	0.046	0.035	1
"Tex10"	0.0318394604845189	0.295872036392518	0.079	0.065	1
"4930486L24Rik"	0.0321005539703312	0.639383779961542	0.013	0.008	1
"Ggcx"	0.032157998534441	0.544919095958049	0.024	0.017	1
"Stx17"	0.0321613394162207	-0.27202229676947	0.066	0.08	1
"Habp4"	0.0322308726187214	0.257361337910661	0.093	0.077	1
"Acyp2"	0.0322705738289913	0.357544972689691	0.041	0.033	1
"Tefm"	0.0323874356477881	0.456722790591768	0.031	0.023	1
"Jade1"	0.0325337062036186	0.614683339333218	0.019	0.012	1
"Tbl3"	0.0326818185420028	0.299356269227922	0.073	0.06	1
"Bbs12"	0.0327673809074188	0.669131123355593	0.012	0.007	1
"Fbxo45"	0.0329418323550302	0.520159771488515	0.027	0.019	1
"Samd11"	0.0329632881082408	-0.534152475033149	0.015	0.023	1
"Uvssa"	0.0329741256839586	-0.343542706679517	0.036	0.046	1
"Cry2"	0.0330149846430229	0.800375656633847	0.014	0.008	1
"Kat14"	0.0331554704751702	0.379051894507572	0.048	0.037	1
"Usp38"	0.0331880166711043	-0.32108785585182	0.054	0.067	1
"Dtd1"	0.0333248213443112	0.290476863783503	0.08	0.066	1
"Acad12"	0.0334127162225336	0.286661486533181	0.021	0.016	1
"Tnpo2"	0.0334802390887437	0.314781550775854	0.064	0.053	1
"Mocos"	0.0335462134199167	-0.272424069627307	0.066	0.08	1
"Ppp2cb"	0.0335634041801598	0.337114210844648	0.06	0.048	1
"Elp6"	0.0336398602406182	0.450707604222091	0.037	0.028	1
"Nlgn2"	0.0338372824880639	-0.609114532714371	0.012	0.018	1
"Rpusd1"	0.0339989957885103	0.414317224326768	0.042	0.031	1
"Slc25a23"	0.0342267089715556	0.639383779961541	0.017	0.011	1
"Gm16556"	0.0343011271843824	-0.53054122148077	0.013	0.019	1
"Zfp772"	0.0343439392832533	-0.471647532427202	0.01	0.015	1
"Cdyl2"	0.0346455149592545	-0.330868876644406	0.038	0.048	1
"Tmem131l"	0.0347429543618639	-0.262634140891954	0.065	0.08	1
"Depdc5"	0.0347554782944575	-0.380499644369007	0.037	0.048	1
"Eif2b3"	0.0347913997473749	0.292410555627852	0.077	0.064	1
"Gm20703"	0.0351073429646871	0.462506017877462	0.028	0.021	1
"Trp53bp2"	0.0353952769670712	-0.327153461145418	0.05	0.063	1
"Cdc14b"	0.0356900212477571	0.451791929745431	0.03	0.022	1
"Phf13"	0.035811570836782	0.278422953438491	0.062	0.052	1
"2810403D21Rik"	0.0362100942083038	0.68774680152294	0.016	0.01	1
"2610021A01Rik"	0.036240477285703	0.616663703461458	0.017	0.011	1
"Dop1a"	0.0362890086031893	0.399990442827667	0.034	0.027	1
"Gtpbp8"	0.0364637067362754	-0.304473142000924	0.055	0.068	1
"Tfb2m"	0.0365376953504792	0.305124096600211	0.046	0.038	1
"Zfp24"	0.0366427446667704	0.273545986742922	0.061	0.052	1
"Jmjd4"	0.0368877862519469	-0.519652905338035	0.016	0.023	1
"Lin9"	0.0370841248475459	0.619575298881362	0.02	0.013	1
"Fchsd2"	0.03712069332918	0.364276541827173	0.055	0.043	1
"Dnase1l3"	0.0375201836073634	-0.512619313483508	0.01	0.015	1
"Crocc"	0.037570146007566	0.64199499341808	0.016	0.011	1
"Zbtb8a"	0.0376209099397391	0.890345353494761	0.01	0.006	1
"Foxk2"	0.0378094305561945	0.270581746865319	0.049	0.039	1
"Tmem218"	0.0378634427286511	0.30056805387625	0.072	0.059	1
"Zxdb"	0.037929347410225	0.576021718964112	0.022	0.015	1
"Tbc1d5"	0.0380071172592914	0.28517717351146	0.072	0.06	1
"Dnajb4"	0.0383622317348893	0.303003224557696	0.064	0.052	1
"Gm17745"	0.0386442410600902	-0.520471362863185	0.019	0.026	1
"Polr3d"	0.0387127132880796	0.29258101643515	0.076	0.063	1
"Slc20a1"	0.0392387397831834	0.269860939935067	0.092	0.077	1
"Coil"	0.0398831168067248	0.629115444507716	0.017	0.011	1
"Klhl22"	0.0399923322480014	0.341769142417603	0.056	0.044	1
"Usp40"	0.0400398758036882	-0.29022689214706	0.037	0.047	1
"Ccdc112"	0.0400616391088835	-0.541579492933219	0.013	0.019	1
"Rbak"	0.04028921376165	0.456137400021396	0.016	0.011	1
"Gtf2ird1"	0.0403301296577612	-0.457174193789477	0.021	0.027	1
"Firre"	0.0405932305869243	0.556921619769569	0.022	0.015	1
"Slf1"	0.0406866023154487	0.631163273156573	0.015	0.01	1
"G0s2"	0.0408872841719833	0.575472016141348	0.013	0.016	1
"Elk1"	0.0409414549115546	-0.26605746665529	0.066	0.079	1
"Snx16"	0.0409834025119379	0.250502423460986	0.069	0.057	1
"Bvht"	0.0411746017856804	-0.257241373827195	0.079	0.094	1
"5430425K12Rik"	0.0412087860274965	-0.702124683895337	0.01	0.015	1
"Cep41"	0.0413352537811903	0.644184766225363	0.018	0.011	1
"Gm42659"	0.0414822004611577	0.809308781403854	0.011	0.006	1
"Ubiad1"	0.0416522693428078	-0.262705829383155	0.073	0.086	1
"Tmsb15b1"	0.0417084644882609	0.811150128228022	0.012	0.006	1
"Tslp"	0.0419179499597441	-0.682544314925821	0.01	0.016	1
"Spry2"	0.0420067352071951	0.48547109650786	0.031	0.022	1
"Osbpl3"	0.0420305734514243	0.471316724739811	0.03	0.022	1
"Zfp317"	0.0420980763025552	0.425301531356854	0.034	0.026	1
"Kremen1"	0.0425643284244265	0.290180924314662	0.053	0.043	1
"4930555A03Rik"	0.0428556930367138	0.785154919695077	0.011	0.007	1
"Cdc45"	0.0428556930367162	0.785154919695077	0.011	0.007	1
"Cttn"	0.0430058632739874	0.446738702019146	0.031	0.022	1
"Gm20186"	0.0431099546909632	0.452970655730661	0.025	0.017	1
"Slc30a6"	0.0431379305188987	-0.285226211088694	0.061	0.073	1
"Bclaf3"	0.0433715841022504	-0.296921544721068	0.035	0.044	1
"Hacd3"	0.0434452660253737	0.296179025443764	0.072	0.059	1
"Dcun1d2"	0.0435508832270834	0.393157661814302	0.038	0.03	1
"Zc3h8"	0.0437281297752488	0.594080418094333	0.021	0.014	1
"Setd4"	0.0438557132397452	0.497964025374319	0.027	0.019	1
"Grap2"	0.0439669626532058	0.554594691779814	0.024	0.016	1
"Plekha8"	0.0439940748162177	0.472364509694641	0.029	0.022	1
"Tpm2"	0.0439944640362466	0.724272677548055	0.01	0.007	1
"Gatb"	0.0440332747645886	0.305382852773604	0.05	0.041	1
"Snx32"	0.0440359341720149	-0.314380753855837	0.016	0.021	1
"Alg11"	0.0440728300484585	0.423655088906105	0.031	0.025	1
"AI987944"	0.0443416469783513	-0.278296682064078	0.053	0.065	1
"B930036N10Rik"	0.0444094284317413	-0.723186299423166	0.01	0.016	1
"Zbtb33"	0.0448135478019132	0.323680305614808	0.031	0.024	1
"Zfp974"	0.0448687445709788	-0.690764821730789	0.01	0.015	1
"P3h1"	0.0449398895419185	0.335377593071441	0.052	0.041	1
"Kdsr"	0.0451480077377361	0.303003224557696	0.067	0.054	1
"Rnf227"	0.0452119283952725	0.504841656582714	0.024	0.017	1
"2510046G10Rik"	0.0452403157907016	0.407517392221427	0.026	0.021	1
"P2ry13"	0.0452727798430218	0.532208044208495	0.024	0.016	1
"Acat2"	0.0459500307767688	0.524741214020419	0.02	0.014	1
"Haus7"	0.0460704119872588	0.307840596197458	0.06	0.049	1
"Zfp948"	0.046311781382315	0.560120501436889	0.017	0.012	1
"Gm32856"	0.0464997123311329	0.762240527747075	0.012	0.007	1
"Macrod2"	0.0466709798023122	-0.365292707247931	0.019	0.023	1
"Phkb"	0.0468629167233426	0.419553872692915	0.038	0.029	1
"Cul7"	0.04688409968155	0.574895053509828	0.021	0.014	1
"Glb1l"	0.0471193453280126	-0.474651463284488	0.021	0.029	1
"Hcfc1"	0.0473156043950049	0.253073979507563	0.092	0.077	1
"Gm20075"	0.0473609302185184	0.381447241767426	0.033	0.026	1
"Fam122b"	0.0473772738283387	0.663836823686081	0.014	0.009	1
"Gm20337"	0.0476800765296127	-0.585682775673232	0.009	0.014	1
"1700066M21Rik"	0.047951646344449	0.50993252850634	0.02	0.016	1
"Carm1"	0.0482031438085181	0.329820950239995	0.049	0.038	1
"Bmi1"	0.0483058861084853	0.39895080306488	0.04	0.031	1
"Heatr3"	0.0485413344026374	0.355973238095963	0.048	0.038	1
"Rabl2"	0.0490366716201911	0.3246015995311	0.056	0.044	1
"Adgrg3"	0.0494307468602101	-0.706507558276536	0.006	0.01	1
"Trmt10c"	0.049439993193968	0.250096362201054	0.088	0.075	1
"Repin1"	0.0497192005215472	0.40693769396117	0.03	0.022	1
"Rpap1"	0.0498059288161735	0.329108208019047	0.044	0.034	1
"Tsc2"	0.049931570194978	0.283759766189696	0.073	0.06	1
"Man2c1os"	0.0499705777609195	0.587601237858996	0.018	0.012	1
"Armcx6"	0.0499845897012984	-0.77868141201487	0.007	0.012	1
"Manba"	0.0502312622313377	0.251608360687156	0.09	0.075	1
"Myef2"	0.0502585786863607	0.631163273156573	0.016	0.01	1
"Gm28875"	0.0503697040397199	0.417165586635799	0.035	0.026	1
"F3"	0.0505512916813701	-0.439653583272815	0.041	0.052	1
"Pknox1"	0.0508057920006794	-0.289676140072844	0.055	0.067	1
"Unc13a"	0.050877582381035	0.360027068825816	0.048	0.037	1
"Ddx31"	0.0510131211405648	0.284467273120269	0.053	0.044	1
"Fktn"	0.051470399577788	0.453496068194454	0.023	0.016	1
"Nmnat1"	0.0514847711577084	0.264900379033333	0.041	0.036	1
"Stra6l"	0.0517189065678704	0.523607465403416	0.02	0.016	1
"Stim2"	0.0517633008618478	-0.271490329565475	0.058	0.069	1
"Gm48857"	0.0517779680421433	-0.752933642817219	0.007	0.011	1
"Nup37"	0.052050356115128	0.300887835555692	0.059	0.049	1
"Rmnd5a"	0.0522749294771591	0.259407423973218	0.074	0.061	1
"Zbtb39"	0.0523390753018601	0.446738702019146	0.02	0.016	1
"Vps45"	0.0525866379173644	0.264988265180044	0.067	0.057	1
"Zcchc4"	0.052599159761435	0.317077570790561	0.046	0.036	1
"Shld2"	0.0526189579438559	-0.261372029474875	0.021	0.026	1
"Ptpn22"	0.0527954694067649	-0.312117702347268	0.049	0.06	1
"Dlgap5"	0.053192671050203	-0.32153101206507	0.031	0.04	1
"Zbtb5"	0.0534656009170367	-0.420623529402735	0.024	0.031	1
"Smarca2"	0.0536773804658145	0.285100311761795	0.061	0.05	1
"Snhg15"	0.053737319920483	0.270189310265581	0.096	0.084	1
"Osbpl7"	0.0539184396888348	0.308662566616174	0.048	0.039	1
"Dnmbp"	0.0540025553377354	0.418169549822375	0.026	0.019	1
"Dpysl3"	0.0540168255454404	-0.664292610369598	0.01	0.015	1
"Mios"	0.0542062446387006	0.292410555627852	0.032	0.027	1
"Acy1"	0.0543411751301782	0.427373377152215	0.016	0.011	1
"Zfp984"	0.0544085122960607	0.276813700576834	0.036	0.031	1
"Zfp652os"	0.0546113491429958	0.413761379572874	0.036	0.027	1
"Rd3"	0.0548188076190399	0.779314041106017	0.01	0.006	1
"Sos2"	0.0554990783252185	0.298415955062044	0.065	0.053	1
"Sc5d"	0.0557052993156936	-0.270327334709355	0.061	0.074	1
"Utp25"	0.0561753727932757	0.539848106410627	0.022	0.015	1
"Ahdc1"	0.0562144720396772	0.517441693362348	0.024	0.016	1
"Zfp740"	0.0563208240921123	0.292016107220504	0.066	0.054	1
"Atm"	0.0563357343233751	0.418724325849549	0.032	0.023	1
"Lamb2"	0.0564467454909835	0.74441925065983	0.012	0.007	1
"Cenpj"	0.0569366026414673	-0.450167805016751	0.018	0.024	1
"Esr1"	0.0570427352505218	-0.383980213103968	0.015	0.02	1
"Dhx57"	0.0571179011151894	0.338529485063249	0.041	0.032	1
"Tnks1bp1"	0.0571739567526377	0.489807423911031	0.025	0.018	1
"Map2k3os"	0.0572332301073775	0.328902211725288	0.028	0.024	1
"Btbd3"	0.0573803261052764	0.503322230385513	0.025	0.017	1
"Cep97"	0.0575454803054444	0.598741795464196	0.017	0.011	1
"Trp53i11"	0.0579729815186857	0.683438960039477	0.01	0.009	1
"Hira"	0.059000100763178	0.347203028468231	0.036	0.029	1
"Dis3l"	0.0590568223894038	0.310677152443118	0.057	0.046	1
"Scrn2"	0.0593113511606185	0.719757196425562	0.012	0.007	1
"Map3k10"	0.059702688105837	0.369570841496686	0.038	0.03	1
"Tstd2"	0.0599309036307358	0.284231172139316	0.055	0.046	1
"Gm15232"	0.0604440593360622	-0.754895159150505	0.006	0.01	1
"Tespa1"	0.0611051652596953	-0.766255021315052	0.007	0.011	1
"Klhdc8b"	0.0611272389099077	0.802882512244421	0.01	0.006	1
"Gm48066"	0.0612241996610834	-0.453097136055422	0.008	0.012	1
"Epg5"	0.0615229535671494	0.339097978831177	0.03	0.024	1
"Alg13"	0.0616413146995657	0.251237453870818	0.084	0.071	1
"Fancm"	0.0619574718065979	0.776046327272106	0.01	0.006	1
"Eef1aknmt"	0.0622550679227684	0.403485504065262	0.025	0.018	1
"Siglece"	0.0626267497020541	-0.36226407291994	0.022	0.03	1
"Tedc2"	0.0627877181377279	-0.310863184841359	0.024	0.031	1
"Ap5z1"	0.0628605013613365	-0.264193389939589	0.057	0.069	1
"Mier3"	0.062933306487344	-0.511033062591557	0.016	0.023	1
"Snta1"	0.0629443699485773	0.272662057306366	0.072	0.061	1
"Fam53b"	0.0633411878414153	0.276813700576834	0.057	0.046	1
"Pim2"	0.0633666199530629	0.499206121913282	0.02	0.015	1
"Zmynd19"	0.0634493370789411	0.341769142417603	0.045	0.035	1
"Trmt44"	0.0639437968084507	-0.342582297208197	0.039	0.048	1
"Ifit3b"	0.064085206090456	-0.271490329565474	0.021	0.021	1
"Agk"	0.0646027561378035	0.345855345006485	0.045	0.035	1
"Abcb8"	0.0650125920555626	0.345526450660848	0.037	0.029	1
"Ndor1"	0.0650691972462004	0.296353886972478	0.046	0.038	1
"D6Wsu163e"	0.0651824210751148	0.348558308080243	0.045	0.036	1
"Gsdme"	0.0654299587609619	-0.309542035444189	0.048	0.059	1
"Rbsn"	0.065660673208306	0.278671646797416	0.055	0.046	1
"Smyd3"	0.0657748696327517	0.310236702114284	0.054	0.045	1
"Inpp5f"	0.0658585652229717	-0.268755361844236	0.055	0.067	1
"Slc37a4"	0.0661785308380287	0.258534966858525	0.076	0.064	1
"Mapkbp1"	0.0671871140556682	0.411463227271615	0.021	0.016	1
"Slc5a6"	0.0674971973772328	0.633507213624872	0.014	0.01	1
"Gtf3c4"	0.0677202917802714	0.372514116997419	0.034	0.027	1
"Taf9b"	0.0678094195135371	0.546902863944578	0.017	0.012	1
"Dexi"	0.0678644902991823	0.278730903571125	0.053	0.043	1
"Rpap3"	0.0678668016517625	0.260603473395574	0.05	0.041	1
"Tmem82"	0.0679383062585301	0.5707274192946	0.018	0.012	1
"Sh3rf1"	0.0679770749527126	0.705050697610536	0.013	0.008	1
"Rev1"	0.06800917003397	0.308728880653596	0.054	0.044	1
"Zbtb12"	0.0681207911000729	0.564390290673419	0.018	0.012	1
"Nek8"	0.0683660224915801	-0.785922054771128	0.006	0.011	1
"Ppm1l"	0.068548679902698	0.639383779961542	0.015	0.01	1
"Klra3"	0.0686156744495917	-0.678792180064713	0.006	0.01	1
"Deptor"	0.0687205966180554	0.347203028468231	0.047	0.038	1
"Hexdc"	0.0688531800699363	0.315732689869136	0.055	0.044	1
"Gba2"	0.0689779459917878	-0.289501737549793	0.042	0.051	1
"Ptpn4"	0.0693771555133152	0.494993870626367	0.015	0.011	1
"Mtrf1"	0.0695698016141297	0.388524088073851	0.036	0.027	1
"Atp2a3"	0.0696938249773192	-0.339042808090107	0.031	0.04	1
"Arhgef5"	0.0697404519484965	0.6178506184119	0.016	0.01	1
"Cavin1"	0.0697525527979093	0.576373982435742	0.012	0.009	1
"Chd6"	0.0702347495959538	0.312811898814231	0.052	0.043	1
"Snx33"	0.0704235574092766	0.464016693450981	0.026	0.019	1
"1700008J07Rik"	0.0705220553868428	0.454118232384744	0.02	0.015	1
"Paxbp1"	0.0708166566298849	0.285915907684086	0.065	0.054	1
"Syne2"	0.0709419516453358	0.562215919439081	0.011	0.007	1
"0610010F05Rik"	0.0710879800122613	0.256055140410036	0.048	0.039	1
"Trmt13"	0.0712404418447721	0.290309543061056	0.038	0.03	1
"Zfp729b"	0.0714479589284926	0.418169549822375	0.032	0.024	1
"Paxip1"	0.0718741735173972	0.301475754811102	0.049	0.041	1
"Ptch1"	0.0719760024203648	0.550847105359884	0.016	0.011	1
"Ercc4"	0.0721125605529267	0.331261484599209	0.049	0.039	1
"E430018J23Rik"	0.0721145177126785	0.605436448038204	0.015	0.01	1
"Setdb1"	0.0723608979807429	0.255118629477515	0.072	0.06	1
"Lrsam1"	0.0729990716289839	0.386197160084095	0.022	0.017	1
"Ddx51"	0.0732040710596916	0.379624506160609	0.039	0.03	1
"Tmsb15b2"	0.0733767078146755	0.611797948289642	0.015	0.01	1
"Bicral"	0.0736628113572227	0.305610964884268	0.053	0.043	1
"Kbtbd3"	0.0736833312252344	0.336378254576641	0.049	0.039	1
"Rrn3"	0.0740951400054571	0.282438249770712	0.054	0.045	1
"9430015G10Rik"	0.0743425138767348	0.488732790683773	0.025	0.018	1
"Idua"	0.074423902241229	0.26746719376717	0.074	0.062	1
"Gnb4"	0.0747292666476708	0.315381356836322	0.056	0.045	1
"Zkscan5"	0.0751652375735448	0.556149918739728	0.019	0.013	1
"Erbb3"	0.0753210583667819	-0.623650625872251	0.008	0.013	1
"Cenpu"	0.0755478557944008	0.647651395945142	0.01	0.007	1
"Ccdc77"	0.0756918435955935	0.504619618099646	0.019	0.013	1
"Skp2"	0.0761620790643054	0.408264554204511	0.023	0.018	1
"Gm28901"	0.0762722662773179	-0.445405308220186	0.012	0.017	1
"Gm9949"	0.0766914507671275	-0.443078380230431	0.014	0.02	1
"Msantd2"	0.077022896112886	0.313764836749725	0.03	0.025	1
"Dock1"	0.0771417697462674	0.28615156515617	0.064	0.053	1
"4933439C10Rik"	0.0771849335273363	0.70423492431151	0.011	0.007	1
"AW554918"	0.0772117082416977	-0.363398660709786	0.031	0.039	1
"Ccdc51"	0.0776976325699866	0.404918526324519	0.032	0.025	1
"Gm43305"	0.0783451358596748	0.487380686516492	0.012	0.008	1
"Tmem150a"	0.0784360240485958	0.613848687854404	0.013	0.009	1
"Gm50240"	0.0786724350995249	-0.335260645761564	0.025	0.033	1
"Runx2os1"	0.0787096150738164	0.570313387137678	0.014	0.009	1
"Trmt61b"	0.0787180566984119	0.366248784158778	0.038	0.03	1
"Arl2bp"	0.078807294787681	0.348604383644844	0.042	0.034	1
"Rgp1"	0.0794947145033403	0.336795805405067	0.046	0.037	1
"Wrn"	0.0797388119075933	-0.268061236344591	0.047	0.055	1
"Msh6"	0.0802435566150607	0.382249975567432	0.036	0.028	1
"C730034F03Rik"	0.0809836178700659	-0.484674212723442	0.013	0.019	1
"Braf"	0.0811335903978435	-0.252993985948085	0.065	0.077	1
"1500015A07Rik"	0.0817722245064488	0.486927792134845	0.019	0.014	1
"Ccdc159"	0.0818706664644528	-0.571183205978116	0.008	0.012	1
"Cep128"	0.0822466263884808	0.429460710587311	0.017	0.013	1
"D10Wsu102e"	0.0823160346536214	0.262092194870068	0.055	0.045	1
"Phtf1"	0.0823202395486215	0.266617933470945	0.058	0.049	1
"Noxo1"	0.0823785080860191	0.68280606025267	0.011	0.007	1
"Prmt7"	0.0827495812865618	0.306715186290695	0.054	0.044	1
"Dvl3"	0.082792806113392	0.336795805405067	0.046	0.037	1
"Insr"	0.0830600526634592	0.28986985340228	0.046	0.037	1
"Tmcc2"	0.0832554158112802	0.523359983622059	0.018	0.013	1
"Gm12166"	0.0839617657343198	0.32699945774505	0.032	0.027	1
"Amacr"	0.0842278731417204	0.394444194576933	0.032	0.024	1
"Dnmt3l"	0.0843196474776328	-0.269867804512481	0.031	0.039	1
"Ralgps1"	0.0846966980287597	-0.320164176301164	0.039	0.049	1
"D3Ertd751e"	0.0850129451160009	0.530154710206784	0.019	0.013	1
"Dcaf17"	0.0850315307394662	0.275027081102819	0.056	0.047	1
"Mtrr"	0.0851900354359025	0.306561043970886	0.041	0.034	1
"Ndufaf7"	0.0852555973530773	0.251875798826932	0.067	0.056	1
"Rab3a"	0.0853673003626725	0.347203028468232	0.038	0.029	1
"Snx25"	0.0858576594973347	0.478447561746484	0.024	0.017	1
"Gm10503"	0.0864445121230928	0.496126728981309	0.022	0.016	1
"Rabl3"	0.0868458924118774	0.398277213062501	0.033	0.026	1
"Bco2"	0.0873166531230463	-0.541579492933219	0.006	0.01	1
"Maoa"	0.0873609556840132	0.379624506160608	0.026	0.021	1
"Bcas3"	0.0873822968248281	0.342208118547839	0.035	0.028	1
"E430024I08Rik"	0.0875415201237904	0.446738702019146	0.015	0.012	1
"Zbtb1"	0.0878839338977179	-0.30735106993827	0.043	0.052	1
"Nemp2"	0.0879344595362006	-0.567067097505885	0.011	0.016	1
"Klf16"	0.0882692564181333	0.266429218429029	0.068	0.057	1
"Wdhd1"	0.0885554314754847	0.424370888990691	0.02	0.015	1
"Gm8066"	0.0893027075778434	-0.739674422211736	0.006	0.01	1
"Fbxo8"	0.0894175677826032	0.273714461917947	0.065	0.054	1
"Nlrp1a"	0.089802805957295	-0.364499654525686	0.011	0.015	1
"Ccdc57"	0.0900930574243	0.70423492431151	0.011	0.007	1
"Ube2o"	0.0902049856399789	0.295075906969561	0.044	0.037	1
"Zfp729a"	0.0902487562306847	0.38080443183437	0.029	0.022	1
"Trim23"	0.0903068430531126	0.414317224326768	0.028	0.021	1
"Klhl12"	0.0903681145854339	-0.371108593856101	0.029	0.037	1
"Zfyve16"	0.0912448333370666	0.257396246749593	0.051	0.042	1
"Tdrd3"	0.0918711163889186	0.425677086491316	0.028	0.021	1
"Aldh18a1"	0.0921114293050835	0.351915155817552	0.039	0.03	1
"Sirt5"	0.0921698897586599	0.40693769396117	0.03	0.023	1
"Anxa9"	0.0922880193532457	0.428816794021884	0.017	0.012	1
"Ppfia1"	0.0927120106187156	0.262486919077732	0.068	0.057	1
"Mdk"	0.0931143533995585	0.530154710206784	0.018	0.013	1
"Rttn"	0.0931282986930088	0.539848106410627	0.015	0.011	1
"Ints1"	0.093178189547088	0.264176874898908	0.07	0.059	1
"Kif1a"	0.0933698283066629	-0.723186299423166	0.006	0.01	1
"Cbx6"	0.0936774055132106	0.292016107220504	0.033	0.026	1
"Zfp846"	0.0936827816901743	0.389288429835247	0.033	0.026	1
"Crebzf"	0.0938242665463538	0.31157911873751	0.046	0.038	1
"Zfp146"	0.0938380481331548	0.305077552795556	0.039	0.033	1
"Cdc25a"	0.0939262371423239	0.403237063382559	0.031	0.024	1
"Telo2"	0.0941440900326918	0.283800130892941	0.058	0.048	1
"Rtl5"	0.094454171806171	0.298568253217354	0.049	0.041	1
"Dolk"	0.0949793847643721	0.295075906969561	0.045	0.036	1
"Katnal1"	0.0953745837310959	0.389023204162859	0.02	0.015	1
"Map3k15"	0.0957803850603881	-0.363290354336784	0.016	0.021	1
"Retsat"	0.0964266392453625	0.307575954347521	0.049	0.04	1
"Zfp606"	0.0966158929910307	0.459677757726644	0.023	0.017	1
"4732491K20Rik"	0.0967331783347008	0.545302536502735	0.01	0.008	1
"Nupl2"	0.0975494759032843	0.364276541827173	0.025	0.019	1
"1810044D09Rik"	0.0978030213576261	0.395754773300341	0.03	0.022	1
"Dyrk1b"	0.0979886808201895	0.403237063382559	0.031	0.023	1
"Gtf2ird2"	0.0982605182647511	0.289197425032666	0.017	0.013	1
"Gm33699"	0.0984257828784956	0.260765759344963	0.031	0.027	1
"Gemin8"	0.098882093490028	0.423655088906105	0.025	0.019	1
"Rbm15"	0.099169029509626	0.289971922456119	0.054	0.044	1
"Radx"	0.0993221528099534	0.585258566100574	0.015	0.01	1
"Plekha5"	0.0997152902591946	0.586141758684562	0.016	0.011	1
"Ptgs1"	0.100040480283747	0.255289987890966	0.072	0.062	1
"Csad"	0.100619063074314	0.45281321642883	0.025	0.018	1
"Rab11fip4"	0.100658309474222	-0.723186299423166	0.006	0.01	1
"Hoxb4"	0.101155040701083	-0.329801399687906	0.035	0.044	1
"Alms1"	0.101197380773882	0.532468576045029	0.016	0.011	1
"Inafm2"	0.101198709846155	0.497364775089114	0.018	0.013	1
"Ranbp6"	0.101453337004295	0.650272096104278	0.012	0.008	1
"Lcmt2"	0.101701079542612	0.429665188660204	0.027	0.02	1
"Tada2a"	0.102004963791503	0.363525333770164	0.034	0.027	1
"Bbs9"	0.10233273625094	0.536680827331945	0.018	0.013	1
"Herc3"	0.102338621807291	0.344168968378598	0.04	0.032	1
"Flywch2"	0.102690303041623	-0.431955001758721	0.02	0.026	1
"Rcc1"	0.102708750753529	0.290180924314662	0.053	0.044	1
"Slf2"	0.102999781255621	0.251722719614003	0.064	0.053	1
"Apex2"	0.103060415782583	-0.317026951490775	0.031	0.038	1
"Zfp275"	0.103316654691175	0.446738702019146	0.02	0.015	1
"Cox6b2"	0.104082835261419	-0.388767260352608	0.024	0.032	1
"Uqcc1"	0.10409637609285	0.257468350857407	0.067	0.057	1
"Zfp653"	0.104123319087352	0.341769142417603	0.033	0.026	1
"Pdgfrl"	0.104200588666806	0.36741624935774	0.023	0.019	1
"Hgh1"	0.105317564440749	0.420070751557065	0.028	0.021	1
"Exoc8"	0.105873879558228	0.371970933617174	0.03	0.023	1
"Upp2"	0.106278098360173	0.688939604435774	0.011	0.007	1
"3110056K07Rik"	0.106544562495098	-0.289429602797734	0.038	0.047	1
"Moap1"	0.106728671856608	-0.269209110877977	0.051	0.061	1
"Nos1ap"	0.107009017404163	-0.277948562368624	0.013	0.014	1
"Zbtb18"	0.107352656529601	0.296496066438533	0.05	0.042	1
"Tbc1d12"	0.107617700739936	0.4060967175218	0.029	0.022	1
"Tube1"	0.107664827427029	0.70423492431151	0.01	0.007	1
"Gins3"	0.108293743207472	-0.270327334709355	0.014	0.018	1
"Galm"	0.108519350594715	0.269653909003967	0.055	0.045	1
"Larp1b"	0.108557486546382	0.390704667104818	0.021	0.016	1
"Dffb"	0.108569242124188	-0.380424701118638	0.02	0.026	1
"Bcr"	0.108763084504778	-0.45273442202689	0.016	0.022	1
"A430018G15Rik"	0.110266284017441	-0.536773175192285	0.009	0.013	1
"Rif1"	0.11048378158007	0.260325577788264	0.048	0.041	1
"Nol9"	0.111240162548647	0.278730903571125	0.053	0.044	1
"Krtcap3"	0.111584257927182	-0.709380499898136	0.007	0.011	1
"Mir142hg"	0.11211103976208	-0.446346094064342	0.018	0.024	1
"Ggt5"	0.112368546599148	-0.32855501080616	0.015	0.02	1
"Alg8"	0.112498182233835	0.334364723138992	0.038	0.03	1
"Lmln"	0.112879137393118	0.62473700399714	0.012	0.008	1
"Adcy9"	0.113094576011507	0.532468576045029	0.017	0.011	1
"Pacsin3"	0.113150615867008	-0.645183787421893	0.008	0.012	1
"Igsf3"	0.113180617240497	0.714934812968719	0.01	0.007	1
"Snhg10"	0.113465404813656	0.576373982435742	0.013	0.009	1
"Tkfc"	0.114399957542297	0.299356269227922	0.037	0.03	1
"Polr1a"	0.11459183024952	0.293887213935775	0.052	0.043	1
"Atg2b"	0.114625575996605	0.267768560973827	0.045	0.037	1
"E130307A14Rik"	0.114747824670867	0.406772294701502	0.019	0.014	1
"Gtpbp3"	0.114939069069077	0.282186872675686	0.055	0.046	1
"6330418K02Rik"	0.115071204484474	-0.334447287013656	0.031	0.04	1
"Rab11fip2"	0.115238430708047	0.471829682981976	0.018	0.013	1
"Zfp65"	0.115477744880087	0.293264221357428	0.03	0.026	1
"Klhl18"	0.115656600360029	-0.270327334709356	0.046	0.055	1
"Ttc8"	0.116149722491958	0.330620144272627	0.036	0.029	1
"Gm31728"	0.116835879121956	-0.303283044972506	0.014	0.017	1
"Ermp1"	0.117393421570792	-0.290927059615735	0.043	0.052	1
"Shq1"	0.117939839243433	0.386617709581575	0.03	0.023	1
"Angptl4"	0.118476226790061	-0.476093437458394	0.015	0.021	1
"Galnt10"	0.118787752373155	-0.280242803574438	0.043	0.051	1
"Top3a"	0.119233933436651	-0.26810408124892	0.029	0.034	1
"Nphp3"	0.119620941628557	0.715925334834536	0.01	0.006	1
"Gm14966"	0.119914123711259	-0.29225742737443	0.015	0.019	1
"Zhx3"	0.120615082253832	0.581668282105254	0.011	0.008	1
"9330160F10Rik"	0.121204481040815	-0.53054122148077	0.007	0.01	1
"Hist1h4d"	0.123118792100147	0.446738702019146	0.019	0.015	1
"Tspan32"	0.123253023188661	-0.446976504841639	0.018	0.024	1
"2810002D19Rik"	0.123265724837224	-0.279579647947552	0.014	0.018	1
"Arl14ep"	0.123407940605417	0.252045795427891	0.065	0.055	1
"Myzap"	0.123448591129492	0.446738702019146	0.018	0.013	1
"Dph7"	0.123917033175001	0.326617256497447	0.035	0.028	1
"Pnpla6"	0.124303337518646	0.302348792683971	0.044	0.036	1
"Sepsecs"	0.124450767788817	0.572269584103005	0.015	0.01	1
"Dpy19l4"	0.124621142324187	0.308697761596619	0.05	0.041	1
"Gm12708"	0.125880950050913	-0.518827800916981	0.011	0.016	1
"3110009E18Rik"	0.125943176641123	0.309922012388772	0.041	0.033	1
"Tmem143"	0.126067659717922	0.316970827048817	0.036	0.029	1
"Gm4258"	0.126229173521442	0.503322230385513	0.016	0.011	1
"Tmem265"	0.126774693578199	0.568044998241279	0.013	0.009	1
"Cacnb1"	0.127560347781642	-0.405327868844852	0.012	0.016	1
"Pank4"	0.127565796030462	0.337804330465982	0.032	0.026	1
"Dennd2a"	0.127805946829429	-0.427730415896995	0.018	0.024	1
"Slc10a3"	0.12802767591388	0.257977058563978	0.059	0.049	1
"Cep152"	0.128384799398933	0.354172583283074	0.018	0.013	1
"Car5b"	0.128707882400939	0.25621679596972	0.053	0.045	1
"Izumo4"	0.128731199830128	0.349127905392724	0.032	0.025	1
"Spaca6"	0.12874230168628	-0.394237776858032	0.021	0.028	1
"Suox"	0.129007248136241	-0.424527983858651	0.017	0.023	1
"Acot11"	0.129381991794398	0.403925618480173	0.018	0.013	1
"Dbt"	0.129575084367853	0.415976448248459	0.024	0.018	1
"Slx4"	0.129828856392006	0.257704877629129	0.042	0.036	1
"Sept6"	0.13060622331377	-0.267700323130452	0.045	0.054	1
"Wdr5b"	0.131260841143238	-0.409525820519405	0.012	0.016	1
"Haspin"	0.131294903103852	-0.446346094064342	0.013	0.018	1
"Ccnf"	0.131784521490356	0.520739283462923	0.017	0.012	1
"Cenpv"	0.131936545281786	0.661477550812159	0.01	0.006	1
"Kif9"	0.13268819318346	-0.433679682228181	0.009	0.012	1
"Dtwd1"	0.132744756489926	0.300819163587623	0.043	0.035	1
"Enox2"	0.132942689928718	-0.285065187031281	0.041	0.05	1
"Tfpi"	0.132996730721418	0.483264578044261	0.012	0.009	1
"Ppp1r3e"	0.133668465320265	0.627310947660966	0.011	0.007	1
"Vmac"	0.133695354882118	0.305765074272963	0.031	0.026	1
"Neurl4"	0.134019229302664	0.251187892901338	0.04	0.033	1
"Dennd5b"	0.134085000632691	0.664739354238437	0.013	0.008	1
"Pds5b"	0.134759461775053	0.321207819935287	0.037	0.03	1
"Celf4"	0.135338262692533	-0.519313966057516	0.008	0.012	1
"Zmat3"	0.135507698168208	0.266030024863593	0.063	0.054	1
"Slc22a15"	0.136276749494865	-0.369549344808466	0.024	0.031	1
"Txnl4b"	0.136416970803888	-0.451884277605772	0.015	0.02	1
"Zfyve1"	0.137679249577345	0.308622438807509	0.045	0.037	1
"Zkscan8"	0.13850622068536	0.435511446595892	0.012	0.01	1
"Mylpf"	0.13903680103216	-0.45619388002069	0.015	0.021	1
"Pdgfrb"	0.139137234130298	0.454118232384744	0.021	0.015	1
"Tmem116"	0.140264688607514	0.55567307357231	0.011	0.008	1
"Prim2"	0.141571157309118	-0.251117855107944	0.054	0.063	1
"Gm12319"	0.141694524621002	0.333528091571155	0.031	0.025	1
"Tmc4"	0.142534673555244	-0.281181752544053	0.01	0.012	1
"Gnb1l"	0.142979196659548	0.389707756982767	0.026	0.02	1
"Ovca2"	0.143126049627632	-0.410303344138812	0.011	0.014	1
"Zmat1"	0.143522071993397	-0.441292866338057	0.016	0.021	1
"Evi2"	0.143872319556601	-0.393878674170206	0.02	0.027	1
"Mis18bp1"	0.144384417767454	0.497364775089114	0.018	0.013	1
"Klhl25"	0.145186006719556	0.266006945620251	0.055	0.046	1
"Gm14636"	0.145229329732003	-0.317448360882084	0.037	0.045	1
"Det1"	0.145454848547881	0.274469760108534	0.043	0.036	1
"E230016M11Rik"	0.145510164516233	0.589696655861188	0.011	0.007	1
"Nek1"	0.14580722101591	0.276813700576834	0.03	0.024	1
"Mbd5"	0.145891908435558	-0.2981647115717	0.03	0.037	1
"Lratd2"	0.146466641686206	0.432932902494115	0.022	0.016	1
"Zfp12"	0.146731341365081	0.394899770499528	0.025	0.02	1
"Sh3bp4"	0.146957975916318	-0.258184422742922	0.035	0.043	1
"Trim62"	0.14791852766581	-0.275727322451946	0.023	0.028	1
"Nthl1"	0.147992539740525	0.339823498102634	0.034	0.027	1
"Ice2"	0.148942714633761	0.453691462660912	0.021	0.016	1
"Cep57l1"	0.14934180278494	0.49701190850037	0.015	0.011	1
"Cbwd1"	0.14975737269743	0.291853100040974	0.046	0.038	1
"Cdk5rap1"	0.150832614726094	-0.347170688973507	0.016	0.021	1
"Brwd3"	0.151084439901431	-0.257522727074354	0.048	0.057	1
"Zfp318"	0.15205106402212	0.262314130881719	0.055	0.046	1
"Map3k9"	0.152649192193201	0.373675239829423	0.016	0.013	1
"Trp53bp1"	0.153188283875373	0.272487775174044	0.046	0.039	1
"BC024978"	0.153756494862041	0.383122602723174	0.026	0.02	1
"Atad5"	0.154160003619584	0.376349374127748	0.015	0.011	1
"Mars2"	0.154693357663913	0.387845012965577	0.015	0.012	1
"Xlr4b"	0.154816458336196	-0.29022689214706	0.009	0.012	1
"Map1b"	0.155134565239069	0.301061246823512	0.015	0.014	1
"Twnk"	0.155255878530505	0.366007429906289	0.028	0.023	1
"1700056E22Rik"	0.155744513154263	0.477112351062665	0.015	0.011	1
"3110001I22Rik"	0.155955898141332	-0.318202464808246	0.03	0.038	1
"Pop1"	0.15605905351537	0.530570292822617	0.013	0.009	1
"Sept1"	0.156613970950703	0.411114792288425	0.011	0.008	1
"Cdc6"	0.156771815490206	-0.3821493815881	0.015	0.021	1
"Tshz1"	0.156809527677456	-0.372689052339033	0.015	0.018	1
"9230116N13Rik"	0.158025165135563	-0.436305151635005	0.013	0.017	1
"Nudcd1"	0.158336594795682	0.273970950808009	0.036	0.029	1
"Zscan22"	0.158501760960081	0.352762553810132	0.022	0.017	1
"Rnf113a1"	0.159504024895873	0.407210337832509	0.023	0.017	1
"Fchsd1"	0.159596398787227	-0.311555401587571	0.029	0.037	1
"2810402E24Rik"	0.160109544333633	0.284308237123757	0.04	0.034	1
"Rdh5"	0.161132173811211	-0.254476867197859	0.03	0.035	1
"Abcd2"	0.161436052122751	-0.261080546487544	0.036	0.044	1
"E030030I06Rik"	0.16193607707047	-0.270418411066879	0.041	0.05	1
"Prepl"	0.161956874229021	0.341519389964649	0.032	0.025	1
"Kif16b"	0.162638785276235	0.267935549230381	0.044	0.038	1
"Adat1"	0.16407430139776	0.581668282105254	0.012	0.008	1
"Clec11a"	0.164125082636523	0.618505050285626	0.01	0.007	1
"Ptpn21"	0.164125082636532	0.618505050285626	0.01	0.007	1
"Ercc6l2"	0.164161647759764	0.271031347982827	0.035	0.029	1
"2610008E11Rik"	0.16563998085886	0.321207819935287	0.018	0.015	1
"Accs"	0.166175951600853	0.351161042036915	0.03	0.024	1
"St3gal6"	0.166355195912461	0.434961534242792	0.023	0.017	1
"Gm15726"	0.166595439381316	0.65232283566904	0.011	0.007	1
"Afmid"	0.166619956546438	-0.360616220038458	0.02	0.026	1
"Csrnp2"	0.16673086611326	0.431141846968127	0.01	0.007	1
"Proser3"	0.166859983245011	-0.337532606925417	0.011	0.014	1
"Dab2ip"	0.166952241687812	0.517821800080628	0.01	0.008	1
"Prdm10"	0.168154914819733	0.333397228943201	0.022	0.017	1
"Jazf1"	0.168349308247918	0.54458602541729	0.013	0.009	1
"Rap1gap2"	0.168733094310946	0.266870897329254	0.05	0.042	1
"Abcg3"	0.170203979731072	-0.597655417339307	0.008	0.012	1
"Alg2"	0.171278483245599	0.261523829552238	0.047	0.039	1
"Lsm14b"	0.171395965369114	0.279094641828072	0.044	0.037	1
"Dhx29"	0.171723008111733	0.253730087463792	0.052	0.044	1
"D130040H23Rik"	0.173513012743483	-0.477710264973677	0.01	0.014	1
"Gpr155"	0.17439816136368	0.422891960064779	0.019	0.014	1
"Gm11273"	0.175315572225139	0.487380686516492	0.011	0.008	1
"Sec22c"	0.175443154156937	0.378351727038896	0.021	0.016	1
"Zfp1"	0.175531070957618	0.302348792683971	0.032	0.025	1
"Zfp518a"	0.175885902273278	0.2862740298259	0.032	0.026	1
"Zfp189"	0.175950848126339	0.562215919439081	0.01	0.007	1
"Ap4m1"	0.176654097679931	0.289197425032666	0.041	0.034	1
"Zadh2"	0.176757840745345	-0.273575651596897	0.039	0.046	1
"Fry"	0.177037179156914	0.295796803944406	0.042	0.035	1
"Ctdspl"	0.177455029388314	0.572269584103005	0.012	0.008	1
"Bicdl1"	0.17785156164273	0.588757706891574	0.01	0.007	1
"Gm16201"	0.178806909454884	0.25409362407675	0.012	0.011	1
"Lrp8"	0.17901922016808	0.410669447311625	0.016	0.012	1
"D330050I16Rik"	0.179296162970877	0.473210913380337	0.011	0.008	1
"Aldh1l1"	0.180232653458855	0.437636494911894	0.016	0.012	1
"Gm13840"	0.181473868654937	-0.534152475033149	0.008	0.011	1
"Zcchc3"	0.181771553373693	-0.379231898205805	0.018	0.024	1
"Cbx7"	0.181873477345895	-0.330868876644407	0.026	0.033	1
"Stard4"	0.185062251386313	0.27153875853616	0.038	0.031	1
"Cyb5rl"	0.18550628434555	0.428816794021884	0.017	0.013	1
"Gm42670"	0.185703803737461	0.501600637053664	0.014	0.01	1
"Mtbp"	0.186166456984822	0.493131607503598	0.015	0.011	1
"Nanp"	0.186557409827914	0.300660442531201	0.038	0.031	1
"Pidd1"	0.188308716629869	0.55567307357231	0.012	0.008	1
"Pex12"	0.188551015490604	0.345098440143308	0.029	0.023	1
"Ccdc181"	0.188941977303251	0.284009201981037	0.042	0.035	1
"Wdr25"	0.190468749943104	0.328344001216916	0.016	0.013	1
"Rps6ka5"	0.190544137276915	-0.329365286054018	0.025	0.032	1
"Clec4b1"	0.190700205588444	-0.463464627630208	0.014	0.019	1
"Extl2"	0.191045321629197	0.250341489215642	0.044	0.038	1
"Cfap126"	0.1919819093597	-0.360616220038458	0.013	0.016	1
"Bcl9"	0.192129714156584	-0.309269340038238	0.03	0.036	1
"4921531C22Rik"	0.19218411388961	-0.470799137788881	0.012	0.016	1
"Dnhd1"	0.19337782489104	-0.446346094064342	0.008	0.012	1
"Zfp959"	0.193735922421028	-0.259902355290262	0.025	0.03	1
"Zfp738"	0.194944030690471	-0.286867880057145	0.027	0.033	1
"2610306M01Rik"	0.196081267673253	0.321207819935287	0.021	0.016	1
"1700030J22Rik"	0.196542638194464	-0.420623529402736	0.008	0.011	1
"Lins1"	0.197296628953692	0.374226202234778	0.021	0.016	1
"Trp53cor1"	0.198217347377421	-0.572626622847785	0.008	0.011	1
"Ahcy"	0.198346423440637	0.308383779577703	0.033	0.027	1
"Epm2aip1"	0.19990958185297	0.380243290232239	0.022	0.017	1
"Slc43a3"	0.199950084689544	-0.401258204535804	0.016	0.021	1
"Tbc1d31"	0.200309098138613	0.276813700576834	0.026	0.022	1
"Heatr5b"	0.200855301341783	0.271296695609268	0.036	0.03	1
"Rad54l2"	0.202023628807523	0.25569040901108	0.047	0.039	1
"Ppp2r3a"	0.20283757323432	0.303780748177103	0.015	0.012	1
"Vwf"	0.203097243441346	0.284987632022533	0.024	0.019	1
"Grk4"	0.203098803831649	0.458420507066781	0.012	0.009	1
"Dhx37"	0.204824037077424	0.333844645613213	0.018	0.014	1
"Lrrc20"	0.204959606775696	-0.360616220038459	0.018	0.022	1
"Nxpe3"	0.206519925236676	-0.382642526368457	0.013	0.018	1
"Bbs2"	0.206555657243298	-0.442004546879113	0.013	0.018	1
"Gm17251"	0.207179012508303	0.255440049784267	0.028	0.024	1
"Bdh1"	0.207390332080693	-0.465798456730515	0.01	0.015	1
"1110019D14Rik"	0.207958524618287	-0.420623529402736	0.015	0.02	1
"Lonrf1"	0.20803421493729	0.265131895529198	0.043	0.036	1
"Morn4"	0.208352484838717	0.344717765078637	0.025	0.019	1
"Trp53inp1"	0.210256465752085	0.273673993046266	0.029	0.026	1
"Amd2"	0.210368231154957	-0.341315664079522	0.018	0.023	1
"Gm17494"	0.210935145772477	0.273753900827776	0.031	0.025	1
"E2f8"	0.211804358091996	0.559213431277559	0.012	0.008	1
"Zfp955b"	0.213273876240948	0.299462439522034	0.023	0.018	1
"Klhdc1"	0.213629744377567	0.390704667104818	0.021	0.016	1
"Yod1"	0.213993811558017	0.429460710587311	0.017	0.013	1
"Mettl15"	0.214091679729485	0.446738702019146	0.013	0.01	1
"Pus10"	0.21493568105971	0.272060170606199	0.042	0.035	1
"Ust"	0.215852462767647	0.458420507066781	0.013	0.009	1
"Zfp111"	0.216533262706675	0.350814282020611	0.017	0.013	1
"B3gntl1"	0.216875430017537	0.362469785121543	0.027	0.022	1
"Rbm4b"	0.218672970539373	-0.285377492485665	0.031	0.038	1
"Poglut2"	0.21946890499877	0.267595170547454	0.044	0.037	1
"Ehd2"	0.219816543287841	-0.364105206118339	0.012	0.014	1
"Rrm2b"	0.220089800668605	0.292016107220504	0.033	0.027	1
"Hdac10"	0.220932470660046	0.272709302244096	0.025	0.021	1
"Zfp583"	0.221639542231068	-0.337532606925417	0.011	0.014	1
"Cstdc4"	0.223963461484271	-0.696050169485653	0.013	0.017	1
"Zfp329"	0.223963478697025	-0.255875387356284	0.032	0.038	1
"Zfyve28"	0.224742570401172	0.359275860768807	0.01	0.008	1
"Galnt4"	0.225274130718094	0.333081920223578	0.026	0.021	1
"Fastkd1"	0.225505761284869	0.352411319470994	0.023	0.018	1
"Smyd4"	0.226083186058276	0.310906899245242	0.032	0.027	1
"Fam117a"	0.226732283132037	-0.365292707247931	0.018	0.024	1
"Dancr"	0.227633996203053	0.352762553810132	0.022	0.017	1
"Tmem177"	0.227943809488344	0.332847735491161	0.029	0.023	1
"Plcd3"	0.229413757594763	-0.394563551961796	0.007	0.01	1
"Mrnip"	0.229643704676321	0.370240564545102	0.021	0.016	1
"Rhbdf1"	0.230916717747966	0.400196116082116	0.013	0.01	1
"Eogt"	0.231214178553354	0.250818492043889	0.046	0.039	1
"Lig3"	0.232586040006734	0.279564311592868	0.037	0.031	1
"Cep131"	0.233980058503964	0.336456647004235	0.022	0.017	1
"Dkk2"	0.234876220541099	-0.349727903895722	0.013	0.018	1
"Ttf2"	0.235207033794308	0.31924896689723	0.019	0.015	1
"Col20a1"	0.235471261723719	-0.367042489197891	0.013	0.017	1
"Zmym3"	0.235521120881599	0.251958511890558	0.045	0.037	1
"Apbb1"	0.235721983832558	-0.370170526751707	0.018	0.022	1
"Zfp28"	0.235959442012386	0.276813700576834	0.028	0.024	1
"Prorp"	0.236544771650834	0.341385701872917	0.021	0.017	1
"Slfn3"	0.237180055911378	-0.322648369839437	0.009	0.012	1
"Rmdn2"	0.238514596863545	0.494044416797503	0.013	0.009	1
"Dgke"	0.238966874689867	0.373276540078125	0.013	0.011	1
"Zfp874b"	0.23974002261793	0.432932902494115	0.011	0.008	1
"Pla2g6"	0.240161409971166	0.273829842138012	0.033	0.028	1
"Gm17066"	0.240461522866132	-0.334621011505513	0.02	0.026	1
"Gm3448"	0.241372626462107	0.379624506160608	0.013	0.01	1
"Dner"	0.241536610268333	0.347203028468232	0.023	0.018	1
"Zscan2"	0.24155512632674	0.435511446595892	0.013	0.01	1
"Mtrf1l"	0.241749864410319	0.268200570272126	0.034	0.029	1
"Meak7"	0.242044793876557	0.313155547640553	0.028	0.022	1
"Pus3"	0.243044659998411	0.254690889678693	0.031	0.027	1
"2310040G24Rik"	0.243392421007076	0.270888866619728	0.034	0.028	1
"Myo10"	0.243753343677869	0.367011509548412	0.017	0.014	1
"Dnmt3b"	0.243784643336596	0.3978291015382	0.012	0.009	1
"BC002059"	0.244831581618775	-0.401258204535804	0.014	0.018	1
"Zfp788"	0.244844548456671	0.31976584576138	0.026	0.021	1
"Hinfp"	0.245408940972472	0.268776381511415	0.037	0.031	1
"Zfp575"	0.245959604089907	-0.468372400394341	0.007	0.01	1
"Nek4"	0.246183256105828	-0.31510156078609	0.024	0.029	1
"Ppm1j"	0.246357158816887	0.471829682981976	0.012	0.009	1
"Fam57a"	0.247035663026463	0.333081920223578	0.026	0.021	1
"Miga2"	0.248087886691474	0.364276541827173	0.018	0.014	1
"Hk1os"	0.248265854058967	-0.263754680785869	0.018	0.021	1
"Rnf122"	0.248461854284322	-0.274107226783784	0.017	0.021	1
"Tmem263"	0.250004422333487	0.409263996600483	0.016	0.012	1
"Gm4285"	0.251026494752867	-0.266957112824214	0.032	0.038	1
"Gm26782"	0.253009201470648	0.318154495957732	0.025	0.02	1
"Armh3"	0.254986157391276	0.27153875853616	0.038	0.032	1
"Hyls1"	0.257713153857849	-0.437784080560919	0.011	0.015	1
"Zfp972"	0.258535674824246	0.485212849833782	0.012	0.009	1
"Pcbp4"	0.26132632271353	-0.338522449187841	0.02	0.024	1
"3010003L21Rik"	0.262630297705535	0.539848106410627	0.01	0.006	1
"Shisa4"	0.262704698671615	-0.407410431517399	0.008	0.011	1
"Gm42047"	0.263547676284495	0.256795806999876	0.033	0.029	1
"Rfx3"	0.264083399704645	-0.377411462581437	0.013	0.016	1
"Ccdc138"	0.265511090581714	-0.279399861662704	0.022	0.027	1
"Zscan25"	0.265637691790308	0.256493716197238	0.04	0.033	1
"Slc9a4"	0.267497116064401	0.347203028468232	0.012	0.009	1
"Pcsk4"	0.269433918149679	0.460413638916222	0.011	0.008	1
"Cdc7"	0.270496517895759	0.471829682981976	0.012	0.009	1
"Tmem186"	0.270822413150182	0.378834637517342	0.018	0.013	1
"Zfp628"	0.271623649861111	0.251722719614003	0.04	0.034	1
"Prpf40b"	0.272154338407026	-0.281587973873187	0.014	0.017	1
"Ttll3"	0.273465840593976	-0.30172253098489	0.011	0.013	1
"Szt2"	0.273618133805917	-0.258518032419722	0.024	0.029	1
"Zfp526"	0.273801005663627	0.416365052975627	0.01	0.007	1
"Cnst"	0.274488007913838	-0.302199533813137	0.023	0.028	1
"Usp31"	0.274617341939387	0.33222682089544	0.024	0.019	1
"Med18"	0.275621598168277	0.273500966535998	0.031	0.026	1
"Polh"	0.276645971586591	0.418169549822375	0.016	0.012	1
"Zfp119b"	0.276862326709584	0.474753078188742	0.011	0.008	1
"Wdr90"	0.278884797197348	0.446738702019146	0.011	0.009	1
"Taf9"	0.283086189931255	0.261183048863069	0.032	0.027	1
"Trim24"	0.285461461199699	0.321207819935287	0.025	0.02	1
"Gm43661"	0.285466977191577	-0.300495227600887	0.008	0.01	1
"Fbxl18"	0.285678106361891	0.276813700576834	0.028	0.023	1
"Gm26910"	0.286155775327691	0.446738702019146	0.01	0.007	1
"Zscan12"	0.286438682905645	0.276813700576834	0.029	0.024	1
"Gm20939"	0.287156442047158	0.251722719614003	0.016	0.013	1
"Gm20544"	0.287767993227231	-0.431005547929856	0.008	0.011	1
"1700006J14Rik"	0.287823788472849	0.332406026540151	0.02	0.016	1
"Kcnj2"	0.288156339411677	0.414317224326768	0.014	0.01	1
"Hmgn3"	0.289028262613938	0.276813700576834	0.034	0.028	1
"Gm15441"	0.289855296430101	-0.264857237233027	0.023	0.028	1
"Gpr19"	0.289857516592406	-0.491860753316711	0.007	0.011	1
"Dok4"	0.290627623380445	-0.251880580497578	0.026	0.031	1
"6720489N17Rik"	0.290727555177104	-0.285565514777197	0.02	0.024	1
"Flnb"	0.296384167820364	0.276813700576834	0.027	0.023	1
"Tyw3"	0.296392245226809	0.364276541827173	0.01	0.008	1
"Cd300e"	0.296428716987288	0.565383198517765	0.01	0.007	1
"Inpp4b"	0.298481247597237	0.319626784115806	0.024	0.019	1
"A930006K02Rik"	0.298484586758152	-0.285065187031281	0.012	0.015	1
"Zkscan1"	0.300447917273481	0.273753900827776	0.033	0.027	1
"Thtpa"	0.302082971114336	0.258198022409487	0.033	0.027	1
"Aplp1"	0.304704527013453	0.308032431187554	0.023	0.019	1
"Afap1"	0.305850567269767	0.34330911236374	0.015	0.012	1
"Kctd7"	0.306224890935336	0.434961534242792	0.013	0.01	1
"6430531B16Rik"	0.306691996592132	0.458420507066781	0.012	0.009	1
"Chtf18"	0.306693686835961	0.409263996600483	0.012	0.009	1
"Angel1"	0.308448272379121	0.492542391632271	0.01	0.007	1
"Caskin2"	0.309873733585977	-0.388767260352608	0.012	0.016	1
"Fam102a"	0.310041884068398	-0.29576507568849	0.016	0.02	1
"Oxnad1"	0.310517218516878	0.253097631603025	0.038	0.032	1
"2010013B24Rik"	0.314974474424533	-0.272524890413601	0.009	0.01	1
"Brpf3"	0.315106752649976	0.330163125169768	0.021	0.017	1
"Snai1"	0.31591797995611	-0.3821493815881	0.007	0.01	1
"Paip2b"	0.316303841748215	0.290619500101864	0.029	0.024	1
"Large1"	0.317231787853184	0.41197328385847	0.016	0.013	1
"Rexo5"	0.318195156324985	0.460413638916222	0.011	0.008	1
"Zfp101"	0.319109152901693	-0.308148800144322	0.008	0.011	1
"Gm49463"	0.319956845712761	0.310534318420835	0.021	0.017	1
"Zfp54"	0.32073097732719	-0.405704109566996	0.011	0.015	1
"Gm20522"	0.322166174717934	-0.300495227600887	0.009	0.011	1
"Gtdc1"	0.322758061489644	-0.262850453215755	0.028	0.033	1
"Gm16062"	0.323510037308201	0.316342064763471	0.016	0.012	1
"Elovl6"	0.323648014674824	0.370789848785847	0.016	0.012	1
"Zscan20"	0.32531669785206	-0.284074665165464	0.009	0.012	1
"Ano8"	0.325723242144382	-0.367042489197891	0.013	0.017	1
"2700038G22Rik"	0.326054193633977	0.29421674683828	0.028	0.023	1
"Sept2"	0.329338805569919	0.252796819458299	0.029	0.024	1
"Arhgap23"	0.329965591898202	-0.259902355290262	0.026	0.032	1
"Zbtb3"	0.330845721002684	-0.275727322451945	0.01	0.013	1
"Ncaph"	0.331026282313594	0.290619500101864	0.014	0.012	1
"Oxsm"	0.331946958159382	-0.282613708037185	0.016	0.02	1
"Pwwp2a"	0.335225422469008	0.267290926458327	0.031	0.026	1
"Wdpcp"	0.336799270972097	0.474753078188742	0.011	0.008	1
"Ankrd26"	0.340369471177795	0.261955741849721	0.033	0.028	1
"Gm46430"	0.341326948788267	0.404303435698749	0.014	0.011	1
"2610301B20Rik"	0.341417585307065	0.276813700576834	0.026	0.021	1
"Slc19a2"	0.34158044109964	0.276813700576834	0.024	0.02	1
"Lrrc49"	0.342125495314178	0.252091271165603	0.028	0.024	1
"Gm15446"	0.342176573352703	0.296496066438533	0.026	0.021	1
"Engase"	0.342667213438177	0.33126148459921	0.015	0.012	1
"Fancc"	0.342667213438567	0.33126148459921	0.015	0.012	1
"Gm14154"	0.34387076006712	-0.477025712153769	0.007	0.01	1
"Gm27003"	0.34791224888268	-0.468372400394341	0.007	0.01	1
"1700123M08Rik"	0.34972495301841	0.389707756982767	0.013	0.01	1
"Mmab"	0.350513572937807	0.295872036392518	0.026	0.021	1
"Dtwd2"	0.351867191667991	0.2862740298259	0.01	0.009	1
"A130010J15Rik"	0.352156540767059	0.26584258275583	0.027	0.023	1
"Polr1b"	0.353107492409566	0.303780748177103	0.015	0.012	1
"Mtus2"	0.353468661847853	-0.314073634101428	0.01	0.013	1
"Zfp280b"	0.353842054676397	0.392290917996769	0.011	0.008	1
"Vars2"	0.354130181814888	0.298640063030012	0.023	0.019	1
"Fam135a"	0.356072088231728	0.334845821948249	0.02	0.016	1
"Zfp677"	0.357253856783892	-0.25558074934017	0.025	0.03	1
"Sass6"	0.357768873263307	0.281884690124255	0.02	0.016	1
"Fut4"	0.359083047450117	-0.310176481491305	0.016	0.02	1
"Gm40723"	0.360814065017337	0.362205191807478	0.012	0.01	1
"Gtf2e1"	0.361787990771691	0.269653909003967	0.028	0.023	1
"Lysmd1"	0.362572785262248	0.271167137435691	0.018	0.014	1
"Ccl25"	0.365545873434226	0.280860533639535	0.024	0.021	1
"Gm29340"	0.365583233846261	0.338214245240977	0.013	0.011	1
"Wdr59"	0.370497364553425	0.305382852773604	0.021	0.017	1
"5430403G16Rik"	0.372822006306759	0.376349374127748	0.015	0.011	1
"Gm8797"	0.376052894842898	0.373276540078125	0.014	0.011	1
"Pigl"	0.377914207338212	0.300349215037623	0.022	0.018	1
"Hexim2"	0.378775419386088	0.290110523190291	0.023	0.019	1
"Plekhf1"	0.37993044749453	0.33452919843312	0.014	0.011	1
"Flrt3"	0.381104589676791	0.337804330465982	0.025	0.021	1
"9330020H09Rik"	0.387131080579978	0.267415002574584	0.021	0.018	1
"Agbl5"	0.389969222739455	0.276813700576834	0.019	0.016	1
"C430049B03Rik"	0.390109814592562	-0.312721529934146	0.014	0.017	1
"Zfp316"	0.390827051034034	0.26287450961896	0.021	0.017	1
"Hdac6"	0.391712676582061	0.281001497540267	0.024	0.02	1
"Tango6"	0.396101163823488	0.385338157355002	0.01	0.007	1
"Zfp141"	0.396440740557147	0.329925037036396	0.017	0.014	1
"Ccdc180"	0.397071334893378	0.304294436998941	0.01	0.009	1
"Rflnb"	0.399066393358653	-0.451381683961641	0.007	0.01	1
"AI429214"	0.403874107211971	0.418169549822375	0.01	0.008	1
"Slc20a2"	0.403960285079346	0.281315092811774	0.022	0.018	1
"Taf5"	0.405077717190579	-0.293874669162205	0.016	0.02	1
"Rbm41"	0.406803212682687	-0.344674676169437	0.008	0.01	1
"Mindy4"	0.406911544507653	-0.339857659871661	0.008	0.011	1
"Rtkn"	0.4069675299841	-0.335260645761563	0.009	0.011	1
"Gm19391"	0.407821090841349	-0.315101560786089	0.015	0.018	1
"Traf4"	0.419375926470955	0.409263996600483	0.016	0.014	1
"Gm9856"	0.431268645745898	0.304719697146718	0.018	0.015	1
"Sh3d19"	0.433496815043237	0.256407489914996	0.024	0.021	1
"Fam71f2"	0.435489259692279	0.409263996600483	0.011	0.008	1
"Lss"	0.43902749385196	0.287082036030661	0.02	0.016	1
"Wdr76"	0.440799803408472	-0.266231411078081	0.02	0.024	1
"Hist1h1d"	0.447751012737745	0.340944037996548	0.01	0.008	1
"Zfp961"	0.453760794252456	-0.256060288995868	0.02	0.024	1
"Serpini1"	0.454243049415616	-0.300953298740119	0.014	0.017	1
"Suv39h2"	0.454270703257448	0.385338157355002	0.01	0.007	1
"Ift80"	0.454338438015805	0.298840006906833	0.018	0.015	1
"Zfp182"	0.456755851766112	-0.272524890413601	0.017	0.021	1
"Mybpc3"	0.466985936731777	-0.408312962069755	0.007	0.01	1
"Lrrc75a"	0.475634166814675	-0.388202051710358	0.008	0.01	1
"Kbtbd7"	0.476184248615691	0.270581746865319	0.016	0.013	1
"Zfp60"	0.478749727015627	0.31108360266158	0.015	0.012	1
"Vsig10"	0.479078943381246	-0.256060288995868	0.01	0.012	1
"9230114K14Rik"	0.483698737357985	-0.355815233774637	0.009	0.011	1
"Fam149a"	0.486427677454324	0.362205191807478	0.011	0.009	1
"C5ar2"	0.486436762891351	-0.282613708037185	0.008	0.01	1
"4833418N02Rik"	0.487224364642401	-0.360616220038459	0.009	0.011	1
"Mfsd4b5"	0.490069977473949	-0.351217522036208	0.009	0.012	1
"Gm50012"	0.494279638670503	-0.348441506092356	0.01	0.013	1
"Ubox5"	0.494368360013797	-0.338522449187841	0.01	0.013	1
"Pfkfb2"	0.496997739322739	0.297875316104663	0.01	0.008	1
"Enpp4"	0.501293270133701	-0.257805414454683	0.017	0.02	1
"M1ap"	0.502579742284596	0.259535709144998	0.017	0.014	1
"Cep76"	0.50636078174523	-0.268284339266383	0.011	0.013	1
"Zfp113"	0.525817157575077	0.276813700576834	0.015	0.013	1
"Zfp770"	0.52971332024258	0.31157911873751	0.012	0.009	1
"Swsap1"	0.53035187972687	0.33126148459921	0.012	0.009	1
"Fam187b"	0.53107126398664	-0.253701016121946	0.015	0.018	1
"Gm37305"	0.533944920493744	-0.360616220038458	0.007	0.01	1
"Gm26759"	0.540409761337125	-0.344674676169437	0.008	0.01	1
"2900060B14Rik"	0.547205075157579	-0.269468331980264	0.016	0.018	1
"C430042M11Rik"	0.548136382046173	-0.322648369839437	0.009	0.011	1
"Txlnb"	0.550873636766319	-0.30172253098489	0.01	0.013	1
"Klhl8"	0.554227884523962	-0.311555401587571	0.01	0.012	1
"Gm34455"	0.568456986717719	0.251722719614003	0.015	0.013	1
"Galnt3"	0.588710535513858	0.263138763679757	0.015	0.012	1
"2810408I11Rik"	0.594621557014775	0.261383660007228	0.012	0.011	1
"Gm21814"	0.600440247125329	-0.300495227600887	0.009	0.011	1
"Gm4924"	0.611802355954236	-0.31225319847706	0.008	0.01	1
"Zfp947"	0.61521363082301	-0.29022689214706	0.01	0.012	1
"Wdr35"	0.632199194683236	0.261383660007228	0.013	0.011	1
"Shank1"	0.677931837401008	-0.258518032419722	0.01	0.012	1
"Slc29a2"	0.715375948571936	0.256055140410036	0.01	0.008	1
