Barcode,Cell Type
PBS_AAACCTGCAAGGTTTC-1,Monocytes
PBS_AAACCTGGTCTAGCGC-1,Monocytes
PBS_AAACCTGTCACTTACT-1,Monocytes
PBS_AAACCTGTCAGCGATT-1,Monocytes
PBS_AAACCTGTCAGCTGGC-1,Macrophages
PBS_AAACCTGTCGGCTTGG-1,Macrophages
PBS_AAACGGGAGATGCCAG-1,Monocytes
PBS_AAACGGGTCGGATGTT-1,Monocytes
PBS_AAACGGGTCTCTGAGA-1,Monocytes
PBS_AAAGATGTCACCTTAT-1,Monocytes
PBS_AAAGCAAAGACCCACC-1,Macrophages
PBS_AAAGCAAAGCGTGAAC-1,Monocytes
PBS_AAAGCAACAGGGTATG-1,Macrophages
PBS_AAAGCAAGTTGTCTTT-1,Monocytes
PBS_AAAGTAGCAGATGGGT-1,Monocytes
PBS_AAAGTAGGTATCGCAT-1,T cells
PBS_AAAGTAGGTGTGAATA-1,Monocytes
PBS_AAATGCCAGAGTGACC-1,NK cells
PBS_AAATGCCAGTAGCGGT-1,T cells
PBS_AAATGCCTCCTTTCTC-1,Monocytes
PBS_AAATGCCTCTTCTGGC-1,Monocytes
PBS_AAATGCCTCTTTAGGG-1,Monocytes
PBS_AACACGTGTTCCACAA-1,Monocytes
PBS_AACACGTTCGCATGAT-1,Macrophages
PBS_AACCATGTCAAACCGT-1,Granulocytes
PBS_AACCATGTCAGCTCGG-1,Monocytes
PBS_AACCGCGAGCTAGTTC-1,Dendritic cells
PBS_AACCGCGAGTTGTCGT-1,Monocytes
PBS_AACCGCGTCCAACCAA-1,T cells
PBS_AACGTTGGTACTTGAC-1,Granulocytes
PBS_AACGTTGGTCGAATCT-1,B cells
PBS_AACGTTGTCTTACCGC-1,Macrophages
PBS_AACTCCCGTTGACGTT-1,Monocytes
PBS_AACTCCCTCGCGGATC-1,Macrophages
PBS_AACTCTTAGGTGACCA-1,Monocytes
PBS_AACTGGTAGTGGTAGC-1,Monocytes
PBS_AACTGGTCAAGCGTAG-1,Monocytes
PBS_AACTGGTGTAAATGTG-1,Macrophages
PBS_AACTGGTTCACCTTAT-1,Monocytes
PBS_AACTTTCCACTCAGGC-1,Macrophages
PBS_AACTTTCGTATTCTCT-1,Monocytes
PBS_AACTTTCGTTGCGTTA-1,Monocytes
PBS_AACTTTCTCGTACGGC-1,Monocytes
PBS_AAGACCTAGATATACG-1,Dendritic cells
PBS_AAGACCTGTAGGCATG-1,Monocytes
PBS_AAGACCTTCAAACAAG-1,NK cells
PBS_AAGCCGCGTGCAGGTA-1,Macrophages
PBS_AAGGAGCGTTGCTCCT-1,T cells
PBS_AAGTCTGAGGCTATCT-1,Monocytes
PBS_AAGTCTGGTCTGCAAT-1,Monocytes
PBS_AAGTCTGGTGGACGAT-1,Monocytes
PBS_AATCCAGAGGACTGGT-1,Macrophages
PBS_AATCCAGAGGTGCACA-1,Macrophages
PBS_AATCGGTAGGATGGTC-1,Monocytes
PBS_AATCGGTGTAGGCATG-1,Monocytes
PBS_ACACCAATCGTTTAGG-1,Monocytes
PBS_ACACCCTTCCATGCTC-1,Monocytes
PBS_ACACCCTTCTACGAGT-1,Monocytes
PBS_ACACCGGAGGCTCATT-1,Monocytes
PBS_ACACCGGTCATCACCC-1,Monocytes
PBS_ACACCGGTCGCATGGC-1,Monocytes
PBS_ACACTGAAGTTCGCAT-1,Monocytes
PBS_ACAGCCGAGCAGACTG-1,Dendritic cells
PBS_ACAGCTACAACGCACC-1,Granulocytes
PBS_ACAGCTAGTCGCATCG-1,Monocytes
PBS_ACATACGAGGACATTA-1,Monocytes
PBS_ACATACGAGTCGAGTG-1,T cells
PBS_ACATCAGAGAGGGATA-1,Dendritic cells
PBS_ACATCAGAGTAATCCC-1,Monocytes
PBS_ACATCAGTCTAGAGTC-1,Monocytes
PBS_ACATGGTCACACATGT-1,Macrophages
PBS_ACATGGTGTCTCCATC-1,Monocytes
PBS_ACATGGTTCAACCATG-1,Monocytes
PBS_ACCAGTAAGTGGTAGC-1,Monocytes
PBS_ACCAGTACAGAAGCAC-1,Monocytes
PBS_ACCAGTACAGGAATCG-1,T cells
PBS_ACCCACTGTCAGAAGC-1,Monocytes
PBS_ACCCACTGTGATAAAC-1,Macrophages
PBS_ACCCACTGTTAAGGGC-1,Monocytes
PBS_ACCCACTTCCACTGGG-1,Monocytes
PBS_ACCCACTTCCTTGGTC-1,Monocytes
PBS_ACCCACTTCTATCCTA-1,Monocytes
PBS_ACCGTAACAATCGGTT-1,Monocytes
PBS_ACCGTAAGTTTGACTG-1,Monocytes
PBS_ACCGTAATCGTCACGG-1,Monocytes
PBS_ACCTTTAGTAACGCGA-1,Macrophages
PBS_ACCTTTAGTGTGAAAT-1,Monocytes
PBS_ACGAGCCAGGCCCGTT-1,Granulocytes
PBS_ACGAGCCAGTGGTCCC-1,Monocytes
PBS_ACGAGCCGTGCAGGTA-1,Monocytes
PBS_ACGAGCCTCAGTGCAT-1,Macrophages
PBS_ACGAGCCTCCTTTCTC-1,Monocytes
PBS_ACGAGGAGTGGTACAG-1,Monocytes
PBS_ACGATACAGATCCCAT-1,Monocytes
PBS_ACGATACCAAAGGTGC-1,Monocytes
PBS_ACGATACCAGATGGCA-1,Monocytes
PBS_ACGATACTCACAGTAC-1,Monocytes
PBS_ACGATACTCCCATTAT-1,Monocytes
PBS_ACGATGTGTAAGCACG-1,Monocytes
PBS_ACGCAGCAGCTGCAAG-1,Macrophages
PBS_ACGCAGCAGTGTACTC-1,NK cells
PBS_ACGCCAGCAAAGGCGT-1,Monocytes
PBS_ACGCCAGGTGCGATAG-1,Monocytes
PBS_ACGCCAGGTTATGTGC-1,Monocytes
PBS_ACGCCAGTCACATGCA-1,Granulocytes
PBS_ACGCCGACATGTAGTC-1,Dendritic cells
PBS_ACGCCGATCCTTTCGG-1,T cells
PBS_ACGGAGAAGAAGGACA-1,Dendritic cells
PBS_ACGGAGACACGGACAA-1,Monocytes
PBS_ACGGCCACAGACAAGC-1,B cells
PBS_ACGGCCATCGTCACGG-1,Macrophages
PBS_ACGGGCTAGGAATCGC-1,Monocytes
PBS_ACGGGCTCACTTCGAA-1,Macrophages
PBS_ACGGGCTCAGATTGCT-1,Monocytes
PBS_ACGGGCTGTGCAACTT-1,Monocytes
PBS_ACGGGCTTCTCTTATG-1,Macrophages
PBS_ACGTCAATCCGCGCAA-1,Macrophages
PBS_ACTATCTAGTGCCATT-1,Monocytes
PBS_ACTGAACCATGAACCT-1,Monocytes
PBS_ACTGAGTAGATACACA-1,Monocytes
PBS_ACTGATGAGTTGAGAT-1,Monocytes
PBS_ACTGATGCACACATGT-1,Monocytes
PBS_ACTGATGCACCTTGTC-1,Monocytes
PBS_ACTGATGCATGTCCTC-1,Monocytes
PBS_ACTGATGGTCCGACGT-1,Monocytes
PBS_ACTGCTCCAGTATCTG-1,Macrophages
PBS_ACTGCTCCATCTCGCT-1,Monocytes
PBS_ACTGTCCAGTTAGCGG-1,Monocytes
PBS_ACTGTCCGTAAAGGAG-1,Granulocytes
PBS_ACTGTCCGTCCGAGTC-1,Monocytes
PBS_ACTGTCCTCATCACCC-1,Monocytes
PBS_ACTTACTAGATCCGAG-1,Monocytes
PBS_ACTTACTTCGTTTATC-1,Monocytes
PBS_ACTTGTTAGTGTCTCA-1,Monocytes
PBS_ACTTTCATCACCTCGT-1,Monocytes
PBS_AGAATAGTCAAGCCTA-1,Monocytes
PBS_AGAATAGTCCAAGCCG-1,Monocytes
PBS_AGAATAGTCGAGAACG-1,Monocytes
PBS_AGACGTTAGCAGCGTA-1,Granulocytes
PBS_AGACGTTCAGGATTGG-1,Monocytes
PBS_AGACGTTTCTTGCAAG-1,Macrophages
PBS_AGAGCGAAGCCAGTTT-1,Macrophages
PBS_AGAGCTTAGCCTCGTG-1,B cells
PBS_AGATCTGAGTACGATA-1,Monocytes
PBS_AGATCTGGTACCCAAT-1,Monocytes
PBS_AGATCTGGTGAACCTT-1,Monocytes
PBS_AGATCTGTCAACGCTA-1,Monocytes
PBS_AGATTGCAGCCCAGCT-1,Monocytes
PBS_AGATTGCAGTGTCCAT-1,Granulocytes
PBS_AGATTGCCACAAGTAA-1,Monocytes
PBS_AGATTGCTCCGTACAA-1,Monocytes
PBS_AGCAGCCGTACATGTC-1,Monocytes
PBS_AGCAGCCTCCTTTCGG-1,Monocytes
PBS_AGCAGCCTCTCTTGAT-1,Macrophages
PBS_AGCATACGTCCTCTTG-1,Monocytes
PBS_AGCATACGTCGTTGTA-1,Monocytes
PBS_AGCATACGTCTCGTTC-1,Monocytes
PBS_AGCATACGTGGTACAG-1,Macrophages
PBS_AGCGGTCGTATCTGCA-1,Macrophages
PBS_AGCGTATTCATAGCAC-1,Monocytes
PBS_AGCGTCGGTCTAACGT-1,Monocytes
PBS_AGCGTCGTCTCTAAGG-1,Monocytes
PBS_AGCTCCTGTCAGAAGC-1,Monocytes
PBS_AGCTCCTGTCCGTGAC-1,Monocytes
PBS_AGCTCCTTCTACTTAC-1,Macrophages
PBS_AGCTCTCGTCAGAGGT-1,Monocytes
PBS_AGCTCTCTCTCAACTT-1,Monocytes
PBS_AGCTTGAGTAGTGAAT-1,Macrophages
PBS_AGCTTGAGTTTACTCT-1,Dendritic cells
PBS_AGGCCACAGCGGATCA-1,Monocytes
PBS_AGGCCACGTTACGCGC-1,T cells
PBS_AGGCCACTCGGATGGA-1,Monocytes
PBS_AGGGAGTAGGAGTAGA-1,Monocytes
PBS_AGGGAGTCACAAGCCC-1,Monocytes
PBS_AGGGAGTGTTACAGAA-1,Monocytes
PBS_AGGGATGAGCCTCGTG-1,Monocytes
PBS_AGGGATGCAATTCCTT-1,T cells
PBS_AGGGATGTCGGAATCT-1,Monocytes
PBS_AGGGATGTCGGTGTCG-1,Monocytes
PBS_AGGGTGAAGGAATCGC-1,Monocytes
PBS_AGGTCATAGGCTACGA-1,Monocytes
PBS_AGGTCATGTGGAAAGA-1,Macrophages
PBS_AGGTCATTCACCTTAT-1,Monocytes
PBS_AGGTCCGGTAAACCTC-1,Monocytes
PBS_AGGTCCGGTGCAACGA-1,Macrophages
PBS_AGTAGTCCAGCTGGCT-1,Monocytes
PBS_AGTAGTCGTCTTGCGG-1,Monocytes
PBS_AGTAGTCTCATCATTC-1,Monocytes
PBS_AGTCTTTTCTGCAAGT-1,Monocytes
PBS_AGTGAGGCAAGCGAGT-1,Macrophages
PBS_AGTGGGAAGAATCTCC-1,Monocytes
PBS_AGTGGGACAATGGTCT-1,Macrophages
PBS_AGTGTCAAGAAGCCCA-1,Monocytes
PBS_AGTGTCAAGGACAGAA-1,Monocytes
PBS_AGTGTCAAGGTGCTTT-1,Monocytes
PBS_AGTGTCACATATACCG-1,Monocytes
PBS_AGTGTCAGTGATGTCT-1,Monocytes
PBS_AGTTGGTGTAGCGTCC-1,Monocytes
PBS_AGTTGGTTCCAGAAGG-1,Monocytes
PBS_ATAACGCAGGTGCTTT-1,Macrophages
PBS_ATAACGCCATTACGAC-1,Monocytes
PBS_ATAACGCGTAGAAAGG-1,Monocytes
PBS_ATAAGAGTCACCCGAG-1,Monocytes
PBS_ATAGACCAGCGGATCA-1,Granulocytes
PBS_ATAGACCCAGACAAGC-1,Monocytes
PBS_ATAGACCGTTAAAGTG-1,Dendritic cells
PBS_ATAGACCTCAGGTAAA-1,Monocytes
PBS_ATCACGACAGATTGCT-1,Macrophages
PBS_ATCACGACATAACCTG-1,Monocytes
PBS_ATCACGAGTTACCGAT-1,Monocytes
PBS_ATCACGATCAAGGTAA-1,Monocytes
PBS_ATCACGATCGCACTCT-1,Macrophages
PBS_ATCATCTAGGCAATTA-1,Monocytes
PBS_ATCATCTAGTGTTTGC-1,Monocytes
PBS_ATCATCTCAGCTGTAT-1,Monocytes
PBS_ATCATGGGTGGTTTCA-1,Dendritic cells
PBS_ATCCACCAGCCACTAT-1,Monocytes
PBS_ATCCACCAGTGTGAAT-1,Monocytes
PBS_ATCCACCCAATTCCTT-1,Monocytes
PBS_ATCCACCTCCATTCTA-1,Monocytes
PBS_ATCCGAAAGATCGATA-1,Monocytes
PBS_ATCGAGTGTTATGCGT-1,Macrophages
PBS_ATCGAGTTCAGTGCAT-1,Monocytes
PBS_ATCTACTAGGCTAGCA-1,Macrophages
PBS_ATCTACTGTATATGGA-1,Monocytes
PBS_ATCTACTGTCTGATTG-1,Monocytes
PBS_ATCTGCCAGCGTGAGT-1,Monocytes
PBS_ATCTGCCGTGTCAATC-1,Monocytes
PBS_ATCTGCCTCCGGCACA-1,Macrophages
PBS_ATGCGATCATAGTAAG-1,Monocytes
PBS_ATGGGAGCACCATCCT-1,Monocytes
PBS_ATGGGAGGTTTGTTGG-1,Monocytes
PBS_ATGGGAGTCTCCTATA-1,Monocytes
PBS_ATGTGTGCAATGGATA-1,Monocytes
PBS_ATGTGTGGTACCGTTA-1,Macrophages
PBS_ATGTGTGTCTTACCTA-1,Monocytes
PBS_ATTACTCTCCTCGCAT-1,Monocytes
PBS_ATTATCCCAATACGCT-1,Monocytes
PBS_ATTATCCCAGGACCCT-1,Monocytes
PBS_ATTATCCGTCACACGC-1,Monocytes
PBS_ATTATCCGTCCTAGCG-1,Dendritic cells
PBS_ATTATCCTCTTGAGAC-1,Monocytes
PBS_ATTCTACGTTCTGAAC-1,Monocytes
PBS_ATTGGACAGGAGCGAG-1,Granulocytes
PBS_ATTGGACCACATGTGT-1,Monocytes
PBS_ATTGGACTCTTGTCAT-1,Macrophages
PBS_ATTGGTGAGCAGGCTA-1,Monocytes
PBS_ATTGGTGGTCCTAGCG-1,Monocytes
PBS_ATTGGTGGTGAACCTT-1,Monocytes
PBS_ATTGGTGGTGTGGCTC-1,Monocytes
PBS_ATTGGTGTCAACTCTT-1,Monocytes
PBS_ATTGGTGTCCGCATCT-1,Monocytes
PBS_CAACCAAAGTCAAGGC-1,Monocytes
PBS_CAACCAATCAACCATG-1,Monocytes
PBS_CAACCTCAGGATTCGG-1,Monocytes
PBS_CAACCTCGTGACCAAG-1,Monocytes
PBS_CAACCTCGTGCACCAC-1,Macrophages
PBS_CAACCTCGTTAAGAAC-1,Macrophages
PBS_CAACCTCGTTACCGAT-1,T cells
PBS_CAACCTCTCTCTAAGG-1,Macrophages
PBS_CAACTAGAGCACGCCT-1,Monocytes
PBS_CAACTAGAGCGAAGGG-1,Macrophages
PBS_CAACTAGCAGGTTTCA-1,Monocytes
PBS_CAACTAGGTGCAGGTA-1,Monocytes
PBS_CAAGGCCAGAGACTAT-1,Monocytes
PBS_CAAGGCCCACTACAGT-1,Monocytes
PBS_CAAGGCCGTATAATGG-1,Monocytes
PBS_CAAGTTGGTCTACCTC-1,Monocytes
PBS_CAAGTTGTCATTGCGA-1,Monocytes
PBS_CACAAACGTTAAGTAG-1,T cells
PBS_CACACAACAGGGTACA-1,Monocytes
PBS_CACACAACATACAGCT-1,Monocytes
PBS_CACACAATCCATGAAC-1,Monocytes
PBS_CACACCTCAGCCTATA-1,Monocytes
PBS_CACACCTTCCCATTTA-1,Monocytes
PBS_CACACTCAGTGTACCT-1,Monocytes
PBS_CACACTCGTCATGCCG-1,Granulocytes
PBS_CACACTCGTCGATTGT-1,NK cells
PBS_CACACTCTCCACTCCA-1,Monocytes
PBS_CACAGGCAGCGAAGGG-1,Monocytes
PBS_CACAGGCCACATAACC-1,Monocytes
PBS_CACAGGCGTGCTTCTC-1,Monocytes
PBS_CACAGGCGTGTGACGA-1,Monocytes
PBS_CACAGTAAGGGTGTGT-1,Monocytes
PBS_CACAGTAGTTACTGAC-1,Monocytes
PBS_CACATAGAGACACTAA-1,Monocytes
PBS_CACATAGCATAACCTG-1,Macrophages
PBS_CACATAGCATGATCCA-1,Monocytes
PBS_CACATAGGTGGTGTAG-1,Monocytes
PBS_CACATAGTCACAGGCC-1,Macrophages
PBS_CACATTTAGCTAAGAT-1,Monocytes
PBS_CACATTTCAGGTGCCT-1,Monocytes
PBS_CACATTTGTATCGCAT-1,Monocytes
PBS_CACCACTAGTGCGATG-1,Monocytes
PBS_CACCACTTCCTATTCA-1,Monocytes
PBS_CACCAGGAGCAATCTC-1,Monocytes
PBS_CACCAGGAGCGTCAAG-1,Monocytes
PBS_CACCAGGAGCTGATAA-1,Monocytes
PBS_CACCAGGGTAGCGTAG-1,Monocytes
PBS_CACCAGGGTGCCTGGT-1,Dendritic cells
PBS_CACCTTGAGGACAGAA-1,Monocytes
PBS_CACCTTGTCGGCGGTT-1,Monocytes
PBS_CACCTTGTCTCGAGTA-1,Macrophages
PBS_CACTCCAAGCGATAGC-1,Monocytes
PBS_CACTCCACACATTCGA-1,Macrophages
PBS_CACTCCAGTGAGTGAC-1,Monocytes
PBS_CAGAATCAGTGTGAAT-1,Monocytes
PBS_CAGAGAGAGCCACGCT-1,Macrophages
PBS_CAGAGAGTCGAATGGG-1,Monocytes
PBS_CAGATCAGTGAGGGAG-1,Monocytes
PBS_CAGATCAGTGTAACGG-1,Monocytes
PBS_CAGCATACACATTTCT-1,Macrophages
PBS_CAGCATAGTCCAGTTA-1,Monocytes
PBS_CAGCATAGTCGGGTCT-1,Monocytes
PBS_CAGCATATCGAATCCA-1,Monocytes
PBS_CAGCCGAAGAACAATC-1,Monocytes
PBS_CAGCCGACACAACGTT-1,Monocytes
PBS_CAGCCGACACAGGAGT-1,Monocytes
PBS_CAGCCGACATCGGACC-1,Macrophages
PBS_CAGCTGGAGTATTGGA-1,Monocytes
PBS_CAGCTGGCAACACCTA-1,Monocytes
PBS_CAGCTGGTCGTTTAGG-1,Monocytes
PBS_CAGGTGCAGATCCCGC-1,Macrophages
PBS_CAGGTGCGTGATAAGT-1,Macrophages
PBS_CAGTAACCATACCATG-1,Monocytes
PBS_CAGTCCTCATGTAGTC-1,Monocytes
PBS_CAGTCCTGTAGTACCT-1,Monocytes
PBS_CATATGGAGTGGGATC-1,Monocytes
PBS_CATATGGCAATGTTGC-1,Macrophages
PBS_CATATGGTCAGAGCTT-1,Monocytes
PBS_CATATTCAGTGTCCAT-1,Monocytes
PBS_CATATTCGTATATCCG-1,Macrophages
PBS_CATATTCGTCGCTTCT-1,Monocytes
PBS_CATCAAGCAAACGTGG-1,Monocytes
PBS_CATCAAGCAGGGATTG-1,Monocytes
PBS_CATCAAGTCGGATGTT-1,Dendritic cells
PBS_CATCAGAAGCCAGTTT-1,Monocytes
PBS_CATCCACAGGTAGCCA-1,Dendritic cells
PBS_CATCGAACAGGTTTCA-1,Dendritic cells
PBS_CATCGAACAGTGGAGT-1,Monocytes
PBS_CATCGAAGTAAGGGCT-1,Dendritic cells
PBS_CATCGAATCATCGATG-1,Macrophages
PBS_CATCGGGGTGTGGTTT-1,Monocytes
PBS_CATGACAAGGCTCATT-1,Monocytes
PBS_CATGACACAAACGCGA-1,Monocytes
PBS_CATGACAGTAAACACA-1,Monocytes
PBS_CATGACAGTACTTCTT-1,Macrophages
PBS_CATGACATCATTGCCC-1,Monocytes
PBS_CATGACATCGGTTAAC-1,B cells
PBS_CATGCCTCAGATAATG-1,Granulocytes
PBS_CATGCCTGTCACTTCC-1,Monocytes
PBS_CATGCCTTCCGCGGTA-1,Monocytes
PBS_CATGGCGGTAAACCTC-1,Monocytes
PBS_CATGGCGTCGCGCCAA-1,Monocytes
PBS_CATGGCGTCTGCTGCT-1,Macrophages
PBS_CATTATCGTGCCTTGG-1,Monocytes
PBS_CATTATCGTGTGTGCC-1,Macrophages
PBS_CATTATCTCAGGTAAA-1,Monocytes
PBS_CATTATCTCCGGGTGT-1,Dendritic cells
PBS_CATTATCTCGCGTTTC-1,Macrophages
PBS_CATTCGCCAACTGCGC-1,Macrophages
PBS_CATTCGCGTCCTGCTT-1,Monocytes
PBS_CCAATCCAGGTAAACT-1,Monocytes
PBS_CCAATCCGTCATCGGC-1,Monocytes
PBS_CCACCTATCGACGGAA-1,Monocytes
PBS_CCACCTATCTAACTTC-1,Monocytes
PBS_CCACGGAGTCTAGTCA-1,Monocytes
PBS_CCACGGATCATAGCAC-1,Macrophages
PBS_CCACTACCATGCTAGT-1,Monocytes
PBS_CCACTACGTAAGTAGT-1,Monocytes
PBS_CCAGCGAAGAACAATC-1,Monocytes
PBS_CCAGCGAAGCTAGCCC-1,Macrophages
PBS_CCAGCGACATGTTGAC-1,Monocytes
PBS_CCAGCGAGTTTGGCGC-1,Monocytes
PBS_CCAGCGATCATCACCC-1,Macrophages
PBS_CCATGTCAGGAGCGTT-1,Macrophages
PBS_CCATGTCGTAAGGATT-1,Macrophages
PBS_CCATGTCGTAGCAAAT-1,Monocytes
PBS_CCATGTCGTCAAGCGA-1,Monocytes
PBS_CCATGTCTCAGTACGT-1,Monocytes
PBS_CCATTCGGTGGCCCTA-1,Monocytes
PBS_CCATTCGTCCGTAGTA-1,Granulocytes
PBS_CCATTCGTCCTTGGTC-1,Dendritic cells
PBS_CCCAATCCACCTCGGA-1,Monocytes
PBS_CCCAATCTCATCGGAT-1,T cells
PBS_CCCAATCTCCTGCAGG-1,Macrophages
PBS_CCCAGTTAGTGGTAGC-1,Monocytes
PBS_CCCAGTTGTCGACTAT-1,Monocytes
PBS_CCCAGTTTCAGGCAAG-1,Monocytes
PBS_CCCTCCTAGGAATTAC-1,Monocytes
PBS_CCCTCCTCACATTAGC-1,Monocytes
PBS_CCGGGATAGATATACG-1,Dendritic cells
PBS_CCGGGATAGGCTCATT-1,Macrophages
PBS_CCGGTAGCACAACTGT-1,Monocytes
PBS_CCGGTAGCATGCTAGT-1,Monocytes
PBS_CCGGTAGGTTTGACAC-1,Monocytes
PBS_CCGTACTCACCGAAAG-1,Dendritic cells
PBS_CCGTACTTCTCCGGTT-1,Monocytes
PBS_CCGTGGATCAGCTCTC-1,Monocytes
PBS_CCGTTCAAGGTGATTA-1,Monocytes
PBS_CCGTTCACACCCATTC-1,Monocytes
PBS_CCGTTCACAGGTGCCT-1,Monocytes
PBS_CCGTTCAGTCTAAAGA-1,Monocytes
PBS_CCGTTCATCGGCTACG-1,Monocytes
PBS_CCTACACAGCGCTCCA-1,Monocytes
PBS_CCTACACAGTAACCCT-1,Monocytes
PBS_CCTACACCAAGCCTAT-1,Monocytes
PBS_CCTACACCACGGACAA-1,Monocytes
PBS_CCTACACTCAGTTTGG-1,Macrophages
PBS_CCTACACTCTAACTGG-1,Monocytes
PBS_CCTACCAAGGAGTTTA-1,Dendritic cells
PBS_CCTACCACATCTGGTA-1,Monocytes
PBS_CCTACCAGTATTACCG-1,Monocytes
PBS_CCTACCATCGGAAATA-1,Monocytes
PBS_CCTACCATCGTCCGTT-1,Monocytes
PBS_CCTATTATCGGACAAG-1,Monocytes
PBS_CCTCAGTAGTGACTCT-1,Monocytes
PBS_CCTCTGAAGAATGTGT-1,Monocytes
PBS_CCTCTGAAGAGTGACC-1,Dendritic cells
PBS_CCTCTGAAGCTGTTCA-1,Monocytes
PBS_CCTTACGGTCTCCACT-1,Monocytes
PBS_CCTTCCCGTCACCCAG-1,Monocytes
PBS_CCTTCCCGTCCGTCAG-1,Monocytes
PBS_CCTTCCCTCCTGCAGG-1,Monocytes
PBS_CCTTCCCTCGCCTGTT-1,Monocytes
PBS_CCTTCGATCACGATGT-1,Macrophages
PBS_CCTTTCTAGAGCAATT-1,Monocytes
PBS_CCTTTCTCACCGAATT-1,Monocytes
PBS_CGAACATTCTCGAGTA-1,Monocytes
PBS_CGAATGTGTCTCCACT-1,Monocytes
PBS_CGACCTTCAAGCTGGA-1,Monocytes
PBS_CGACCTTCAATGTAAG-1,Monocytes
PBS_CGACTTCGTACCAGTT-1,Macrophages
PBS_CGAGAAGAGAGCCTAG-1,Monocytes
PBS_CGAGAAGCAATGACCT-1,Monocytes
PBS_CGAGAAGCACATGGGA-1,Monocytes
PBS_CGAGAAGGTTGCCTCT-1,Monocytes
PBS_CGAGAAGTCGGAATCT-1,Monocytes
PBS_CGAGCACTCGAGAACG-1,Monocytes
PBS_CGAGCCAAGAAACCAT-1,Dendritic cells
PBS_CGAGCCATCTGCTGTC-1,Monocytes
PBS_CGATCGGGTTTGACTG-1,Monocytes
PBS_CGATCGGTCACCAGGC-1,Monocytes
PBS_CGATCGGTCGGACAAG-1,Macrophages
PBS_CGATGGCCATCCCACT-1,Monocytes
PBS_CGATGGCGTACGACCC-1,Macrophages
PBS_CGATGTAAGATCCGAG-1,Monocytes
PBS_CGATGTAAGTGTCCAT-1,Granulocytes
PBS_CGATGTACACCAGCAC-1,Monocytes
PBS_CGATGTAGTCGAACAG-1,Monocytes
PBS_CGATTGAAGTCAAGCG-1,Monocytes
PBS_CGATTGACAGTTCATG-1,Monocytes
PBS_CGATTGACATGCAATC-1,Monocytes
PBS_CGATTGATCAGTGTTG-1,Macrophages
PBS_CGATTGATCCAAAGTC-1,Dendritic cells
PBS_CGCCAAGCAAGGTTTC-1,Monocytes
PBS_CGCCAAGTCACAGGCC-1,Monocytes
PBS_CGCGGTAAGAGGTAGA-1,Macrophages
PBS_CGCGGTACACCACGTG-1,Monocytes
PBS_CGCGGTATCTGCAGTA-1,Monocytes
PBS_CGCGTTTAGGTGCTAG-1,Monocytes
PBS_CGCGTTTCATGCTGGC-1,Monocytes
PBS_CGCTATCAGTGGGATC-1,Macrophages
PBS_CGCTATCAGTTCGCGC-1,Monocytes
PBS_CGCTGGAAGTATCTCG-1,Macrophages
PBS_CGCTGGATCAGAAATG-1,Monocytes
PBS_CGCTTCATCTTGAGAC-1,Monocytes
PBS_CGGACACAGCTTCGCG-1,Monocytes
PBS_CGGACGTGTCGGCTCA-1,Macrophages
PBS_CGGACGTGTTCCGTCT-1,Monocytes
PBS_CGGACGTTCGGAGGTA-1,Monocytes
PBS_CGGACGTTCGTCGTTC-1,Monocytes
PBS_CGGAGCTGTTACCGAT-1,Monocytes
PBS_CGGAGTCGTAAGTGGC-1,Dendritic cells
PBS_CGGAGTCGTGCAACGA-1,Monocytes
PBS_CGGAGTCGTGTAATGA-1,Monocytes
PBS_CGGAGTCTCGGCTTGG-1,Monocytes
PBS_CGGCTAGCAAGTACCT-1,Monocytes
PBS_CGGCTAGGTCTCACCT-1,Monocytes
PBS_CGGGTCACATGTAAGA-1,Monocytes
PBS_CGGGTCATCACCCTCA-1,B cells
PBS_CGGTTAAAGAAGGTGA-1,Monocytes
PBS_CGGTTAAAGTTATCGC-1,Monocytes
PBS_CGGTTAAGTCGAATCT-1,Macrophages
PBS_CGGTTAATCACTTATC-1,Macrophages
PBS_CGTAGCGAGATAGTCA-1,Monocytes
PBS_CGTAGCGAGCCGGTAA-1,Monocytes
PBS_CGTAGCGAGGCTCATT-1,Monocytes
PBS_CGTAGCGTCAAGGCTT-1,Monocytes
PBS_CGTAGGCAGATGTAAC-1,Granulocytes
PBS_CGTAGGCGTGGCCCTA-1,Monocytes
PBS_CGTCACTAGGCTCTTA-1,Monocytes
PBS_CGTCACTGTCACCCAG-1,Macrophages
PBS_CGTCACTGTTCCGTCT-1,Macrophages
PBS_CGTCAGGAGATGCGAC-1,Macrophages
PBS_CGTCAGGAGTACTTGC-1,Monocytes
PBS_CGTCAGGCATTACCTT-1,Monocytes
PBS_CGTCAGGGTTCCACGG-1,Monocytes
PBS_CGTCAGGTCCGCAGTG-1,Monocytes
PBS_CGTCCATAGCAGGTCA-1,Monocytes
PBS_CGTCCATAGTACCGGA-1,Monocytes
PBS_CGTCCATCACTGTTAG-1,Monocytes
PBS_CGTCCATGTGTGAAAT-1,Macrophages
PBS_CGTCCATGTTTGGGCC-1,Monocytes
PBS_CGTCTACGTATATGGA-1,Macrophages
PBS_CGTCTACTCGCGTTTC-1,Macrophages
PBS_CGTGTAAAGATCGGGT-1,Macrophages
PBS_CGTGTAAAGGAACTGC-1,Monocytes
PBS_CGTGTAATCTCGATGA-1,Monocytes
PBS_CGTGTCTAGACTACAA-1,Monocytes
PBS_CGTGTCTAGTGGTCCC-1,Monocytes
PBS_CGTGTCTAGTGTTGAA-1,Monocytes
PBS_CGTGTCTGTTGCCTCT-1,Monocytes
PBS_CGTGTCTTCTGAGGGA-1,Monocytes
PBS_CGTTAGAAGGCCATAG-1,Monocytes
PBS_CGTTAGAGTCACTGGC-1,Monocytes
PBS_CGTTAGATCCACGCAG-1,Monocytes
PBS_CGTTGGGCATCCTAGA-1,Monocytes
PBS_CTAACTTCACTGAAGG-1,Macrophages
PBS_CTAACTTTCACCGTAA-1,Macrophages
PBS_CTAAGACAGGCTATCT-1,Macrophages
PBS_CTAAGACCACATGGGA-1,NK cells
PBS_CTAAGACCAGCATACT-1,Monocytes
PBS_CTAAGACTCATCACCC-1,Granulocytes
PBS_CTAATGGAGGTGATTA-1,Monocytes
PBS_CTAATGGTCACCAGGC-1,Macrophages
PBS_CTACACCAGACACTAA-1,Monocytes
PBS_CTACACCAGCTTATCG-1,Monocytes
PBS_CTACACCTCGTTACGA-1,Monocytes
PBS_CTACATTAGCCGTCGT-1,Monocytes
PBS_CTACATTAGCGGATCA-1,Monocytes
PBS_CTACATTAGTGACATA-1,Monocytes
PBS_CTACATTCATACTACG-1,Macrophages
PBS_CTACATTGTCAATACC-1,Monocytes
PBS_CTACATTGTGATGTGG-1,Granulocytes
PBS_CTACATTTCGGCATCG-1,Monocytes
PBS_CTACCCAAGAATCTCC-1,Monocytes
PBS_CTACCCAAGGACCACA-1,Monocytes
PBS_CTACCCAAGGTCATCT-1,Monocytes
PBS_CTACCCAGTTACGGAG-1,Dendritic cells
PBS_CTACGTCCACAACGCC-1,Monocytes
PBS_CTAGAGTCACGGTGTC-1,Monocytes
PBS_CTAGAGTTCACTTCAT-1,Monocytes
PBS_CTAGAGTTCTGCCAGG-1,Monocytes
PBS_CTAGCCTGTCAATGTC-1,Monocytes
PBS_CTAGCCTGTTAAGATG-1,Dendritic cells
PBS_CTAGCCTGTTCGCGAC-1,Monocytes
PBS_CTAGTGAGTTGCGCAC-1,Monocytes
PBS_CTAGTGATCTTCATGT-1,Monocytes
PBS_CTCACACGTCCGTCAG-1,Monocytes
PBS_CTCACACTCTTGACGA-1,Monocytes
PBS_CTCAGAAGTCCAAGTT-1,Monocytes
PBS_CTCAGAAGTGTCCTCT-1,Monocytes
PBS_CTCATTACACCCATTC-1,Monocytes
PBS_CTCATTAGTTCAGGCC-1,Monocytes
PBS_CTCCTAGTCTCGAGTA-1,Macrophages
PBS_CTCGAAAGTTGTGGCC-1,Monocytes
PBS_CTCGAAATCATTCACT-1,Granulocytes
PBS_CTCGAAATCGGCGCAT-1,Monocytes
PBS_CTCGGAGAGAAGGTGA-1,Macrophages
PBS_CTCGGAGCAGATGAGC-1,Monocytes
PBS_CTCGGAGCAGGTTTCA-1,Monocytes
PBS_CTCGGAGGTACCATCA-1,Macrophages
PBS_CTCGGAGTCTATCGCC-1,Monocytes
PBS_CTCGGGAAGCGATATA-1,Monocytes
PBS_CTCGGGAAGTGGGATC-1,Macrophages
PBS_CTCGGGATCACCAGGC-1,Monocytes
PBS_CTCGTACAGCAACGGT-1,Monocytes
PBS_CTCGTACAGTACGTAA-1,Monocytes
PBS_CTCGTACGTGTGACCC-1,Macrophages
PBS_CTCGTCAGTAGATTAG-1,Monocytes
PBS_CTCGTCAGTCACACGC-1,Dendritic cells
PBS_CTCGTCAGTGCGGTAA-1,Macrophages
PBS_CTCTAATTCAGAGCTT-1,NK cells
PBS_CTCTACGAGCCGGTAA-1,Monocytes
PBS_CTCTGGTCAAAGGAAG-1,Macrophages
PBS_CTGAAGTAGTGGGATC-1,Macrophages
PBS_CTGAAGTGTGATAAAC-1,Monocytes
PBS_CTGATCCCACTGTTAG-1,Macrophages
PBS_CTGCCTACAGTCCTTC-1,Monocytes
PBS_CTGCCTAGTCTGCAAT-1,Monocytes
PBS_CTGCCTATCGAACGGA-1,Macrophages
PBS_CTGCCTATCGCAAGCC-1,Monocytes
PBS_CTGCCTATCGGCGCAT-1,Macrophages
PBS_CTGCGGATCTTGTTTG-1,Macrophages
PBS_CTGCTGTTCACCACCT-1,Monocytes
PBS_CTGGTCTAGCGGCTTC-1,Monocytes
PBS_CTGGTCTCACCTCGTT-1,Monocytes
PBS_CTGGTCTGTGCCTGCA-1,NK cells
PBS_CTGTTTAGTCAGGACA-1,Monocytes
PBS_CTTAACTGTAATCGTC-1,Monocytes
PBS_CTTACCGAGGTGATAT-1,Macrophages
PBS_CTTACCGGTCTCCATC-1,Macrophages
PBS_CTTAGGAAGCTATGCT-1,Macrophages
PBS_CTTCTCTCATTCCTGC-1,T cells
PBS_CTTCTCTTCACCAGGC-1,Monocytes
PBS_CTTGGCTGTAGCTCCG-1,Macrophages
PBS_CTTGGCTGTCATATGC-1,Monocytes
PBS_CTTGGCTGTGACTCAT-1,Macrophages
PBS_CTTGGCTTCCTGTACC-1,Macrophages
PBS_CTTGGCTTCCTTGACC-1,T cells
PBS_CTTTGCGGTCTCCATC-1,Monocytes
PBS_GAAACTCAGAGCAATT-1,Monocytes
PBS_GAAACTCAGTCAAGCG-1,Macrophages
PBS_GAAACTCCACACCGCA-1,Macrophages
PBS_GAAACTCTCCTAAGTG-1,Monocytes
PBS_GAAATGATCGGCTACG-1,Granulocytes
PBS_GAAATGATCTACCAGA-1,Monocytes
PBS_GAACCTAAGGGTGTGT-1,Granulocytes
PBS_GAACCTAGTGCTCTTC-1,Monocytes
PBS_GAACGGACAACTGGCC-1,Macrophages
PBS_GAACGGAGTAAATGAC-1,Monocytes
PBS_GAACGGAGTGACGCCT-1,Monocytes
PBS_GAAGCAGGTTATCCGA-1,Monocytes
PBS_GAAGCAGTCTAACTTC-1,Macrophages
PBS_GAATAAGCAGTCACTA-1,Monocytes
PBS_GAATAAGCATGGTCTA-1,Monocytes
PBS_GAATGAACAGCTTAAC-1,Monocytes
PBS_GAATGAATCAACACCA-1,Monocytes
PBS_GACACGCAGACTTTCG-1,Monocytes
PBS_GACACGCCAAGGACAC-1,Monocytes
PBS_GACACGCCAGTCAGAG-1,Monocytes
PBS_GACACGCCAGTTCATG-1,Fibroblasts
PBS_GACACGCGTGGTTTCA-1,Monocytes
PBS_GACACGCGTTCAGCGC-1,Monocytes
PBS_GACACGCTCGCATGAT-1,Dendritic cells
PBS_GACAGAGCAAAGTGCG-1,Granulocytes
PBS_GACAGAGTCTCTGAGA-1,Monocytes
PBS_GACCAATAGCTAGTGG-1,Dendritic cells
PBS_GACCTGGAGTGGCACA-1,Monocytes
PBS_GACCTGGGTATTACCG-1,Monocytes
PBS_GACCTGGTCTTCATGT-1,Monocytes
PBS_GACGGCTAGATGTCGG-1,NK cells
PBS_GACGTGCAGCGCCTTG-1,Dendritic cells
PBS_GACTAACCAGCGATCC-1,Monocytes
PBS_GACTAACTCCTTGCCA-1,Monocytes
PBS_GACTACAAGAGCTATA-1,Dendritic cells
PBS_GACTACAGTCCGAATT-1,Monocytes
PBS_GACTACATCGTGGACC-1,Monocytes
PBS_GACTACATCTTGAGGT-1,Monocytes
PBS_GACTGCGAGGACCACA-1,T cells
PBS_GACTGCGAGTGTTGAA-1,Monocytes
PBS_GACTGCGCACCCAGTG-1,Monocytes
PBS_GAGCAGAAGCTGATAA-1,Macrophages
PBS_GAGCAGATCGCCAGCA-1,Monocytes
PBS_GAGCAGATCTCTGAGA-1,Monocytes
PBS_GAGGTGAAGGACTGGT-1,Monocytes
PBS_GAGGTGAGTAGCTGCC-1,Monocytes
PBS_GAGGTGAGTAGGCATG-1,Monocytes
PBS_GAGTCCGAGTACGTTC-1,Dendritic cells
PBS_GAGTCCGAGTCCATAC-1,Monocytes
PBS_GATCAGTAGTGCAAGC-1,Granulocytes
PBS_GATCAGTGTAGTAGTA-1,Macrophages
PBS_GATCGATAGAATAGGG-1,Macrophages
PBS_GATCGATAGACCTTTG-1,Macrophages
PBS_GATCGATAGCCACGCT-1,T cells
PBS_GATCGATCATCACCCT-1,Monocytes
PBS_GATCGATGTACCGGCT-1,Monocytes
PBS_GATCGCGGTACGCTGC-1,Monocytes
PBS_GATCGCGGTTATCCGA-1,Monocytes
PBS_GATCGCGTCTGTCTAT-1,Monocytes
PBS_GATCGTAGTCTTGATG-1,Monocytes
PBS_GATCTAGAGGCGACAT-1,Monocytes
PBS_GATCTAGAGTTAGCGG-1,Monocytes
PBS_GATGAGGAGGCGATAC-1,Macrophages
PBS_GATGCTAAGTGGTCCC-1,Monocytes
PBS_GATGCTAGTCGCATAT-1,Macrophages
PBS_GATTCAGAGATGAGAG-1,Monocytes
PBS_GCAAACTGTTAAAGAC-1,Monocytes
PBS_GCAAACTTCCGAAGAG-1,Monocytes
PBS_GCAATCAAGAGTTGGC-1,Monocytes
PBS_GCAATCACAGTCCTTC-1,Monocytes
PBS_GCAATCACATCCAACA-1,Monocytes
PBS_GCAATCAGTACTTCTT-1,Monocytes
PBS_GCAATCAGTCTGCCAG-1,Monocytes
PBS_GCACATACAAGCCGTC-1,T cells
PBS_GCACATACATCGATTG-1,Dendritic cells
PBS_GCACATACATGCGCAC-1,Monocytes
PBS_GCACTCTAGAGAGCTC-1,Monocytes
PBS_GCACTCTAGCTGCGAA-1,Macrophages
PBS_GCAGCCACAGAGTGTG-1,Macrophages
PBS_GCAGCCATCTGTGCAA-1,Monocytes
PBS_GCAGTTAAGCCACGCT-1,Monocytes
PBS_GCAGTTACAGCCTTGG-1,Monocytes
PBS_GCATACAAGATGCCAG-1,Monocytes
PBS_GCATACAAGGCTAGGT-1,Monocytes
PBS_GCATACACAGGGTATG-1,Monocytes
PBS_GCATACATCAAGATCC-1,Dendritic cells
PBS_GCATACATCATGTGGT-1,Monocytes
PBS_GCATGATAGAGACGAA-1,Monocytes
PBS_GCATGCGAGCGTTTAC-1,Monocytes
PBS_GCATGCGAGGCTAGAC-1,Macrophages
PBS_GCATGCGGTCCGAATT-1,Monocytes
PBS_GCATGTAAGACCCACC-1,Monocytes
PBS_GCCAAATCACCAGTTA-1,Monocytes
PBS_GCCAAATGTGTTGAGG-1,T cells
PBS_GCCAAATTCAGGTTCA-1,Macrophages
PBS_GCCTCTAGTCTGGAGA-1,Monocytes
PBS_GCGACCACAGTTCATG-1,Monocytes
PBS_GCGACCATCTTACCTA-1,Monocytes
PBS_GCGAGAAAGAGCTTCT-1,Monocytes
PBS_GCGCAACAGGACCACA-1,Monocytes
PBS_GCGCAACCATCGGTTA-1,Monocytes
PBS_GCGCAACGTACCTACA-1,Monocytes
PBS_GCGCAGTAGACTAGAT-1,Dendritic cells
PBS_GCGCAGTTCGCCGTGA-1,Monocytes
PBS_GCGCCAAGTACCCAAT-1,NK cells
PBS_GCGCCAAGTAGTGAAT-1,Monocytes
PBS_GCGCCAAGTCCGAAGA-1,Monocytes
PBS_GCGCCAATCTCTGAGA-1,Monocytes
PBS_GCGCGATAGGCTATCT-1,Macrophages
PBS_GCGCGATTCCCTTGTG-1,Macrophages
PBS_GCGGGTTCACTCTGTC-1,Monocytes
PBS_GCGGGTTCAGGAATCG-1,Dendritic cells
PBS_GCTCCTATCATCTGCC-1,Monocytes
PBS_GCTCTGTAGCCAGAAC-1,Macrophages
PBS_GCTCTGTCAGGGTATG-1,Monocytes
PBS_GCTGCAGCAGTCGATT-1,Monocytes
PBS_GCTGCAGTCAGAGCTT-1,Monocytes
PBS_GCTGCAGTCCCTGACT-1,Macrophages
PBS_GCTGCGACATTATCTC-1,Monocytes
PBS_GCTGCGAGTATCGCAT-1,Monocytes
PBS_GCTGCGAGTGACTACT-1,Macrophages
PBS_GCTGCTTTCAACACAC-1,Macrophages
PBS_GCTGCTTTCTAACTCT-1,Monocytes
PBS_GCTGGGTCACAGTCGC-1,Monocytes
PBS_GCTGGGTCATGCCTAA-1,Monocytes
PBS_GCTTGAAGTTTACTCT-1,Macrophages
PBS_GGAAAGCCAAACAACA-1,Monocytes
PBS_GGAAAGCCAGCTGTGC-1,Monocytes
PBS_GGAAAGCCAGGACGTA-1,Monocytes
PBS_GGAAAGCGTATAAACG-1,Monocytes
PBS_GGAAAGCGTCGGCATC-1,Monocytes
PBS_GGAAAGCGTTATCACG-1,Monocytes
PBS_GGAAAGCTCAGTTAGC-1,Monocytes
PBS_GGAACTTAGTTGCAGG-1,Monocytes
PBS_GGAACTTGTCTCCCTA-1,Granulocytes
PBS_GGAACTTTCCCTTGTG-1,Macrophages
PBS_GGAATAATCGGAAACG-1,Dendritic cells
PBS_GGACAAGGTCTCACCT-1,Monocytes
PBS_GGACAAGTCGTCCAGG-1,Monocytes
PBS_GGACATTGTAGGCTGA-1,Monocytes
PBS_GGACATTTCCCGACTT-1,Monocytes
PBS_GGACGTCGTTAAGACA-1,Monocytes
PBS_GGACGTCGTTCGTCTC-1,Monocytes
PBS_GGACGTCTCGGAAATA-1,Monocytes
PBS_GGAGCAATCAGAGACG-1,Monocytes
PBS_GGATGTTAGCTACCTA-1,Monocytes
PBS_GGATGTTTCCTGCTTG-1,Dendritic cells
PBS_GGCAATTAGAGGACGG-1,Monocytes
PBS_GGCAATTGTAGAGGAA-1,Monocytes
PBS_GGCCGATAGGGATACC-1,Monocytes
PBS_GGCCGATGTGCAACTT-1,Monocytes
PBS_GGCCGATTCCGTCAAA-1,Monocytes
PBS_GGCCGATTCGAATGCT-1,Monocytes
PBS_GGCCGATTCTAACTGG-1,T cells
PBS_GGCCGATTCTGGTATG-1,Macrophages
PBS_GGCGACTGTCTTGATG-1,Monocytes
PBS_GGCGTGTCAACGATGG-1,Macrophages
PBS_GGCGTGTCACATGTGT-1,Monocytes
PBS_GGCGTGTGTATATGGA-1,Monocytes
PBS_GGCTCGACACTTCTGC-1,Macrophages
PBS_GGCTCGATCGTTGACA-1,Monocytes
PBS_GGCTGGTAGCCCGAAA-1,Monocytes
PBS_GGCTGGTTCAAAGACA-1,Monocytes
PBS_GGGAATGAGTCTCGGC-1,Monocytes
PBS_GGGAATGTCTTAGCCC-1,Monocytes
PBS_GGGACCTCAGTAGAGC-1,Monocytes
PBS_GGGACCTTCATGTAGC-1,Macrophages
PBS_GGGAGATGTCCATCCT-1,Monocytes
PBS_GGGAGATGTGATAAAC-1,Monocytes
PBS_GGGATGATCCACTCCA-1,Monocytes
PBS_GGGCACTAGCTACCGC-1,Monocytes
PBS_GGGCACTGTGCTCTTC-1,Monocytes
PBS_GGGCACTTCCAGAAGG-1,Monocytes
PBS_GGGCACTTCGGCTTGG-1,Monocytes
PBS_GGGCATCAGCTGAAAT-1,Monocytes
PBS_GGGCATCTCTAGAGTC-1,Monocytes
PBS_GGGTCTGAGCCCAGCT-1,Monocytes
PBS_GGGTCTGGTTGTGGAG-1,Monocytes
PBS_GGGTCTGTCTCAAGTG-1,Monocytes
PBS_GGGTTGCAGCGTCAAG-1,Monocytes
PBS_GGGTTGCCACTTGGAT-1,Monocytes
PBS_GGTATTGAGGGTCTCC-1,Monocytes
PBS_GGTATTGGTGTATGGG-1,Macrophages
PBS_GGTGAAGAGTGGGTTG-1,T cells
PBS_GGTGAAGCATCCCATC-1,Monocytes
PBS_GGTGAAGGTAAAGTCA-1,Monocytes
PBS_GGTGTTACATAAAGGT-1,Monocytes
PBS_GGTGTTATCACCGTAA-1,Monocytes
PBS_GGTGTTATCGTCGTTC-1,Macrophages
PBS_GGTGTTATCTAACTCT-1,Monocytes
PBS_GTAACGTGTAAATGAC-1,Monocytes
PBS_GTAACTGGTAGCTGCC-1,T cells
PBS_GTAACTGGTCGATTGT-1,Monocytes
PBS_GTAACTGTCCACGTGG-1,Monocytes
PBS_GTACGTAAGTGAAGAG-1,Monocytes
PBS_GTACGTACAATGGAGC-1,Monocytes
PBS_GTACGTACATATGAGA-1,Monocytes
PBS_GTACGTAGTATTACCG-1,Monocytes
PBS_GTACTCCAGGAGCGAG-1,Monocytes
PBS_GTACTTTCACATGTGT-1,Dendritic cells
PBS_GTACTTTCATCACGTA-1,Monocytes
PBS_GTACTTTTCACTCCTG-1,Macrophages
PBS_GTAGTCAAGATCACGG-1,Monocytes
PBS_GTAGTCAAGGCACATG-1,Monocytes
PBS_GTAGTCACATCGATGT-1,Monocytes
PBS_GTAGTCAGTCATATGC-1,Monocytes
PBS_GTAGTCAGTGATAAGT-1,Monocytes
PBS_GTAGTCAGTTGGTTTG-1,Monocytes
PBS_GTATCTTCAAGAGGCT-1,Monocytes
PBS_GTATTCTGTGGTCCGT-1,Monocytes
PBS_GTATTCTTCTGCGGCA-1,Monocytes
PBS_GTCAAGTAGGGTCGAT-1,Macrophages
PBS_GTCAAGTAGTGGTCCC-1,Monocytes
PBS_GTCAAGTGTGCACTTA-1,Dendritic cells
PBS_GTCACAAAGCCGATTT-1,Monocytes
PBS_GTCACAACACGACGAA-1,Monocytes
PBS_GTCACGGAGGAACTGC-1,Monocytes
PBS_GTCACGGTCTTGTCAT-1,Dendritic cells
PBS_GTCATTTCAATAGCAA-1,Macrophages
PBS_GTCATTTTCACCACCT-1,Monocytes
PBS_GTCATTTTCATCGATG-1,Monocytes
PBS_GTCCTCAAGCTGTCTA-1,Monocytes
PBS_GTCCTCAGTTTACTCT-1,T cells
PBS_GTCGGGTAGATATGGT-1,Macrophages
PBS_GTCGGGTTCCAGTATG-1,Monocytes
PBS_GTCGTAAAGTGCCATT-1,Monocytes
PBS_GTCGTAACAAGGGTCA-1,Dendritic cells
PBS_GTCGTAAGTTTGACTG-1,T cells
PBS_GTCTCGTAGATATACG-1,Monocytes
PBS_GTCTCGTAGGTGTTAA-1,Monocytes
PBS_GTCTCGTCATCGATTG-1,Monocytes
PBS_GTCTCGTGTAATCACC-1,T cells
PBS_GTCTCGTGTTACCGAT-1,Monocytes
PBS_GTCTCGTTCGCGGATC-1,Monocytes
PBS_GTCTCGTTCTCTGTCG-1,Dendritic cells
PBS_GTCTTCGGTGCCTGTG-1,Monocytes
PBS_GTGAAGGGTACCGTAT-1,Macrophages
PBS_GTGAAGGTCCCGACTT-1,Monocytes
PBS_GTGCAGCAGGCGTACA-1,Monocytes
PBS_GTGCAGCCATGGTTGT-1,Monocytes
PBS_GTGCAGCCATTAACCG-1,Macrophages
PBS_GTGCATAAGCAACGGT-1,Macrophages
PBS_GTGCATAGTTACGACT-1,Monocytes
PBS_GTGCGGTCAGGATTGG-1,Monocytes
PBS_GTGCGGTCATATACGC-1,Monocytes
PBS_GTGCGGTTCGGTGTTA-1,Monocytes
PBS_GTGCTTCAGGGCATGT-1,Macrophages
PBS_GTGCTTCGTCGGCATC-1,Monocytes
PBS_GTGCTTCTCATCACCC-1,Monocytes
PBS_GTGCTTCTCCAGAGGA-1,Monocytes
PBS_GTGGGTCAGCTAACTC-1,Macrophages
PBS_GTGGGTCAGGCCCTCA-1,Monocytes
PBS_GTGTTAGAGCCACTAT-1,Monocytes
PBS_GTGTTAGGTAAACACA-1,Monocytes
PBS_GTGTTAGGTCAGGACA-1,Monocytes
PBS_GTGTTAGTCGAGAGCA-1,Monocytes
PBS_GTGTTAGTCGCCGTGA-1,Macrophages
PBS_GTTAAGCTCACTTCAT-1,Macrophages
PBS_GTTACAGAGTGCAAGC-1,Monocytes
PBS_GTTCATTAGATGAGAG-1,Monocytes
PBS_GTTCATTAGTCATGCT-1,Monocytes
PBS_GTTCATTTCTCAACTT-1,Dendritic cells
PBS_GTTCGGGAGTTACGGG-1,Macrophages
PBS_GTTCGGGGTTACCGAT-1,Monocytes
PBS_GTTCTCGCAATCTGCA-1,Macrophages
PBS_GTTCTCGGTATGAATG-1,Monocytes
PBS_GTTCTCGTCTGGAGCC-1,Monocytes
PBS_GTTTCTATCGCAAGCC-1,Monocytes
PBS_GTTTCTATCGCGTAGC-1,Macrophages
PBS_TAAACCGAGATCGGGT-1,Dendritic cells
PBS_TAAGAGAAGAAGGACA-1,Monocytes
PBS_TAAGAGATCTAGAGTC-1,Monocytes
PBS_TAAGAGATCTCTAAGG-1,Monocytes
PBS_TAAGCGTAGACGCAAC-1,Monocytes
PBS_TAAGCGTGTATGAATG-1,Monocytes
PBS_TAAGTGCAGACACGAC-1,Monocytes
PBS_TAAGTGCAGGTACTCT-1,Granulocytes
PBS_TAAGTGCCATCGATTG-1,Monocytes
PBS_TACACGAAGCACACAG-1,Dendritic cells
PBS_TACACGAGTAACGTTC-1,Macrophages
PBS_TACACGAGTGCCTTGG-1,Monocytes
PBS_TACACGAGTTCCGTCT-1,Monocytes
PBS_TACAGTGCAGGTCTCG-1,Monocytes
PBS_TACAGTGTCCAACCAA-1,Monocytes
PBS_TACCTATAGGTGCAAC-1,Monocytes
PBS_TACCTATGTAGAAGGA-1,Dendritic cells
PBS_TACCTTACAAGAGGCT-1,Monocytes
PBS_TACCTTACACAACTGT-1,NK cells
PBS_TACCTTATCCGCAAGC-1,T cells
PBS_TACGGATAGTCCAGGA-1,Granulocytes
PBS_TACGGATAGTGATCGG-1,Monocytes
PBS_TACGGTACATTGGCGC-1,Macrophages
PBS_TACGGTAGTAAAGGAG-1,Monocytes
PBS_TACGGTAGTCTCTCTG-1,Monocytes
PBS_TACGGTATCACCATAG-1,Monocytes
PBS_TACTCATAGACACTAA-1,Monocytes
PBS_TACTCATAGAGACTAT-1,Monocytes
PBS_TACTCATGTCTTCAAG-1,Monocytes
PBS_TACTCATTCGTAGGTT-1,Monocytes
PBS_TACTCGCCAAAGGAAG-1,Monocytes
PBS_TACTCGCGTATAGTAG-1,Macrophages
PBS_TACTCGCGTGTGAATA-1,Monocytes
PBS_TACTCGCTCCTAGGGC-1,Monocytes
PBS_TACTTACGTGGCAAAC-1,Monocytes
PBS_TACTTACGTGGCCCTA-1,Monocytes
PBS_TACTTGTAGAAGGGTA-1,Macrophages
PBS_TACTTGTGTTTAGGAA-1,Monocytes
PBS_TACTTGTTCCTGCCAT-1,Monocytes
PBS_TAGACCAGTCCAGTGC-1,Monocytes
PBS_TAGACCAGTGAAATCA-1,Macrophages
PBS_TAGCCGGTCGCACTCT-1,Monocytes
PBS_TAGCCGGTCGTGACAT-1,Monocytes
PBS_TAGGCATTCAATAAGG-1,Monocytes
PBS_TAGTTGGAGCGATGAC-1,Monocytes
PBS_TAGTTGGAGGGTCTCC-1,Monocytes
PBS_TAGTTGGAGTTCGCGC-1,Monocytes
PBS_TAGTTGGCAAGCGTAG-1,Monocytes
PBS_TAGTTGGTCCCAAGTA-1,T cells
PBS_TAGTTGGTCCGGCACA-1,Macrophages
PBS_TATCAGGGTGGACGAT-1,Monocytes
PBS_TATCTCACAGTCAGAG-1,Monocytes
PBS_TATCTCACATATACGC-1,T cells
PBS_TATGCCCGTGCTCTTC-1,Monocytes
PBS_TATGCCCTCATCACCC-1,Macrophages
PBS_TATGCCCTCCAAGCCG-1,Monocytes
PBS_TATGCCCTCTGTACGA-1,Monocytes
PBS_TATTACCAGACAGGCT-1,Monocytes
PBS_TATTACCCACTACAGT-1,Macrophages
PBS_TATTACCGTGATGTGG-1,Monocytes
PBS_TATTACCTCGTATCAG-1,Monocytes
PBS_TCAACGAAGAAGGCCT-1,Granulocytes
PBS_TCAACGACACCACCAG-1,Monocytes
PBS_TCAATCTTCACAGGCC-1,Monocytes
PBS_TCACAAGAGACTTGAA-1,Monocytes
PBS_TCACAAGAGCATGGCA-1,Monocytes
PBS_TCACGAAAGAGCTGGT-1,Macrophages
PBS_TCACGAACAGACGCAA-1,Macrophages
PBS_TCAGATGAGAGTTGGC-1,Macrophages
PBS_TCAGATGAGCGTAATA-1,Monocytes
PBS_TCAGATGAGGTGATTA-1,Macrophages
PBS_TCAGATGGTGTGGCTC-1,Dendritic cells
PBS_TCAGCAAAGCGTGAAC-1,Macrophages
PBS_TCAGCAAAGTGTTAGA-1,Macrophages
PBS_TCAGCAAGTAATTGGA-1,Monocytes
PBS_TCAGCAAGTTAAGACA-1,Monocytes
PBS_TCAGCAATCAGTACGT-1,Dendritic cells
PBS_TCAGCAATCGCGCCAA-1,Monocytes
PBS_TCAGCTCAGCCAGTTT-1,Monocytes
PBS_TCAGCTCAGGAATGGA-1,Macrophages
PBS_TCAGCTCGTGCGATAG-1,Macrophages
PBS_TCAGCTCTCTTGCCGT-1,Monocytes
PBS_TCAGGATAGTACGATA-1,Monocytes
PBS_TCAGGATTCATGTGGT-1,Monocytes
PBS_TCAGGTAAGGCTAGCA-1,Macrophages
PBS_TCAGGTAGTAAGGGCT-1,Monocytes
PBS_TCAGGTAGTACAAGTA-1,Monocytes
PBS_TCATTACTCGGTCTAA-1,Macrophages
PBS_TCCACACGTCAAGCGA-1,Monocytes
PBS_TCCCGATCAACGATCT-1,Macrophages
PBS_TCCCGATGTGTTAAGA-1,Monocytes
PBS_TCCCGATTCATAGCAC-1,Granulocytes
PBS_TCGAGGCCATAGGATA-1,Monocytes
PBS_TCGCGTTAGCCAACAG-1,Monocytes
PBS_TCGCGTTAGCTAAACA-1,Granulocytes
PBS_TCGCGTTGTACGCTGC-1,Monocytes
PBS_TCGCGTTGTCTTCAAG-1,Monocytes
PBS_TCGGGACAGACCTAGG-1,Macrophages
PBS_TCGGGACCAAACGCGA-1,Monocytes
PBS_TCGGGACTCCTCGCAT-1,Monocytes
PBS_TCGGGACTCGTGACAT-1,Monocytes
PBS_TCGGTAAGTCTGGAGA-1,Monocytes
PBS_TCGTACCCACGGTAGA-1,Monocytes
PBS_TCGTACCGTCTCTTTA-1,Monocytes
PBS_TCGTAGACACTAAGTC-1,Granulocytes
PBS_TCGTAGACATACGCCG-1,Monocytes
PBS_TCGTAGACATGTAGTC-1,Macrophages
PBS_TCGTAGAGTGTGGTTT-1,Macrophages
PBS_TCGTAGATCACGCGGT-1,T cells
PBS_TCTATTGAGCGGATCA-1,Monocytes
PBS_TCTATTGAGTGGGCTA-1,Macrophages
PBS_TCTATTGGTCCGACGT-1,Macrophages
PBS_TCTATTGTCACCACCT-1,Macrophages
PBS_TCTCATAAGATATACG-1,Monocytes
PBS_TCTCATAAGATCTGCT-1,Macrophages
PBS_TCTCATACAACAACCT-1,Macrophages
PBS_TCTCATAGTCTTCGTC-1,Monocytes
PBS_TCTCATATCTATCCCG-1,Monocytes
PBS_TCTCTAACATGGATGG-1,Macrophages
PBS_TCTCTAACATTGCGGC-1,Macrophages
PBS_TCTCTAAGTTGAGGTG-1,Monocytes
PBS_TCTGAGAAGCTGTCTA-1,Macrophages
PBS_TCTGAGAAGGAGTCTG-1,Monocytes
PBS_TCTGGAAAGGGTCTCC-1,Monocytes
PBS_TCTTTCCAGGCACATG-1,Monocytes
PBS_TCTTTCCAGGCTCAGA-1,Monocytes
PBS_TGAAAGAGTATTCGTG-1,Macrophages
PBS_TGACAACAGCCACGTC-1,Granulocytes
PBS_TGACAACAGGAGCGTT-1,Monocytes
PBS_TGACAACAGTGGGATC-1,Monocytes
PBS_TGACGGCCATATGGTC-1,Monocytes
PBS_TGACGGCGTAAAGGAG-1,Monocytes
PBS_TGACGGCGTATTCGTG-1,Monocytes
PBS_TGACGGCGTGGTGTAG-1,Monocytes
PBS_TGACTAGCAGCCTTTC-1,Monocytes
PBS_TGACTAGCATCAGTCA-1,Monocytes
PBS_TGACTAGTCCTTGACC-1,Monocytes
PBS_TGACTAGTCGAGAACG-1,Dendritic cells
PBS_TGACTTTTCAGCACAT-1,Monocytes
PBS_TGACTTTTCTTGCCGT-1,Monocytes
PBS_TGAGAGGGTTCTGAAC-1,Monocytes
PBS_TGAGAGGTCATTGCGA-1,Monocytes
PBS_TGAGAGGTCTATGTGG-1,Macrophages
PBS_TGAGCATGTTCGTGAT-1,Monocytes
PBS_TGAGCCGCACTTGGAT-1,Monocytes
PBS_TGAGCCGCAGTAAGCG-1,Monocytes
PBS_TGAGCCGTCAGGCCCA-1,Monocytes
PBS_TGAGCCGTCGTAGGAG-1,Monocytes
PBS_TGAGGGAAGGTGGGTT-1,Macrophages
PBS_TGAGGGACAGACAAAT-1,Granulocytes
PBS_TGAGGGAGTAGAAAGG-1,Monocytes
PBS_TGAGGGAGTATAATGG-1,Macrophages
PBS_TGATTTCAGCAGCCTC-1,Monocytes
PBS_TGCACCTCACGGTAGA-1,Monocytes
PBS_TGCACCTGTGAAAGAG-1,Monocytes
PBS_TGCCCATGTCCGAAGA-1,Monocytes
PBS_TGCCCTACAGTGGGAT-1,Monocytes
PBS_TGCCCTACATGCTAGT-1,Monocytes
PBS_TGCCCTAGTCCTCCAT-1,Monocytes
PBS_TGCGCAGAGTGGTCCC-1,Monocytes
PBS_TGCGCAGAGTTAGCGG-1,Monocytes
PBS_TGCGCAGCAGGGTATG-1,Monocytes
PBS_TGCGCAGGTTAGAACA-1,Macrophages
PBS_TGCGGGTCAATAACGA-1,Monocytes
PBS_TGCGGGTGTCTCATCC-1,Monocytes
PBS_TGCGGGTGTGCTGTAT-1,Monocytes
PBS_TGCGTGGAGATCCTGT-1,Macrophages
PBS_TGCGTGGTCAAGGCTT-1,Macrophages
PBS_TGCTACCTCCTAGAAC-1,Macrophages
PBS_TGCTGCTAGGCTAGAC-1,Monocytes
PBS_TGCTGCTTCTAACTCT-1,Monocytes
PBS_TGGACGCAGGATATAC-1,Monocytes
PBS_TGGACGCAGGCTAGGT-1,Monocytes
PBS_TGGACGCAGGGAAACA-1,Monocytes
PBS_TGGACGCCAGGATTGG-1,Monocytes
PBS_TGGACGCGTCCGTGAC-1,Monocytes
PBS_TGGCCAGCAGTATCTG-1,Monocytes
PBS_TGGCTGGTCATTATCC-1,Monocytes
PBS_TGGGAAGAGGTGCAAC-1,Monocytes
PBS_TGGGAAGAGTTATCGC-1,Monocytes
PBS_TGGGAAGTCACTTACT-1,Monocytes
PBS_TGGGAAGTCATGCTCC-1,Macrophages
PBS_TGGGAAGTCTATCCTA-1,Monocytes
PBS_TGGGCGTCACAGGTTT-1,Monocytes
PBS_TGGGCGTCACCGGAAA-1,Monocytes
PBS_TGGTTAGGTAAGGATT-1,Monocytes
PBS_TGGTTAGTCAACCATG-1,Monocytes
PBS_TGGTTAGTCGGCGCAT-1,Monocytes
PBS_TGGTTCCGTTCCACGG-1,Monocytes
PBS_TGTATTCAGTGCCAGA-1,Monocytes
PBS_TGTATTCCAAGTTAAG-1,Macrophages
PBS_TGTATTCCATCGGAAG-1,Monocytes
PBS_TGTATTCGTTCTGAAC-1,Monocytes
PBS_TGTCCCAAGACATAAC-1,Monocytes
PBS_TGTCCCAAGTAATCCC-1,Monocytes
PBS_TGTCCCACATGGTTGT-1,Monocytes
PBS_TGTCCCAGTAAGTAGT-1,T cells
PBS_TGTCCCAGTGGTACAG-1,Monocytes
PBS_TGTGGTAGTTTGTTTC-1,Monocytes
PBS_TGTTCCGAGTCCATAC-1,Macrophages
PBS_TGTTCCGGTATAGGTA-1,Monocytes
PBS_TGTTCCGGTCGTCTTC-1,Macrophages
PBS_TTAGGACTCAGCGACC-1,Monocytes
PBS_TTAGGCAAGTACCGGA-1,Monocytes
PBS_TTAGGCAAGTCGAGTG-1,Monocytes
PBS_TTAGGCAGTAGCGTGA-1,Monocytes
PBS_TTAGGCATCCACGTTC-1,Macrophages
PBS_TTAGTTCAGTCAATAG-1,Dendritic cells
PBS_TTAGTTCGTTTCCACC-1,Monocytes
PBS_TTAGTTCTCAACACAC-1,Monocytes
PBS_TTAGTTCTCGCAAACT-1,Monocytes
PBS_TTATGCTAGTCACGCC-1,Monocytes
PBS_TTCGAAGCACCACCAG-1,Monocytes
PBS_TTCGGTCCATCGGTTA-1,Monocytes
PBS_TTCGGTCTCGTGGTCG-1,Monocytes
PBS_TTCTACAAGTCCCACG-1,Macrophages
PBS_TTCTACACAGGATTGG-1,Granulocytes
PBS_TTCTACATCCCTCAGT-1,Monocytes
PBS_TTCTCAACACGAAGCA-1,Monocytes
PBS_TTCTCCTCAGTAGAGC-1,Monocytes
PBS_TTCTTAGGTCGCGTGT-1,Monocytes
PBS_TTCTTAGTCTTTCCTC-1,Monocytes
PBS_TTGACTTAGAGCTGCA-1,Monocytes
PBS_TTGACTTAGCCCAGCT-1,Monocytes
PBS_TTGACTTAGGGTTTCT-1,Monocytes
PBS_TTGACTTGTCTCCCTA-1,Monocytes
PBS_TTGCCGTAGAAGGCCT-1,Monocytes
PBS_TTGCCGTAGTCCATAC-1,Macrophages
PBS_TTGCGTCAGTGTACGG-1,Monocytes
PBS_TTGCGTCGTACCTACA-1,Monocytes
PBS_TTGCGTCGTTGCGTTA-1,Monocytes
PBS_TTGTAGGAGGACAGAA-1,Monocytes
PBS_TTGTAGGGTGGCTCCA-1,Monocytes
PBS_TTGTAGGGTTCACGGC-1,Monocytes
PBS_TTGTAGGTCTCCAACC-1,Granulocytes
PBS_TTTACTGTCCAGTATG-1,Monocytes
PBS_TTTATGCAGATACACA-1,Monocytes
PBS_TTTATGCAGCTATGCT-1,Monocytes
PBS_TTTATGCAGGATGGTC-1,Monocytes
PBS_TTTATGCTCAACTCTT-1,Macrophages
PBS_TTTCCTCAGATGAGAG-1,Monocytes
PBS_TTTCCTCCAACGATCT-1,Monocytes
PBS_TTTCCTCCACCCAGTG-1,Monocytes
PBS_TTTCCTCGTGCCTGGT-1,Monocytes
PBS_TTTCCTCGTGGGTATG-1,Macrophages
PBS_TTTGCGCAGCCCAATT-1,Macrophages
PBS_TTTGCGCAGTCTCCTC-1,Monocytes
PBS_TTTGCGCGTTAGTGGG-1,Monocytes
PBS_TTTGCGCTCCTAAGTG-1,Monocytes
PBS_TTTGCGCTCGAACTGT-1,Monocytes
PBS_TTTGGTTAGAGTTGGC-1,Monocytes
PBS_TTTGGTTGTATATGAG-1,Macrophages
ENT_AAACCTGAGACTAAGT-1,Monocytes
ENT_AAACCTGAGATGTTAG-1,Monocytes
ENT_AAACCTGAGCAACGGT-1,Monocytes
ENT_AAACCTGAGGTAGCTG-1,Monocytes
ENT_AAACCTGGTGTGAATA-1,Monocytes
ENT_AAACCTGGTTGCGTTA-1,Monocytes
ENT_AAACCTGTCGACGGAA-1,Monocytes
ENT_AAACGGGAGACAGACC-1,Monocytes
ENT_AAACGGGTCGTAGGTT-1,Monocytes
ENT_AAAGATGCAGGTCCAC-1,Monocytes
ENT_AAAGATGGTATATCCG-1,Monocytes
ENT_AAAGATGTCGCTTGTC-1,Monocytes
ENT_AAAGCAACAATAGCAA-1,Monocytes
ENT_AAAGCAACAATGGTCT-1,Monocytes
ENT_AAAGCAACACAGGTTT-1,Dendritic cells
ENT_AAAGCAAGTAAGCACG-1,T cells
ENT_AAAGCAAGTATATCCG-1,Monocytes
ENT_AAAGTAGCATATGAGA-1,Monocytes
ENT_AAAGTAGTCGGCGGTT-1,Monocytes
ENT_AAATGCCAGTCATCCA-1,Monocytes
ENT_AAATGCCCAAGGACAC-1,Monocytes
ENT_AAATGCCCACGGACAA-1,T cells
ENT_AAATGCCCAGTAGAGC-1,Monocytes
ENT_AACACGTAGTCATGCT-1,Monocytes
ENT_AACACGTGTCTAAAGA-1,Monocytes
ENT_AACACGTGTTCAGTAC-1,Monocytes
ENT_AACACGTGTTCCCTTG-1,Granulocytes
ENT_AACCATGAGACTAAGT-1,Dendritic cells
ENT_AACCATGCAGCAGTTT-1,Granulocytes
ENT_AACCATGCATGTTCCC-1,T cells
ENT_AACCATGGTCCATCCT-1,Dendritic cells
ENT_AACCATGTCGATCCCT-1,Monocytes
ENT_AACCGCGAGTAGATGT-1,Monocytes
ENT_AACCGCGAGTGATCGG-1,Monocytes
ENT_AACCGCGCAAAGTCAA-1,Granulocytes
ENT_AACCGCGGTGATGTGG-1,Monocytes
ENT_AACCGCGTCAGGTAAA-1,Granulocytes
ENT_AACGTTGCACTGTGTA-1,Monocytes
ENT_AACGTTGTCAAGAAGT-1,Granulocytes
ENT_AACTCAGCAATCCAAC-1,Monocytes
ENT_AACTCAGCATTGAGCT-1,Monocytes
ENT_AACTCAGGTCAAGCGA-1,Dendritic cells
ENT_AACTCAGTCTCCAGGG-1,Dendritic cells
ENT_AACTCCCCAAATACAG-1,Monocytes
ENT_AACTCCCGTCCGCTGA-1,Monocytes
ENT_AACTCCCGTGAACCTT-1,Monocytes
ENT_AACTCTTAGAAGGTTT-1,Monocytes
ENT_AACTCTTAGGAGTCTG-1,Monocytes
ENT_AACTCTTAGTCATGCT-1,Monocytes
ENT_AACTCTTCAATAGAGT-1,Monocytes
ENT_AACTGGTCAAGCGTAG-1,Monocytes
ENT_AACTGGTCATGCAACT-1,Monocytes
ENT_AACTGGTGTCTCCATC-1,Dendritic cells
ENT_AACTGGTGTGCCTGCA-1,Monocytes
ENT_AACTGGTTCACATAGC-1,Monocytes
ENT_AACTGGTTCTAACTTC-1,Monocytes
ENT_AACTTTCAGAAACGCC-1,Monocytes
ENT_AACTTTCAGGCCGAAT-1,Granulocytes
ENT_AACTTTCCACATCCGG-1,Granulocytes
ENT_AAGACCTAGCCGGTAA-1,Monocytes
ENT_AAGACCTCAAGGTGTG-1,Monocytes
ENT_AAGACCTGTAGATTAG-1,Monocytes
ENT_AAGACCTGTCTTCAAG-1,Monocytes
ENT_AAGACCTTCTAACCGA-1,Monocytes
ENT_AAGCCGCCAATGAAAC-1,Monocytes
ENT_AAGCCGCCATTTCACT-1,Monocytes
ENT_AAGCCGCGTTGTGGCC-1,Monocytes
ENT_AAGCCGCGTTTGGGCC-1,Monocytes
ENT_AAGCCGCTCGCTGATA-1,Monocytes
ENT_AAGGAGCAGACGCTTT-1,Monocytes
ENT_AAGGAGCAGCATCATC-1,Monocytes
ENT_AAGGAGCAGTCCGGTC-1,Monocytes
ENT_AAGGAGCCAAGCGATG-1,Monocytes
ENT_AAGGCAGAGTTGAGAT-1,Monocytes
ENT_AAGGCAGGTAGAGCTG-1,Monocytes
ENT_AAGGCAGGTCAGATAA-1,Dendritic cells
ENT_AAGGCAGGTGAGTATA-1,Monocytes
ENT_AAGGCAGGTTGTCGCG-1,Monocytes
ENT_AAGGCAGTCTCTAGGA-1,Monocytes
ENT_AAGGTTCCAAATACAG-1,Dendritic cells
ENT_AAGGTTCTCACTTATC-1,Monocytes
ENT_AAGGTTCTCCGAACGC-1,Monocytes
ENT_AAGTCTGAGAACAACT-1,Monocytes
ENT_AAGTCTGAGCTGAACG-1,Monocytes
ENT_AAGTCTGGTACAGACG-1,Monocytes
ENT_AAGTCTGGTATATCCG-1,Monocytes
ENT_AAGTCTGGTGCAGGTA-1,Monocytes
ENT_AAGTCTGGTGGCCCTA-1,Monocytes
ENT_AAGTCTGTCAGTCAGT-1,Monocytes
ENT_AAGTCTGTCGGAATCT-1,T cells
ENT_AATCCAGAGGTGTGGT-1,Monocytes
ENT_AATCCAGAGTTAGCGG-1,Monocytes
ENT_AATCCAGCACCGAATT-1,Monocytes
ENT_AATCCAGCAGCGTTCG-1,Monocytes
ENT_AATCCAGGTCAGAATA-1,Granulocytes
ENT_AATCCAGTCAGGCCCA-1,Monocytes
ENT_AATCCAGTCATTTGGG-1,Granulocytes
ENT_AATCCAGTCCGTAGTA-1,Monocytes
ENT_AATCGGTAGCGATAGC-1,Dendritic cells
ENT_AATCGGTAGTTGAGTA-1,Monocytes
ENT_AATCGGTCACTTACGA-1,Dendritic cells
ENT_AATCGGTGTGTTTGGT-1,Monocytes
ENT_AATCGGTTCGCGCCAA-1,Granulocytes
ENT_AATCGGTTCGTCGTTC-1,Dendritic cells
ENT_ACACCAAAGCTGCGAA-1,Monocytes
ENT_ACACCAAAGTGTTTGC-1,Monocytes
ENT_ACACCAACAAGTTAAG-1,Monocytes
ENT_ACACCAACATAACCTG-1,Monocytes
ENT_ACACCAAGTGCTTCTC-1,Monocytes
ENT_ACACCAATCATGTCCC-1,Monocytes
ENT_ACACCAATCTTTAGGG-1,Dendritic cells
ENT_ACACCCTAGACGCACA-1,Granulocytes
ENT_ACACCCTCATTCGACA-1,Monocytes
ENT_ACACCGGAGAGCTTCT-1,Monocytes
ENT_ACACCGGAGTATCTCG-1,Macrophages
ENT_ACACCGGAGTCTCGGC-1,Monocytes
ENT_ACACCGGCACCCTATC-1,Monocytes
ENT_ACACCGGCACTAAGTC-1,Granulocytes
ENT_ACACCGGGTTCCAACA-1,Monocytes
ENT_ACACCGGTCACTTATC-1,Monocytes
ENT_ACACCGGTCAGTCAGT-1,T cells
ENT_ACACCGGTCATGTCTT-1,Macrophages
ENT_ACACCGGTCCAGAGGA-1,Monocytes
ENT_ACACTGACAGCTCCGA-1,Monocytes
ENT_ACACTGACATCACGTA-1,Monocytes
ENT_ACACTGAGTTTGGCGC-1,Monocytes
ENT_ACACTGATCGCAAGCC-1,Dendritic cells
ENT_ACAGCCGCAAAGGTGC-1,Monocytes
ENT_ACAGCCGCAAGAAAGG-1,Macrophages
ENT_ACAGCCGGTAGTGAAT-1,Monocytes
ENT_ACAGCCGGTTAAGTAG-1,Monocytes
ENT_ACAGCCGTCAGCTCTC-1,Monocytes
ENT_ACAGCTAAGAGACTAT-1,Monocytes
ENT_ACAGCTAAGGCTCATT-1,Dendritic cells
ENT_ACAGCTAAGTTGCAGG-1,Monocytes
ENT_ACAGCTACACAGACAG-1,Monocytes
ENT_ACAGCTACATGGGACA-1,Dendritic cells
ENT_ACAGCTAGTAGCTTGT-1,Monocytes
ENT_ACAGCTAGTGACGCCT-1,Granulocytes
ENT_ACAGCTAGTGGCGAAT-1,Monocytes
ENT_ACAGCTATCATTTGGG-1,Monocytes
ENT_ACAGCTATCCTATGTT-1,Macrophages
ENT_ACAGCTATCTCTGAGA-1,Monocytes
ENT_ACATACGAGAAGGGTA-1,Monocytes
ENT_ACATACGCACAACGTT-1,Dendritic cells
ENT_ACATACGCAGGCTGAA-1,Monocytes
ENT_ACATCAGAGACAGACC-1,Monocytes
ENT_ACATCAGCAATCAGAA-1,Granulocytes
ENT_ACATCAGTCGTCACGG-1,Granulocytes
ENT_ACATGGTAGGCCCGTT-1,Monocytes
ENT_ACATGGTCACGGTAGA-1,Granulocytes
ENT_ACATGGTCAGTGAGTG-1,Monocytes
ENT_ACATGGTTCGTGACAT-1,Monocytes
ENT_ACCAGTACACCAGTTA-1,Monocytes
ENT_ACCAGTACACCTGGTG-1,Monocytes
ENT_ACCAGTAGTAGCGTAG-1,Dendritic cells
ENT_ACCAGTAGTTAAGATG-1,Dendritic cells
ENT_ACCAGTAGTTAGGGTG-1,Granulocytes
ENT_ACCAGTATCTCTGAGA-1,Granulocytes
ENT_ACCCACTAGAGGTTAT-1,Granulocytes
ENT_ACCCACTAGGTGATAT-1,Monocytes
ENT_ACCCACTGTCTGGTCG-1,Monocytes
ENT_ACCCACTGTGATGTGG-1,Monocytes
ENT_ACCCACTGTTTGACTG-1,Monocytes
ENT_ACCCACTTCTTTAGTC-1,Monocytes
ENT_ACCGTAACAGCATGAG-1,Monocytes
ENT_ACCTTTAAGGCTAGCA-1,Monocytes
ENT_ACCTTTACAATGTTGC-1,Monocytes
ENT_ACCTTTACACGTCAGC-1,Monocytes
ENT_ACCTTTACAGCCAATT-1,Monocytes
ENT_ACCTTTAGTTGAGTTC-1,Monocytes
ENT_ACGAGCCCAGCGAACA-1,Granulocytes
ENT_ACGAGCCCAGCTCGCA-1,Granulocytes
ENT_ACGAGCCCATTCACTT-1,Granulocytes
ENT_ACGAGCCGTCCGAGTC-1,Granulocytes
ENT_ACGAGCCGTGCTTCTC-1,Monocytes
ENT_ACGAGGAAGCTAGTCT-1,Monocytes
ENT_ACGAGGACAACGCACC-1,Dendritic cells
ENT_ACGAGGACATAACCTG-1,Granulocytes
ENT_ACGAGGAGTACCGGCT-1,Monocytes
ENT_ACGAGGAGTGCTCTTC-1,T cells
ENT_ACGAGGAGTGGTCTCG-1,Granulocytes
ENT_ACGAGGAGTGTGACCC-1,Monocytes
ENT_ACGAGGAGTTGTTTGG-1,Monocytes
ENT_ACGATACAGGAGTAGA-1,Dendritic cells
ENT_ACGATACCAGTAGAGC-1,Granulocytes
ENT_ACGATACGTACAGCAG-1,Monocytes
ENT_ACGATACGTGATGTGG-1,Dendritic cells
ENT_ACGATACGTGTTGGGA-1,Monocytes
ENT_ACGATACTCACAATGC-1,Monocytes
ENT_ACGATGTAGAGTCTGG-1,Monocytes
ENT_ACGATGTAGCCCAACC-1,Monocytes
ENT_ACGATGTCACTCTGTC-1,Macrophages
ENT_ACGATGTGTTGTCTTT-1,Monocytes
ENT_ACGATGTTCAGCAACT-1,T cells
ENT_ACGATGTTCTCGCATC-1,Granulocytes
ENT_ACGCAGCTCTGGCGTG-1,Granulocytes
ENT_ACGCCAGCACAACTGT-1,Monocytes
ENT_ACGCCAGGTACTCAAC-1,Monocytes
ENT_ACGCCAGGTTACCGAT-1,T cells
ENT_ACGCCGAAGGACAGAA-1,Granulocytes
ENT_ACGCCGAAGGCTAGCA-1,Monocytes
ENT_ACGCCGATCAAGAAGT-1,Monocytes
ENT_ACGGAGAAGTAGGCCA-1,Monocytes
ENT_ACGGAGAGTGGACGAT-1,Monocytes
ENT_ACGGCCAAGCCTCGTG-1,T cells
ENT_ACGGCCACATGTTCCC-1,Granulocytes
ENT_ACGGCCAGTCTAGTCA-1,Monocytes
ENT_ACGGCCATCACCCTCA-1,Monocytes
ENT_ACGGCCATCATGCTCC-1,Monocytes
ENT_ACGGCCATCTGCAGTA-1,Granulocytes
ENT_ACGGGCTAGAGCTGGT-1,Macrophages
ENT_ACGGGCTAGCCCAATT-1,Monocytes
ENT_ACGGGCTAGTGTTGAA-1,Monocytes
ENT_ACGGGCTCATACGCTA-1,Monocytes
ENT_ACGGGCTGTGACTCAT-1,Monocytes
ENT_ACGGGCTGTTAAGATG-1,Dendritic cells
ENT_ACGGGCTTCCAGATCA-1,Monocytes
ENT_ACGGGCTTCCTAGAAC-1,Granulocytes
ENT_ACGGGCTTCTGCTTGC-1,Monocytes
ENT_ACGGGTCAGTTTGCGT-1,Monocytes
ENT_ACGTCAAAGATGAGAG-1,Dendritic cells
ENT_ACGTCAAAGCAGATCG-1,Monocytes
ENT_ACGTCAATCCTCAACC-1,Monocytes
ENT_ACTATCTAGAAAGTGG-1,T cells
ENT_ACTATCTCACGAGAGT-1,Granulocytes
ENT_ACTATCTGTGGCAAAC-1,Monocytes
ENT_ACTGAACAGCGTAATA-1,Monocytes
ENT_ACTGAACGTTGTCGCG-1,Monocytes
ENT_ACTGAACTCCTTGACC-1,Dendritic cells
ENT_ACTGAGTTCGAGGTAG-1,Monocytes
ENT_ACTGAGTTCGCAAGCC-1,Granulocytes
ENT_ACTGAGTTCTGTTTGT-1,Monocytes
ENT_ACTGATGAGTTCGCGC-1,Monocytes
ENT_ACTGATGCAATGGATA-1,Granulocytes
ENT_ACTGATGCACGAAATA-1,Granulocytes
ENT_ACTGATGTCATGTCTT-1,Monocytes
ENT_ACTGCTCCAATGAATG-1,Monocytes
ENT_ACTGCTCGTAAATACG-1,Granulocytes
ENT_ACTGCTCGTAATAGCA-1,Monocytes
ENT_ACTGCTCGTCATACTG-1,Monocytes
ENT_ACTGCTCGTCATATCG-1,Granulocytes
ENT_ACTGCTCGTGACAAAT-1,Monocytes
ENT_ACTGCTCGTGGCTCCA-1,Monocytes
ENT_ACTGTCCAGATGTTAG-1,Granulocytes
ENT_ACTGTCCAGCTAGTGG-1,Monocytes
ENT_ACTGTCCTCACATACG-1,Monocytes
ENT_ACTGTCCTCCAAGCCG-1,Monocytes
ENT_ACTTACTAGTGGGTTG-1,Monocytes
ENT_ACTTACTCAAAGGCGT-1,Dendritic cells
ENT_ACTTACTGTGACGCCT-1,Granulocytes
ENT_ACTTACTGTTGAACTC-1,Dendritic cells
ENT_ACTTGTTAGCAGCCTC-1,Dendritic cells
ENT_ACTTGTTCACAGGCCT-1,Monocytes
ENT_ACTTGTTCACGGCGTT-1,Monocytes
ENT_ACTTGTTTCTTGCAAG-1,Monocytes
ENT_ACTTTCAAGCTTTGGT-1,NK cells
ENT_ACTTTCAAGGGTTCCC-1,Monocytes
ENT_ACTTTCAAGGTGACCA-1,Monocytes
ENT_ACTTTCACACGGATAG-1,Monocytes
ENT_ACTTTCAGTCTAGTGT-1,Monocytes
ENT_AGAATAGGTGTTTGTG-1,Monocytes
ENT_AGACGTTAGACAAAGG-1,Monocytes
ENT_AGACGTTAGCGCTCCA-1,Monocytes
ENT_AGACGTTCATTCCTCG-1,Monocytes
ENT_AGACGTTGTCGACTGC-1,Monocytes
ENT_AGACGTTGTGGCAAAC-1,Monocytes
ENT_AGACGTTTCCTTAATC-1,Monocytes
ENT_AGAGCGAAGTGTGGCA-1,Monocytes
ENT_AGAGCGACACCTTGTC-1,Monocytes
ENT_AGAGCTTAGACAGGCT-1,Granulocytes
ENT_AGAGCTTAGGAACTGC-1,Monocytes
ENT_AGAGCTTAGGACAGAA-1,Monocytes
ENT_AGAGCTTCATGCCTAA-1,Monocytes
ENT_AGAGCTTCATTAGCCA-1,Granulocytes
ENT_AGAGCTTGTCAACATC-1,Monocytes
ENT_AGAGCTTGTCGCTTCT-1,Monocytes
ENT_AGAGCTTGTGCGAAAC-1,Monocytes
ENT_AGAGTGGAGGATCGCA-1,Monocytes
ENT_AGATCTGAGGAGTAGA-1,Granulocytes
ENT_AGATCTGAGGAGTTTA-1,Monocytes
ENT_AGATCTGAGTCATGCT-1,Monocytes
ENT_AGATCTGCATTTCAGG-1,Monocytes
ENT_AGATCTGGTACAGTGG-1,Monocytes
ENT_AGATCTGGTAGAGGAA-1,Dendritic cells
ENT_AGATCTGTCTAACGGT-1,Monocytes
ENT_AGATTGCAGAGAACAG-1,T cells
ENT_AGATTGCCAACAACCT-1,Dendritic cells
ENT_AGATTGCCATCTCCCA-1,Monocytes
ENT_AGCAGCCAGAGTGACC-1,Monocytes
ENT_AGCATACAGCTAGGCA-1,Monocytes
ENT_AGCATACAGTTAACGA-1,Monocytes
ENT_AGCATACCACTGCCAG-1,Monocytes
ENT_AGCATACTCCGTCATC-1,Monocytes
ENT_AGCCTAACAATCCGAT-1,Monocytes
ENT_AGCCTAACACGTCTCT-1,Monocytes
ENT_AGCCTAAGTAAAGTCA-1,Monocytes
ENT_AGCCTAAGTCGATTGT-1,Dendritic cells
ENT_AGCCTAAGTGACCAAG-1,T cells
ENT_AGCCTAATCCAGAAGG-1,Monocytes
ENT_AGCCTAATCCAGGGCT-1,Monocytes
ENT_AGCCTAATCCCAAGAT-1,Monocytes
ENT_AGCCTAATCTGCCAGG-1,Monocytes
ENT_AGCGGTCCAAGACGTG-1,Monocytes
ENT_AGCGGTCCACCAGCAC-1,Monocytes
ENT_AGCGGTCCAGTCGATT-1,Monocytes
ENT_AGCGGTCGTCTGCCAG-1,Monocytes
ENT_AGCGGTCGTGGTTTCA-1,Monocytes
ENT_AGCGGTCTCTTCAACT-1,Monocytes
ENT_AGCGTATAGTCAATAG-1,Monocytes
ENT_AGCGTATCATATGCTG-1,Monocytes
ENT_AGCGTATGTTGGTTTG-1,Monocytes
ENT_AGCGTATTCTTATCTG-1,Monocytes
ENT_AGCGTCGAGATTACCC-1,Monocytes
ENT_AGCGTCGAGCGATGAC-1,Monocytes
ENT_AGCGTCGGTACCATCA-1,Dendritic cells
ENT_AGCGTCGGTAGCCTAT-1,Monocytes
ENT_AGCTCCTAGAAGGGTA-1,Granulocytes
ENT_AGCTCCTAGATATGGT-1,Dendritic cells
ENT_AGCTCCTAGGACACCA-1,Monocytes
ENT_AGCTCCTCACCATGTA-1,Monocytes
ENT_AGCTCCTCATTGAGCT-1,Monocytes
ENT_AGCTCCTGTCCCTTGT-1,Monocytes
ENT_AGCTCTCAGTGTGGCA-1,Monocytes
ENT_AGCTCTCGTGCACCAC-1,Dendritic cells
ENT_AGCTCTCTCCCTTGTG-1,Monocytes
ENT_AGCTCTCTCTGCAGTA-1,Granulocytes
ENT_AGCTTGAAGTGTACCT-1,Monocytes
ENT_AGCTTGAGTCTGCGGT-1,Dendritic cells
ENT_AGCTTGATCACGGTTA-1,Monocytes
ENT_AGCTTGATCTCGCATC-1,Granulocytes
ENT_AGGCCACAGATATGGT-1,Monocytes
ENT_AGGCCACAGCTGTTCA-1,Monocytes
ENT_AGGCCACCAAGAAGAG-1,Monocytes
ENT_AGGCCACGTAGAGTGC-1,Monocytes
ENT_AGGCCACGTGATGCCC-1,Dendritic cells
ENT_AGGCCACTCATTATCC-1,Monocytes
ENT_AGGCCACTCCAGTAGT-1,Monocytes
ENT_AGGCCACTCCTCCTAG-1,Monocytes
ENT_AGGCCGTAGATATACG-1,Dendritic cells
ENT_AGGCCGTCAATGTTGC-1,Monocytes
ENT_AGGCCGTCAGTGGGAT-1,Granulocytes
ENT_AGGCCGTCATCCTTGC-1,Monocytes
ENT_AGGCCGTGTTAAAGAC-1,Granulocytes
ENT_AGGCCGTTCAGAGCTT-1,Monocytes
ENT_AGGCCGTTCGCTTAGA-1,T cells
ENT_AGGCCGTTCTTTAGTC-1,Monocytes
ENT_AGGGAGTCACGAAGCA-1,Monocytes
ENT_AGGGAGTCAGTATAAG-1,Monocytes
ENT_AGGGAGTGTCTTGATG-1,Monocytes
ENT_AGGGATGAGTACACCT-1,Granulocytes
ENT_AGGGATGCAATGGTCT-1,Monocytes
ENT_AGGGATGCACGGCCAT-1,Monocytes
ENT_AGGGATGGTTAAAGAC-1,Monocytes
ENT_AGGGATGGTTCGTCTC-1,Monocytes
ENT_AGGGATGTCCCTTGCA-1,Macrophages
ENT_AGGGATGTCCGCTGTT-1,Monocytes
ENT_AGGGATGTCCGTAGTA-1,Monocytes
ENT_AGGGTGACATCGTCGG-1,Macrophages
ENT_AGGGTGACATGGGAAC-1,Monocytes
ENT_AGGGTGAGTTGTCTTT-1,Dendritic cells
ENT_AGGGTGATCAGTGTTG-1,Monocytes
ENT_AGGTCATAGAAGGACA-1,Dendritic cells
ENT_AGGTCATAGCGATAGC-1,Monocytes
ENT_AGGTCATAGCTTATCG-1,T cells
ENT_AGGTCATAGTCCTCCT-1,Monocytes
ENT_AGGTCATCATTCGACA-1,Monocytes
ENT_AGGTCATGTACGAAAT-1,Monocytes
ENT_AGGTCATTCATAAAGG-1,Granulocytes
ENT_AGGTCATTCGGATGTT-1,Monocytes
ENT_AGTAGTCAGAAACGCC-1,Granulocytes
ENT_AGTAGTCAGACCGGAT-1,Monocytes
ENT_AGTAGTCAGCTAGGCA-1,Dendritic cells
ENT_AGTAGTCAGGCCATAG-1,Monocytes
ENT_AGTAGTCCAATGTTGC-1,Monocytes
ENT_AGTAGTCCAGCCTTTC-1,Monocytes
ENT_AGTAGTCGTAAGGGAA-1,Granulocytes
ENT_AGTAGTCGTTTGGCGC-1,Monocytes
ENT_AGTAGTCTCTTGCAAG-1,Monocytes
ENT_AGTCTTTAGGAGCGTT-1,Monocytes
ENT_AGTCTTTAGTTCCACA-1,Granulocytes
ENT_AGTCTTTCACGTCTCT-1,Monocytes
ENT_AGTCTTTCATCCTAGA-1,Monocytes
ENT_AGTCTTTGTTCATGGT-1,Monocytes
ENT_AGTCTTTGTTTAGGAA-1,Dendritic cells
ENT_AGTCTTTTCAGGATCT-1,Monocytes
ENT_AGTGAGGAGATCTGAA-1,Granulocytes
ENT_AGTGAGGAGGGATGGG-1,Monocytes
ENT_AGTGAGGAGGTCATCT-1,Monocytes
ENT_AGTGAGGCAACGATCT-1,Granulocytes
ENT_AGTGAGGCAGCTGTTA-1,Dendritic cells
ENT_AGTGAGGGTAAGGATT-1,Monocytes
ENT_AGTGAGGGTCCAACTA-1,Monocytes
ENT_AGTGAGGGTTACCAGT-1,Monocytes
ENT_AGTGAGGGTTCAGGCC-1,Monocytes
ENT_AGTGAGGTCTGTCAAG-1,Monocytes
ENT_AGTGGGAAGAAACCTA-1,Monocytes
ENT_AGTGGGAAGTGGAGTC-1,Monocytes
ENT_AGTGGGACATGGAATA-1,Monocytes
ENT_AGTGGGAGTACTTAGC-1,Monocytes
ENT_AGTGGGATCAGAAATG-1,Monocytes
ENT_AGTGTCACAATCGAAA-1,Monocytes
ENT_AGTTGGTAGCAGATCG-1,Monocytes
ENT_AGTTGGTCAAGCGTAG-1,Monocytes
ENT_AGTTGGTCACGACGAA-1,Granulocytes
ENT_AGTTGGTGTCGGGTCT-1,Monocytes
ENT_AGTTGGTTCGCCCTTA-1,Monocytes
ENT_ATAACGCGTAAGAGAG-1,Granulocytes
ENT_ATAACGCGTATGAAAC-1,Granulocytes
ENT_ATAACGCGTCGCATCG-1,Monocytes
ENT_ATAACGCGTCTAACGT-1,Granulocytes
ENT_ATAACGCGTTATGTGC-1,Monocytes
ENT_ATAACGCGTTCCCTTG-1,Monocytes
ENT_ATAACGCGTTGGACCC-1,Monocytes
ENT_ATAAGAGAGGACATTA-1,Dendritic cells
ENT_ATAAGAGCACATGTGT-1,Granulocytes
ENT_ATAAGAGTCCGTCAAA-1,Monocytes
ENT_ATAAGAGTCGCTAGCG-1,Granulocytes
ENT_ATAGACCAGCAGCGTA-1,Monocytes
ENT_ATAGACCCAACACGCC-1,Monocytes
ENT_ATAGACCCAGTCAGCC-1,Monocytes
ENT_ATAGACCCATTCACTT-1,Macrophages
ENT_ATAGACCTCAGGTTCA-1,Monocytes
ENT_ATAGACCTCCTACAGA-1,Dendritic cells
ENT_ATAGACCTCTGGCGAC-1,Monocytes
ENT_ATAGACCTCTGGCGTG-1,Dendritic cells
ENT_ATCACGAAGCCAGTAG-1,Monocytes
ENT_ATCACGAAGTATTGGA-1,Macrophages
ENT_ATCACGAGTAGCGCTC-1,Monocytes
ENT_ATCACGATCCATGCTC-1,Dendritic cells
ENT_ATCATCTAGATCTGAA-1,Monocytes
ENT_ATCATCTAGCCAGGAT-1,Macrophages
ENT_ATCATCTAGTTCGCGC-1,Monocytes
ENT_ATCATCTCACCGAATT-1,Monocytes
ENT_ATCATCTTCGTAGATC-1,Monocytes
ENT_ATCATCTTCTTGTTTG-1,Macrophages
ENT_ATCATGGAGAATGTGT-1,Monocytes
ENT_ATCATGGAGTGCAAGC-1,Granulocytes
ENT_ATCATGGAGTTGTAGA-1,Monocytes
ENT_ATCATGGCAATGCCAT-1,T cells
ENT_ATCATGGCATGTCTCC-1,T cells
ENT_ATCATGGGTAAATGTG-1,Monocytes
ENT_ATCATGGGTCCCTACT-1,T cells
ENT_ATCATGGGTCTAGCGC-1,Monocytes
ENT_ATCCACCAGATCCTGT-1,Monocytes
ENT_ATCCACCAGTCCTCCT-1,Dendritic cells
ENT_ATCCACCCAGAAGCAC-1,Granulocytes
ENT_ATCCACCGTACAGCAG-1,Dendritic cells
ENT_ATCCACCGTGACGCCT-1,Monocytes
ENT_ATCCGAAAGCACACAG-1,Monocytes
ENT_ATCCGAAAGTGTACCT-1,Granulocytes
ENT_ATCCGAACACGCCAGT-1,Granulocytes
ENT_ATCCGAAGTACCATCA-1,Monocytes
ENT_ATCCGAAGTCTAGCGC-1,Monocytes
ENT_ATCCGAAGTGCGCTTG-1,Granulocytes
ENT_ATCCGAAGTGTCTGAT-1,Monocytes
ENT_ATCCGAAGTGTGGTTT-1,Macrophages
ENT_ATCCGAATCAACACAC-1,Monocytes
ENT_ATCCGAATCTGTCTAT-1,Monocytes
ENT_ATCGAGTAGCCATCGC-1,Monocytes
ENT_ATCGAGTAGGCACATG-1,Monocytes
ENT_ATCGAGTCAGGCGATA-1,Monocytes
ENT_ATCGAGTCATGCCTTC-1,Monocytes
ENT_ATCGAGTCATGCTGGC-1,Dendritic cells
ENT_ATCGAGTGTACGCTGC-1,Monocytes
ENT_ATCGAGTTCATGTAGC-1,Monocytes
ENT_ATCGAGTTCCTTGCCA-1,Monocytes
ENT_ATCTACTAGGGTATCG-1,Dendritic cells
ENT_ATCTACTCACTTACGA-1,Monocytes
ENT_ATCTACTGTAGCGTCC-1,Monocytes
ENT_ATCTACTGTGTAAGTA-1,Dendritic cells
ENT_ATCTACTGTTCTGTTT-1,Dendritic cells
ENT_ATCTACTTCAATAAGG-1,Dendritic cells
ENT_ATCTACTTCCGTTGCT-1,Monocytes
ENT_ATCTGCCCAGTCTTCC-1,Monocytes
ENT_ATCTGCCGTTCTGTTT-1,Monocytes
ENT_ATCTGCCTCCGCTGTT-1,Macrophages
ENT_ATCTGCCTCTCGAGTA-1,Monocytes
ENT_ATGAGGGAGCAGGTCA-1,Monocytes
ENT_ATGAGGGCAGACAAGC-1,Granulocytes
ENT_ATGAGGGCAGACAGGT-1,Monocytes
ENT_ATGAGGGGTCCAGTGC-1,Monocytes
ENT_ATGAGGGGTGACAAAT-1,Monocytes
ENT_ATGAGGGTCTGATTCT-1,Monocytes
ENT_ATGCGATAGAATGTGT-1,Monocytes
ENT_ATGCGATAGGACAGCT-1,Monocytes
ENT_ATGGGAGAGGCCCGTT-1,Monocytes
ENT_ATGGGAGGTTAAAGTG-1,Monocytes
ENT_ATGGGAGTCCCGGATG-1,Monocytes
ENT_ATGGGAGTCGTATCAG-1,Macrophages
ENT_ATGTGTGAGGCGTACA-1,Monocytes
ENT_ATGTGTGAGGCTATCT-1,Monocytes
ENT_ATGTGTGAGGGTATCG-1,Monocytes
ENT_ATGTGTGTCAGGTTCA-1,Monocytes
ENT_ATGTGTGTCTTCGGTC-1,Monocytes
ENT_ATTACTCCACCAGTTA-1,Monocytes
ENT_ATTACTCCATGGGACA-1,Macrophages
ENT_ATTACTCGTGGCTCCA-1,Dendritic cells
ENT_ATTACTCTCCGAATGT-1,Monocytes
ENT_ATTACTCTCTTTACAC-1,Monocytes
ENT_ATTATCCAGACAGACC-1,Monocytes
ENT_ATTATCCAGTGACATA-1,Monocytes
ENT_ATTATCCCAGAGCCAA-1,Monocytes
ENT_ATTATCCGTAACGACG-1,Monocytes
ENT_ATTATCCGTAGGCTGA-1,Macrophages
ENT_ATTATCCTCTGTCCGT-1,Monocytes
ENT_ATTCTACCACAAGTAA-1,Monocytes
ENT_ATTCTACGTCACCTAA-1,Granulocytes
ENT_ATTCTACGTGTCAATC-1,Dendritic cells
ENT_ATTCTACGTGTGAATA-1,Monocytes
ENT_ATTCTACTCTCTGTCG-1,Monocytes
ENT_ATTGGACAGCTAGGCA-1,Macrophages
ENT_ATTGGACCAAACCTAC-1,Monocytes
ENT_ATTGGACCAGGTCCAC-1,Monocytes
ENT_ATTGGACGTCGCTTCT-1,Monocytes
ENT_ATTGGACGTCTAGAGG-1,Monocytes
ENT_ATTGGTGAGACGCTTT-1,Granulocytes
ENT_ATTGGTGGTAGTAGTA-1,Macrophages
ENT_ATTGGTGGTGAAAGAG-1,Monocytes
ENT_ATTGGTGTCCATGAGT-1,Monocytes
ENT_ATTGGTGTCTGCCAGG-1,Granulocytes
ENT_ATTTCTGAGTGTACCT-1,Monocytes
ENT_ATTTCTGCACACAGAG-1,Macrophages
ENT_ATTTCTGCACGACGAA-1,Monocytes
ENT_ATTTCTGCAGAAGCAC-1,Monocytes
ENT_ATTTCTGCATGACATC-1,Monocytes
ENT_ATTTCTGCATTCCTGC-1,Granulocytes
ENT_ATTTCTGGTCTAGCGC-1,Dendritic cells
ENT_CAACCAAAGGCGATAC-1,Monocytes
ENT_CAACCAAAGGTGACCA-1,Dendritic cells
ENT_CAACCAAAGTGGAGAA-1,Monocytes
ENT_CAACCAACAGACAGGT-1,Granulocytes
ENT_CAACCAAGTATCTGCA-1,Monocytes
ENT_CAACCAAGTCACCCAG-1,Monocytes
ENT_CAACCTCCACAACGTT-1,Monocytes
ENT_CAACCTCCATCACGAT-1,Monocytes
ENT_CAACTAGAGGGATACC-1,Dendritic cells
ENT_CAACTAGCAAAGCAAT-1,Granulocytes
ENT_CAACTAGCAATAAGCA-1,Monocytes
ENT_CAACTAGCACATTTCT-1,Granulocytes
ENT_CAACTAGGTATAGGGC-1,Monocytes
ENT_CAACTAGTCCCACTTG-1,Monocytes
ENT_CAAGAAACAGTCACTA-1,Monocytes
ENT_CAAGAAACATTTGCCC-1,Monocytes
ENT_CAAGAAAGTCTGATCA-1,Monocytes
ENT_CAAGAAAGTGGTTTCA-1,Dendritic cells
ENT_CAAGAAAGTTGCGCAC-1,Monocytes
ENT_CAAGATCAGATAGCAT-1,Granulocytes
ENT_CAAGATCAGTACCGGA-1,Monocytes
ENT_CAAGATCGTTAGATGA-1,Granulocytes
ENT_CAAGATCTCAAAGTAG-1,Monocytes
ENT_CAAGATCTCTGTTTGT-1,Monocytes
ENT_CAAGGCCCACAGTCGC-1,Monocytes
ENT_CAAGGCCCACTTAAGC-1,Monocytes
ENT_CAAGGCCGTAATCGTC-1,Monocytes
ENT_CAAGTTGAGAGTACCG-1,Monocytes
ENT_CAAGTTGAGATGGGTC-1,Granulocytes
ENT_CAAGTTGAGATTACCC-1,Monocytes
ENT_CAAGTTGAGCTCCTTC-1,Monocytes
ENT_CAAGTTGCAGTCCTTC-1,Monocytes
ENT_CAAGTTGTCGCGGATC-1,Dendritic cells
ENT_CACAAACAGAAGGGTA-1,Dendritic cells
ENT_CACAAACCAGTATCTG-1,Monocytes
ENT_CACAAACTCCTGCCAT-1,Granulocytes
ENT_CACACAAAGGTGTGGT-1,Monocytes
ENT_CACACAATCATGCAAC-1,Monocytes
ENT_CACACCTAGGGCACTA-1,T cells
ENT_CACACCTCAAGTCTGT-1,Dendritic cells
ENT_CACACCTGTGCGCTTG-1,Granulocytes
ENT_CACACCTGTGTGCCTG-1,Monocytes
ENT_CACACCTTCTCCTATA-1,Dendritic cells
ENT_CACACTCAGATCCCAT-1,Granulocytes
ENT_CACACTCAGCGATTCT-1,Macrophages
ENT_CACACTCGTCGCATCG-1,Monocytes
ENT_CACACTCTCACTGGGC-1,Granulocytes
ENT_CACAGGCAGAGTCTGG-1,NK cells
ENT_CACAGGCAGATGTTAG-1,NK cells
ENT_CACAGGCAGGCTAGCA-1,Monocytes
ENT_CACAGGCAGTGTACGG-1,Monocytes
ENT_CACAGGCCAGTCCTTC-1,Monocytes
ENT_CACAGGCTCAAACAAG-1,Monocytes
ENT_CACAGTAAGACTACAA-1,Granulocytes
ENT_CACAGTAAGATCCGAG-1,Granulocytes
ENT_CACAGTAAGGCAGTCA-1,Granulocytes
ENT_CACAGTACACCAGTTA-1,Monocytes
ENT_CACAGTACATTAACCG-1,Monocytes
ENT_CACATAGAGAATGTGT-1,Monocytes
ENT_CACATAGCAAGCTGAG-1,Monocytes
ENT_CACATAGCATGGGACA-1,Granulocytes
ENT_CACATAGGTAGCGTCC-1,Monocytes
ENT_CACATAGTCGCCAAAT-1,Monocytes
ENT_CACATTTAGGCCATAG-1,Monocytes
ENT_CACATTTTCACGAAGG-1,Monocytes
ENT_CACATTTTCGGCTTGG-1,Monocytes
ENT_CACCACTAGACCACGA-1,Dendritic cells
ENT_CACCACTAGCCACTAT-1,Macrophages
ENT_CACCACTAGTTAGCGG-1,Monocytes
ENT_CACCACTCAAGCTGTT-1,Monocytes
ENT_CACCACTCACACCGAC-1,Dendritic cells
ENT_CACCACTCAGCTGGCT-1,Dendritic cells
ENT_CACCACTGTTTGTTGG-1,T cells
ENT_CACCAGGAGAGAACAG-1,Monocytes
ENT_CACCTTGAGATGTCGG-1,Monocytes
ENT_CACCTTGCACGGTGTC-1,Monocytes
ENT_CACCTTGGTAGAAAGG-1,Monocytes
ENT_CACCTTGTCGTAGATC-1,Monocytes
ENT_CACTCCAAGGCATGTG-1,Monocytes
ENT_CACTCCAGTGACGGTA-1,Monocytes
ENT_CACTCCAGTGAGTATA-1,Monocytes
ENT_CAGAATCAGTAGCGGT-1,Monocytes
ENT_CAGAATCAGTATCGAA-1,Monocytes
ENT_CAGAATCCACCCTATC-1,Macrophages
ENT_CAGAATCTCACATACG-1,Dendritic cells
ENT_CAGAATCTCCTGCAGG-1,Monocytes
ENT_CAGAGAGAGATCCTGT-1,Granulocytes
ENT_CAGAGAGAGCGTGAAC-1,Monocytes
ENT_CAGAGAGGTCATCCCT-1,Monocytes
ENT_CAGAGAGGTCGCCATG-1,Monocytes
ENT_CAGAGAGGTCTCCCTA-1,Granulocytes
ENT_CAGATCACAATAACGA-1,Monocytes
ENT_CAGATCAGTGCAACGA-1,Monocytes
ENT_CAGCAGCAGCAATATG-1,Dendritic cells
ENT_CAGCAGCAGCCCAGCT-1,Granulocytes
ENT_CAGCAGCTCCGTTGTC-1,Granulocytes
ENT_CAGCAGCTCGGCATCG-1,Monocytes
ENT_CAGCATACAAAGGCGT-1,Macrophages
ENT_CAGCATAGTGAGCGAT-1,Monocytes
ENT_CAGCATAGTGTCAATC-1,Monocytes
ENT_CAGCATATCAAGGTAA-1,Dendritic cells
ENT_CAGCATATCCATGAAC-1,Dendritic cells
ENT_CAGCATATCTGCTGCT-1,Granulocytes
ENT_CAGCCGACAGCATACT-1,Monocytes
ENT_CAGCCGATCCGTAGTA-1,Monocytes
ENT_CAGCCGATCGACCAGC-1,Monocytes
ENT_CAGCCGATCGTAGGAG-1,Monocytes
ENT_CAGCGACCAGCATACT-1,Monocytes
ENT_CAGCGACCATTAGGCT-1,Granulocytes
ENT_CAGCGACGTCGGCACT-1,Monocytes
ENT_CAGCGACGTCGTCTTC-1,Monocytes
ENT_CAGCGACGTGAAAGAG-1,T cells
ENT_CAGCGACTCAACGGGA-1,Monocytes
ENT_CAGCGACTCGCGTTTC-1,Monocytes
ENT_CAGCGACTCGGCTACG-1,Granulocytes
ENT_CAGCTAAAGAACTGTA-1,Monocytes
ENT_CAGCTAAAGAGCAATT-1,Granulocytes
ENT_CAGCTAAAGCGTCAAG-1,Monocytes
ENT_CAGCTAAGTCCGAGTC-1,Monocytes
ENT_CAGCTAATCTTACCGC-1,Monocytes
ENT_CAGCTGGAGATGCCAG-1,Monocytes
ENT_CAGCTGGCAATGGACG-1,Dendritic cells
ENT_CAGCTGGCAGCCTATA-1,Monocytes
ENT_CAGCTGGTCAGCACAT-1,Dendritic cells
ENT_CAGCTGGTCCAATGGT-1,Monocytes
ENT_CAGTAACCAAGCGAGT-1,NK cells
ENT_CAGTAACCAGCTCCGA-1,Monocytes
ENT_CAGTCCTAGAACTGTA-1,Monocytes
ENT_CAGTCCTGTTCAGTAC-1,Dendritic cells
ENT_CAGTCCTTCAGTTGAC-1,Granulocytes
ENT_CATATGGGTAAGTAGT-1,Monocytes
ENT_CATATGGGTATAGGGC-1,Monocytes
ENT_CATATTCAGCCACTAT-1,Monocytes
ENT_CATATTCAGGTGATAT-1,Monocytes
ENT_CATATTCAGTGCCATT-1,Monocytes
ENT_CATATTCCAGACAAGC-1,Dendritic cells
ENT_CATATTCCATAGACTC-1,Dendritic cells
ENT_CATATTCGTATATCCG-1,Monocytes
ENT_CATATTCGTCGCGAAA-1,Monocytes
ENT_CATATTCTCATTGCCC-1,Dendritic cells
ENT_CATCAAGCACCAGCAC-1,Monocytes
ENT_CATCAAGTCGATAGAA-1,Monocytes
ENT_CATCAAGTCGGCTACG-1,Monocytes
ENT_CATCAAGTCTCAAACG-1,Monocytes
ENT_CATCAGAAGAAACCTA-1,Monocytes
ENT_CATCAGAAGCTCTCGG-1,Monocytes
ENT_CATCAGAGTCAGAATA-1,Monocytes
ENT_CATCAGATCTCGGACG-1,Monocytes
ENT_CATCCACAGCTACCTA-1,Monocytes
ENT_CATCCACAGTATTGGA-1,Monocytes
ENT_CATCCACCACAAGTAA-1,Monocytes
ENT_CATCCACGTCAACTGT-1,Monocytes
ENT_CATCCACTCATACGGT-1,Monocytes
ENT_CATCCACTCCAGATCA-1,T cells
ENT_CATCCACTCCGCTGTT-1,Monocytes
ENT_CATCGAAAGCTAACTC-1,Granulocytes
ENT_CATCGAAAGGGTTTCT-1,Monocytes
ENT_CATCGAACAATCCGAT-1,Granulocytes
ENT_CATCGAACACGGCTAC-1,Monocytes
ENT_CATCGAACAGACGCTC-1,Monocytes
ENT_CATCGAACATACCATG-1,Monocytes
ENT_CATCGAATCTTGCATT-1,Granulocytes
ENT_CATCGGGAGGATATAC-1,Monocytes
ENT_CATCGGGAGGCAAAGA-1,Monocytes
ENT_CATCGGGCATGTTCCC-1,Monocytes
ENT_CATCGGGGTGTAATGA-1,Dendritic cells
ENT_CATCGGGGTTCCCTTG-1,Granulocytes
ENT_CATGACAAGAAGATTC-1,Macrophages
ENT_CATGACAAGAGACGAA-1,Monocytes
ENT_CATGACAAGTTGTCGT-1,Monocytes
ENT_CATGACACAGTTCATG-1,Monocytes
ENT_CATGACAGTCTAGCGC-1,Monocytes
ENT_CATGACATCGGAAACG-1,Monocytes
ENT_CATGCCTAGCGTTGCC-1,Granulocytes
ENT_CATGCCTGTCGCTTCT-1,Dendritic cells
ENT_CATGCCTTCACCTCGT-1,Dendritic cells
ENT_CATGCCTTCCTGTAGA-1,Granulocytes
ENT_CATGGCGAGGGTTCCC-1,Dendritic cells
ENT_CATGGCGCACAGTCGC-1,Monocytes
ENT_CATGGCGCATTACCTT-1,Monocytes
ENT_CATGGCGGTCTAGGTT-1,Monocytes
ENT_CATGGCGTCTTGCCGT-1,Monocytes
ENT_CATTATCAGAAGGTTT-1,Monocytes
ENT_CATTATCAGCCACGTC-1,Monocytes
ENT_CATTATCAGCGTCAAG-1,Monocytes
ENT_CATTATCTCACGCATA-1,Monocytes
ENT_CATTATCTCGGATGTT-1,Granulocytes
ENT_CATTCGCAGCAGCGTA-1,Monocytes
ENT_CCAATCCAGAGCTGGT-1,Monocytes
ENT_CCAATCCAGGGTTTCT-1,Granulocytes
ENT_CCAATCCCAGAAGCAC-1,Granulocytes
ENT_CCAATCCCATGCCACG-1,Granulocytes
ENT_CCAATCCGTAGCACGA-1,Granulocytes
ENT_CCAATCCGTAGCTTGT-1,Monocytes
ENT_CCAATCCGTATGGTTC-1,Monocytes
ENT_CCAATCCGTCATTAGC-1,Monocytes
ENT_CCAATCCGTGACGGTA-1,Macrophages
ENT_CCAATCCGTTCAGACT-1,Monocytes
ENT_CCACCTACATCGGACC-1,Granulocytes
ENT_CCACCTAGTAAGTTCC-1,Monocytes
ENT_CCACCTAGTTAAGACA-1,Monocytes
ENT_CCACGGAGTTACGCGC-1,Monocytes
ENT_CCACGGATCTCTGCTG-1,Monocytes
ENT_CCACTACAGAATTGTG-1,Monocytes
ENT_CCACTACAGCGTTCCG-1,Monocytes
ENT_CCACTACAGGTAGCCA-1,Dendritic cells
ENT_CCACTACAGTTAGCGG-1,Monocytes
ENT_CCACTACCACAGACAG-1,Monocytes
ENT_CCACTACGTACCGCTG-1,Monocytes
ENT_CCACTACGTACTCTCC-1,Monocytes
ENT_CCACTACGTCGGCTCA-1,Monocytes
ENT_CCAGCGAAGAATTGTG-1,Monocytes
ENT_CCAGCGAAGGCTCTTA-1,Monocytes
ENT_CCAGCGACAGTATGCT-1,Monocytes
ENT_CCATGTCAGCTAGTCT-1,Granulocytes
ENT_CCATGTCGTCATACTG-1,Granulocytes
ENT_CCATTCGAGGCCGAAT-1,Monocytes
ENT_CCATTCGAGGGATCTG-1,Granulocytes
ENT_CCATTCGCACGCGAAA-1,Dendritic cells
ENT_CCATTCGCACGGCGTT-1,Granulocytes
ENT_CCATTCGGTATCTGCA-1,Monocytes
ENT_CCATTCGGTTAGATGA-1,Macrophages
ENT_CCCAATCAGAAACCAT-1,Monocytes
ENT_CCCAATCAGATGCCTT-1,Monocytes
ENT_CCCAATCAGGCCCGTT-1,Monocytes
ENT_CCCAATCCATTAGGCT-1,Granulocytes
ENT_CCCAATCCATTCCTGC-1,Granulocytes
ENT_CCCAATCGTGCAGGTA-1,Monocytes
ENT_CCCAATCTCTTCAACT-1,Monocytes
ENT_CCCAGTTCAGTAGAGC-1,Monocytes
ENT_CCCAGTTGTAAAGTCA-1,Monocytes
ENT_CCCAGTTGTCATACTG-1,Monocytes
ENT_CCCAGTTGTGTTTGGT-1,Monocytes
ENT_CCCTCCTAGTGAAGTT-1,Monocytes
ENT_CCCTCCTCAACCGCCA-1,Monocytes
ENT_CCCTCCTCATTAGCCA-1,Dendritic cells
ENT_CCCTCCTTCTTGTATC-1,Monocytes
ENT_CCGGGATAGGCAAAGA-1,Dendritic cells
ENT_CCGGGATCAATAAGCA-1,Monocytes
ENT_CCGGGATGTTGCGCAC-1,Monocytes
ENT_CCGGGATTCTGCAGTA-1,Dendritic cells
ENT_CCGGTAGAGTCACGCC-1,Monocytes
ENT_CCGGTAGCACAAGCCC-1,Monocytes
ENT_CCGGTAGGTGGCTCCA-1,Monocytes
ENT_CCGGTAGGTTATCGGT-1,Monocytes
ENT_CCGTACTAGCGTCAAG-1,Monocytes
ENT_CCGTACTAGCTGCGAA-1,Monocytes
ENT_CCGTGGAAGCCAGAAC-1,Granulocytes
ENT_CCGTGGAAGTGTCCAT-1,Monocytes
ENT_CCGTGGACATCACCCT-1,Granulocytes
ENT_CCGTGGATCAACCATG-1,Granulocytes
ENT_CCGTTCAAGAAGGACA-1,Dendritic cells
ENT_CCGTTCAAGGTGCTTT-1,Dendritic cells
ENT_CCGTTCACAACCGCCA-1,Macrophages
ENT_CCGTTCAGTAGCGTAG-1,Dendritic cells
ENT_CCGTTCATCGGTCTAA-1,Monocytes
ENT_CCTAAAGCACGCCAGT-1,Granulocytes
ENT_CCTACACAGTTCGCGC-1,Monocytes
ENT_CCTACACTCTAACGGT-1,Monocytes
ENT_CCTACCAAGACGCACA-1,Granulocytes
ENT_CCTACCAGTGTGAAAT-1,Monocytes
ENT_CCTACCATCAAGCCTA-1,Granulocytes
ENT_CCTAGCTAGAGACTTA-1,Granulocytes
ENT_CCTAGCTAGCTAGTCT-1,Monocytes
ENT_CCTAGCTAGGACTGGT-1,Monocytes
ENT_CCTAGCTAGTGCTGCC-1,Monocytes
ENT_CCTAGCTCAAGCTGAG-1,Granulocytes
ENT_CCTAGCTCAATAGCGG-1,Monocytes
ENT_CCTAGCTTCTTGTTTG-1,Monocytes
ENT_CCTATTAAGATGAGAG-1,Monocytes
ENT_CCTATTAAGGAATCGC-1,Dendritic cells
ENT_CCTATTAGTAGTACCT-1,Dendritic cells
ENT_CCTATTAGTATCTGCA-1,Monocytes
ENT_CCTATTAGTCCGAATT-1,Monocytes
ENT_CCTATTAGTCGCGAAA-1,Monocytes
ENT_CCTATTAGTCTGATTG-1,Monocytes
ENT_CCTCAGTCAAACGTGG-1,Monocytes
ENT_CCTCAGTCATTGAGCT-1,Monocytes
ENT_CCTCAGTGTAACGACG-1,Dendritic cells
ENT_CCTCTGACATTCACTT-1,Monocytes
ENT_CCTCTGAGTCTGATTG-1,Monocytes
ENT_CCTCTGATCGCCATAA-1,T cells
ENT_CCTTACGAGTACGATA-1,Monocytes
ENT_CCTTACGCATATACCG-1,Monocytes
ENT_CCTTACGGTGGCTCCA-1,Monocytes
ENT_CCTTACGGTTGCGTTA-1,Monocytes
ENT_CCTTCCCCAGGGCATA-1,Monocytes
ENT_CCTTCCCTCACATACG-1,Monocytes
ENT_CCTTCCCTCCGTTGTC-1,Dendritic cells
ENT_CCTTCGAAGATCTGAA-1,Monocytes
ENT_CCTTCGAAGTCTCAAC-1,Dendritic cells
ENT_CCTTCGAAGTGGTAGC-1,Granulocytes
ENT_CCTTCGACAAATCCGT-1,Monocytes
ENT_CCTTCGACAATTCCTT-1,Monocytes
ENT_CCTTCGAGTCTACCTC-1,Monocytes
ENT_CCTTCGATCCGGGTGT-1,Granulocytes
ENT_CCTTTCTCACATGTGT-1,Dendritic cells
ENT_CCTTTCTGTCAAAGAT-1,Monocytes
ENT_CCTTTCTGTCCGAATT-1,Dendritic cells
ENT_CCTTTCTTCTAGCACA-1,Macrophages
ENT_CCTTTCTTCTCCAACC-1,Monocytes
ENT_CGAACATAGCCAGGAT-1,Monocytes
ENT_CGAACATCATTGTGCA-1,Monocytes
ENT_CGAATGTAGTCTCGGC-1,Monocytes
ENT_CGAATGTGTCTACCTC-1,Granulocytes
ENT_CGAATGTTCGGCTACG-1,Monocytes
ENT_CGACCTTAGCTACCGC-1,Granulocytes
ENT_CGACCTTGTCAGATAA-1,Monocytes
ENT_CGACCTTGTCTGATCA-1,Monocytes
ENT_CGACTTCAGTAGGTGC-1,Monocytes
ENT_CGACTTCAGTGTGGCA-1,Granulocytes
ENT_CGACTTCGTACTTGAC-1,Monocytes
ENT_CGACTTCGTTTGGCGC-1,Granulocytes
ENT_CGACTTCTCAATAAGG-1,Monocytes
ENT_CGACTTCTCCCGACTT-1,Monocytes
ENT_CGACTTCTCTTGTTTG-1,Monocytes
ENT_CGAGAAGTCACAACGT-1,Monocytes
ENT_CGAGAAGTCTCCTATA-1,Monocytes
ENT_CGAGCACAGATACACA-1,Monocytes
ENT_CGAGCACAGGAATGGA-1,Monocytes
ENT_CGAGCACAGTGTTAGA-1,Monocytes
ENT_CGAGCACGTACCATCA-1,Monocytes
ENT_CGAGCACGTCAGGACA-1,Monocytes
ENT_CGAGCACGTCCTCTTG-1,Granulocytes
ENT_CGAGCACTCAAGGTAA-1,NK cells
ENT_CGAGCACTCACTCCTG-1,Monocytes
ENT_CGAGCCAAGTGGACGT-1,T cells
ENT_CGAGCCACAGAAGCAC-1,Macrophages
ENT_CGAGCCATCAGCGATT-1,Dendritic cells
ENT_CGAGCCATCCGATATG-1,Monocytes
ENT_CGATCGGCACCACGTG-1,Macrophages
ENT_CGATCGGCACGAAAGC-1,Monocytes
ENT_CGATCGGCACTCAGGC-1,Monocytes
ENT_CGATCGGCATATGGTC-1,Granulocytes
ENT_CGATCGGCATCGGTTA-1,Granulocytes
ENT_CGATCGGCATGCATGT-1,Monocytes
ENT_CGATCGGGTAAGTAGT-1,Granulocytes
ENT_CGATCGGGTAAGTTCC-1,Granulocytes
ENT_CGATCGGGTATAAACG-1,Monocytes
ENT_CGATCGGGTTGGTTTG-1,Monocytes
ENT_CGATCGGTCTGTCTCG-1,Monocytes
ENT_CGATGGCAGCCGATTT-1,Monocytes
ENT_CGATGGCGTTCGTTGA-1,Monocytes
ENT_CGATGGCTCTTACCTA-1,Monocytes
ENT_CGATGTAAGAAACCTA-1,Granulocytes
ENT_CGATGTAAGTGAACGC-1,Monocytes
ENT_CGATGTACACGGTAAG-1,Monocytes
ENT_CGATTGAAGCGGCTTC-1,Monocytes
ENT_CGATTGAAGCGTGAGT-1,Monocytes
ENT_CGATTGAGTCTCTCTG-1,Monocytes
ENT_CGATTGAGTGTTCGAT-1,Dendritic cells
ENT_CGATTGATCGGCCGAT-1,Monocytes
ENT_CGCCAAGAGATGTCGG-1,Monocytes
ENT_CGCCAAGCACGGATAG-1,Monocytes
ENT_CGCCAAGGTAAGTAGT-1,Monocytes
ENT_CGCCAAGGTAGTACCT-1,Dendritic cells
ENT_CGCCAAGGTCTTCAAG-1,Monocytes
ENT_CGCGGTAAGAGGGCTT-1,Monocytes
ENT_CGCGGTAAGGCAATTA-1,Dendritic cells
ENT_CGCGGTAGTCTGATTG-1,T cells
ENT_CGCGGTATCAGAGCTT-1,Monocytes
ENT_CGCGTTTAGAAGGTGA-1,Monocytes
ENT_CGCGTTTCATCATCCC-1,T cells
ENT_CGCGTTTGTCGCTTTC-1,Monocytes
ENT_CGCGTTTGTCTTCTCG-1,Granulocytes
ENT_CGCTATCAGGTGATTA-1,Dendritic cells
ENT_CGCTATCAGTCGTACT-1,Monocytes
ENT_CGCTATCGTTGTCTTT-1,Monocytes
ENT_CGCTGGAAGCCCTAAT-1,Monocytes
ENT_CGCTGGAAGCGAAGGG-1,NK cells
ENT_CGCTGGACAGGAATCG-1,Monocytes
ENT_CGCTGGACATGGTTGT-1,Monocytes
ENT_CGCTGGAGTTTCCACC-1,Dendritic cells
ENT_CGCTGGATCGTCCAGG-1,Monocytes
ENT_CGCTTCAAGAAAGTGG-1,Monocytes
ENT_CGCTTCAAGGCTAGAC-1,Dendritic cells
ENT_CGCTTCATCGCCGTGA-1,Monocytes
ENT_CGGACACCAAAGCGGT-1,Monocytes
ENT_CGGACGTAGACTCGGA-1,Monocytes
ENT_CGGACGTAGTTTAGGA-1,Monocytes
ENT_CGGACGTTCTCGTATT-1,Monocytes
ENT_CGGACTGAGACTCGGA-1,Monocytes
ENT_CGGACTGAGCCAACAG-1,Monocytes
ENT_CGGACTGGTTCTGGTA-1,Monocytes
ENT_CGGACTGTCAACCAAC-1,Dendritic cells
ENT_CGGACTGTCAAGCCTA-1,Monocytes
ENT_CGGACTGTCCACGAAT-1,T cells
ENT_CGGAGCTAGAGTAAGG-1,Dendritic cells
ENT_CGGAGCTAGATGTAAC-1,Monocytes
ENT_CGGAGCTTCTACTTAC-1,Dendritic cells
ENT_CGGAGTCCAACTGCGC-1,Monocytes
ENT_CGGAGTCCATTCACTT-1,Dendritic cells
ENT_CGGAGTCTCACTTATC-1,Monocytes
ENT_CGGAGTCTCAGAGCTT-1,Monocytes
ENT_CGGAGTCTCCCTTGTG-1,Monocytes
ENT_CGGAGTCTCTATCCCG-1,Monocytes
ENT_CGGCTAGAGGAATGGA-1,Monocytes
ENT_CGGCTAGAGTTAGCGG-1,Monocytes
ENT_CGGCTAGCACCAGGTC-1,Monocytes
ENT_CGGCTAGCAGCCTTTC-1,Monocytes
ENT_CGGCTAGCATCCGGGT-1,Monocytes
ENT_CGGCTAGTCGTGGACC-1,Monocytes
ENT_CGGGTCAAGGCCGAAT-1,Dendritic cells
ENT_CGGGTCACAGTGAGTG-1,Granulocytes
ENT_CGGGTCAGTATTCTCT-1,Monocytes
ENT_CGGGTCAGTCCGAATT-1,Dendritic cells
ENT_CGGTTAAAGCCTTGAT-1,Monocytes
ENT_CGGTTAAGTCATATGC-1,Dendritic cells
ENT_CGTAGCGCACGGATAG-1,Monocytes
ENT_CGTAGGCAGATTACCC-1,Granulocytes
ENT_CGTAGGCGTTCAGGCC-1,Dendritic cells
ENT_CGTAGGCTCTGTGCAA-1,Granulocytes
ENT_CGTCACTAGACGCTTT-1,Monocytes
ENT_CGTCACTAGAGATGAG-1,Monocytes
ENT_CGTCACTGTACATGTC-1,Monocytes
ENT_CGTCACTGTGAGTATA-1,Monocytes
ENT_CGTCACTTCCCACTTG-1,Dendritic cells
ENT_CGTCACTTCGTCTGCT-1,Monocytes
ENT_CGTCAGGAGAACTGTA-1,Monocytes
ENT_CGTCAGGAGACCCACC-1,Monocytes
ENT_CGTCAGGAGGATCGCA-1,Granulocytes
ENT_CGTCAGGCAGTAGAGC-1,Monocytes
ENT_CGTCAGGCATCGACGC-1,Monocytes
ENT_CGTCAGGGTCCGTCAG-1,Monocytes
ENT_CGTCAGGGTTCGGCAC-1,Dendritic cells
ENT_CGTCCATCAACTGCTA-1,Monocytes
ENT_CGTCTACAGATACACA-1,Monocytes
ENT_CGTCTACAGGGCTCTC-1,Monocytes
ENT_CGTCTACCACATCTTT-1,Granulocytes
ENT_CGTCTACGTCACTTCC-1,Monocytes
ENT_CGTCTACTCGGTCTAA-1,Monocytes
ENT_CGTGAGCAGCCCAGCT-1,NK cells
ENT_CGTGAGCAGCTGTCTA-1,Monocytes
ENT_CGTGAGCCACTAAGTC-1,Granulocytes
ENT_CGTGAGCGTACCGGCT-1,T cells
ENT_CGTGAGCGTACTCAAC-1,Monocytes
ENT_CGTGAGCTCATCATTC-1,T cells
ENT_CGTGAGCTCGTTACAG-1,Monocytes
ENT_CGTGTAAAGAGTGAGA-1,Monocytes
ENT_CGTGTAAGTAGCTTGT-1,Monocytes
ENT_CGTGTAAGTTGGAGGT-1,Monocytes
ENT_CGTGTCTAGTGGACGT-1,T cells
ENT_CGTGTCTCAAACGTGG-1,Monocytes
ENT_CGTGTCTGTTCTGTTT-1,Monocytes
ENT_CGTTAGAAGTTCGATC-1,Monocytes
ENT_CGTTAGACATGCGCAC-1,Monocytes
ENT_CGTTAGAGTAGTACCT-1,Monocytes
ENT_CGTTAGATCCAAGCCG-1,Monocytes
ENT_CGTTAGATCTTCATGT-1,Monocytes
ENT_CGTTCTGAGATGTGGC-1,Monocytes
ENT_CGTTCTGAGGGATACC-1,Monocytes
ENT_CGTTCTGAGTTGCAGG-1,Monocytes
ENT_CGTTCTGCATTCCTCG-1,Monocytes
ENT_CGTTCTGGTCCTGCTT-1,Monocytes
ENT_CGTTGGGAGAAGCCCA-1,Monocytes
ENT_CGTTGGGAGAAGGCCT-1,Granulocytes
ENT_CGTTGGGAGGAGCGAG-1,Monocytes
ENT_CGTTGGGCAGGACCCT-1,Dendritic cells
ENT_CGTTGGGGTAGTAGTA-1,Monocytes
ENT_CGTTGGGTCAACACCA-1,Monocytes
ENT_CGTTGGGTCGTTGACA-1,T cells
ENT_CTAACTTCACATTCGA-1,Monocytes
ENT_CTAACTTCACGCCAGT-1,Monocytes
ENT_CTAACTTGTCCGAAGA-1,Monocytes
ENT_CTAACTTGTGCACGAA-1,Dendritic cells
ENT_CTAACTTGTGTTAAGA-1,Monocytes
ENT_CTAACTTGTTGGTAAA-1,Dendritic cells
ENT_CTAACTTTCGAATCCA-1,Dendritic cells
ENT_CTAACTTTCGTCTGAA-1,Monocytes
ENT_CTAAGACAGCGTTCCG-1,Monocytes
ENT_CTAATGGCACGTAAGG-1,Monocytes
ENT_CTACACCAGTGCCAGA-1,Monocytes
ENT_CTACACCAGTTAACGA-1,Granulocytes
ENT_CTACACCCAAATACAG-1,Monocytes
ENT_CTACACCGTAAGGGAA-1,Macrophages
ENT_CTACACCGTCGGGTCT-1,Monocytes
ENT_CTACACCGTTTCCACC-1,Dendritic cells
ENT_CTACATTAGACAAAGG-1,Macrophages
ENT_CTACATTGTCCAGTGC-1,Monocytes
ENT_CTACATTGTCGTGGCT-1,Monocytes
ENT_CTACATTGTCTTCTCG-1,Granulocytes
ENT_CTACCCAAGCTAGGCA-1,Monocytes
ENT_CTACCCAAGTGTGGCA-1,Monocytes
ENT_CTACCCATCTGCTTGC-1,Dendritic cells
ENT_CTACGTCAGATCCCAT-1,Granulocytes
ENT_CTACGTCAGGCTCTTA-1,Monocytes
ENT_CTACGTCAGGGTGTGT-1,Monocytes
ENT_CTACGTCCAATAGCGG-1,Monocytes
ENT_CTACGTCGTACTTGAC-1,Monocytes
ENT_CTACGTCGTCAACATC-1,Macrophages
ENT_CTACGTCTCTCTAGGA-1,Monocytes
ENT_CTAGAGTAGGCTACGA-1,Monocytes
ENT_CTAGAGTGTCCGAGTC-1,Granulocytes
ENT_CTAGAGTGTGCCTGTG-1,Granulocytes
ENT_CTAGAGTGTGGCGAAT-1,Granulocytes
ENT_CTAGAGTGTTATGCGT-1,T cells
ENT_CTAGAGTTCACAATGC-1,Dendritic cells
ENT_CTAGCCTAGACAGAGA-1,Granulocytes
ENT_CTAGCCTCAAGTAATG-1,Monocytes
ENT_CTAGCCTCATCTACGA-1,Monocytes
ENT_CTAGCCTGTTCGGGCT-1,Monocytes
ENT_CTAGCCTTCACCGTAA-1,Granulocytes
ENT_CTAGCCTTCATGCATG-1,Granulocytes
ENT_CTAGCCTTCATGTCCC-1,Monocytes
ENT_CTAGCCTTCCACGTTC-1,Monocytes
ENT_CTAGTGAAGACCCACC-1,Monocytes
ENT_CTAGTGACAACGATGG-1,Monocytes
ENT_CTAGTGACAAGCTGTT-1,Monocytes
ENT_CTAGTGACAATTGCTG-1,Macrophages
ENT_CTAGTGAGTAGAAGGA-1,Granulocytes
ENT_CTAGTGAGTAGCACGA-1,Monocytes
ENT_CTAGTGATCCAGTAGT-1,Monocytes
ENT_CTCACACCAGGAATCG-1,Monocytes
ENT_CTCACACTCTCAAGTG-1,Monocytes
ENT_CTCAGAACAGGATTGG-1,Monocytes
ENT_CTCAGAAGTCTCGTTC-1,Monocytes
ENT_CTCATTAAGACCACGA-1,Monocytes
ENT_CTCATTAAGGCTCTTA-1,Monocytes
ENT_CTCATTACACACTGCG-1,Monocytes
ENT_CTCATTACATTAACCG-1,Dendritic cells
ENT_CTCATTAGTGTCGCTG-1,Dendritic cells
ENT_CTCATTATCTGATACG-1,Monocytes
ENT_CTCCTAGAGACTAAGT-1,Monocytes
ENT_CTCCTAGAGAGGTTAT-1,Macrophages
ENT_CTCCTAGAGATATACG-1,Monocytes
ENT_CTCCTAGAGCTAGCCC-1,Monocytes
ENT_CTCCTAGCAGGGTTAG-1,Monocytes
ENT_CTCCTAGTCCGTCATC-1,Monocytes
ENT_CTCCTAGTCCTCAACC-1,Monocytes
ENT_CTCGAAAAGCCAACAG-1,Monocytes
ENT_CTCGAAACAGGAATGC-1,Monocytes
ENT_CTCGAGGAGGCTACGA-1,Monocytes
ENT_CTCGAGGAGTGGGATC-1,Macrophages
ENT_CTCGAGGCAAACCCAT-1,Monocytes
ENT_CTCGAGGCAGGAATCG-1,Monocytes
ENT_CTCGAGGGTTCTGAAC-1,Monocytes
ENT_CTCGAGGTCTGCGACG-1,Monocytes
ENT_CTCGGAGAGTGTGAAT-1,Monocytes
ENT_CTCGGAGCAGTTCCCT-1,T cells
ENT_CTCGGAGGTAGCGCTC-1,Monocytes
ENT_CTCGGAGGTCAACATC-1,Monocytes
ENT_CTCGGGATCCAATGGT-1,Monocytes
ENT_CTCGGGATCGTTGCCT-1,Monocytes
ENT_CTCGGGATCTTATCTG-1,Monocytes
ENT_CTCGTACAGAGCCCAA-1,Dendritic cells
ENT_CTCGTACCACCAGGCT-1,Monocytes
ENT_CTCGTACCACGCCAGT-1,Granulocytes
ENT_CTCGTACTCAACACCA-1,Granulocytes
ENT_CTCGTACTCAGGCGAA-1,Monocytes
ENT_CTCGTACTCATTGCGA-1,Monocytes
ENT_CTCGTACTCCGCGGTA-1,Dendritic cells
ENT_CTCGTCAAGCTAGTGG-1,Monocytes
ENT_CTCGTCACAGCGTAAG-1,Monocytes
ENT_CTCGTCAGTCTGCCAG-1,Monocytes
ENT_CTCGTCAGTGTGACGA-1,Granulocytes
ENT_CTCGTCATCAATACCG-1,Monocytes
ENT_CTCGTCATCTCCAACC-1,Monocytes
ENT_CTCTAATAGAGTACCG-1,Monocytes
ENT_CTCTAATAGAGTGAGA-1,Monocytes
ENT_CTCTAATAGTCCAGGA-1,Monocytes
ENT_CTCTAATCACCCTATC-1,Macrophages
ENT_CTCTACGCACGAGAGT-1,Monocytes
ENT_CTCTACGCAGACACTT-1,Monocytes
ENT_CTCTACGGTGGGTATG-1,Granulocytes
ENT_CTCTACGGTTAGATGA-1,Monocytes
ENT_CTCTACGTCGGTCCGA-1,Monocytes
ENT_CTCTGGTAGATCACGG-1,Monocytes
ENT_CTCTGGTAGGCCCTTG-1,Granulocytes
ENT_CTCTGGTTCCCAACGG-1,Monocytes
ENT_CTCTGGTTCTCCAGGG-1,Monocytes
ENT_CTGAAACAGATATGCA-1,Monocytes
ENT_CTGAAACAGCCGCCTA-1,Monocytes
ENT_CTGAAACCACACAGAG-1,Monocytes
ENT_CTGAAACCAGTAGAGC-1,Granulocytes
ENT_CTGAAACCATGCAATC-1,Monocytes
ENT_CTGAAACCATGTCGAT-1,Granulocytes
ENT_CTGAAACGTCTGGAGA-1,Monocytes
ENT_CTGAAACGTTCCCGAG-1,Monocytes
ENT_CTGAAACTCCCTTGCA-1,Monocytes
ENT_CTGAAGTAGATAGTCA-1,Monocytes
ENT_CTGAAGTAGCAATCTC-1,Granulocytes
ENT_CTGAAGTAGTTCCACA-1,Granulocytes
ENT_CTGAAGTCAGGGATTG-1,Dendritic cells
ENT_CTGAAGTTCAACTCTT-1,Monocytes
ENT_CTGAAGTTCACAAACC-1,Dendritic cells
ENT_CTGATAGAGAGACGAA-1,Granulocytes
ENT_CTGATAGAGGCTCAGA-1,Monocytes
ENT_CTGATAGGTACTTCTT-1,Monocytes
ENT_CTGATAGTCCAGGGCT-1,Monocytes
ENT_CTGATCCAGCTAAACA-1,Granulocytes
ENT_CTGATCCCAGCTGTAT-1,Monocytes
ENT_CTGATCCGTTCCACTC-1,Monocytes
ENT_CTGATCCTCCAGTATG-1,Granulocytes
ENT_CTGCCTACAAACAACA-1,Monocytes
ENT_CTGCCTACAAATCCGT-1,Monocytes
ENT_CTGCCTACACAGCCCA-1,Granulocytes
ENT_CTGCCTAGTCATATCG-1,Monocytes
ENT_CTGCCTATCTGAGTGT-1,Monocytes
ENT_CTGCGGAAGCCCAGCT-1,Monocytes
ENT_CTGCGGAAGGAATCGC-1,Monocytes
ENT_CTGCGGAAGTGTACGG-1,Granulocytes
ENT_CTGCGGACATCAGTCA-1,Monocytes
ENT_CTGCGGAGTAGCCTAT-1,Monocytes
ENT_CTGCGGATCAGGCAAG-1,Monocytes
ENT_CTGCGGATCCCTTGTG-1,Monocytes
ENT_CTGCGGATCCGAATGT-1,Monocytes
ENT_CTGCTGTAGATCTGAA-1,Granulocytes
ENT_CTGCTGTAGTGGTAGC-1,Granulocytes
ENT_CTGCTGTCACTTAACG-1,Granulocytes
ENT_CTGCTGTGTTGGTGGA-1,Granulocytes
ENT_CTGGTCTAGATACACA-1,Macrophages
ENT_CTGGTCTAGATAGTCA-1,Monocytes
ENT_CTGGTCTAGGATGTAT-1,Monocytes
ENT_CTGGTCTCATGGTAGG-1,Monocytes
ENT_CTGGTCTGTGACAAAT-1,Monocytes
ENT_CTGGTCTTCATGGTCA-1,Monocytes
ENT_CTGGTCTTCCGTTGTC-1,Granulocytes
ENT_CTGTGCTCAAATTGCC-1,Monocytes
ENT_CTGTGCTCATACTCTT-1,Monocytes
ENT_CTGTGCTCATATGCTG-1,Granulocytes
ENT_CTGTGCTTCGTGGTCG-1,Monocytes
ENT_CTGTTTAAGAGGTTAT-1,Granulocytes
ENT_CTGTTTACACCTTGTC-1,Monocytes
ENT_CTGTTTACATGAAGTA-1,Monocytes
ENT_CTGTTTAGTCAGATAA-1,Monocytes
ENT_CTGTTTATCACATGCA-1,Monocytes
ENT_CTGTTTATCATCGATG-1,Monocytes
ENT_CTGTTTATCTGACCTC-1,Monocytes
ENT_CTTAACTAGGCTAGGT-1,Monocytes
ENT_CTTAACTAGTCCGTAT-1,Granulocytes
ENT_CTTAACTCAATAACGA-1,Monocytes
ENT_CTTAACTCAGCCAGAA-1,Monocytes
ENT_CTTAACTGTCAGAAGC-1,Monocytes
ENT_CTTAACTGTCTAGGTT-1,Monocytes
ENT_CTTAACTTCCAGAAGG-1,Monocytes
ENT_CTTACCGCAGGACCCT-1,Dendritic cells
ENT_CTTACCGTCCTAGGGC-1,Monocytes
ENT_CTTACCGTCCTATTCA-1,Monocytes
ENT_CTTAGGAAGCGTTTAC-1,Macrophages
ENT_CTTAGGAGTACATCCA-1,Granulocytes
ENT_CTTCTCTAGAAAGTGG-1,Monocytes
ENT_CTTCTCTAGAGCTGCA-1,Monocytes
ENT_CTTCTCTCAATGGAGC-1,Monocytes
ENT_CTTGGCTAGGCGATAC-1,Granulocytes
ENT_CTTGGCTCAAAGTCAA-1,Dendritic cells
ENT_CTTGGCTCAATGGAGC-1,Monocytes
ENT_CTTGGCTTCTTTAGTC-1,Monocytes
ENT_CTTTGCGAGAATTGTG-1,Monocytes
ENT_CTTTGCGAGAGTCGGT-1,Dendritic cells
ENT_CTTTGCGCAAGACACG-1,Macrophages
ENT_CTTTGCGCAGTATAAG-1,Monocytes
ENT_CTTTGCGGTAGCTGCC-1,Monocytes
ENT_CTTTGCGGTCTCCATC-1,Monocytes
ENT_CTTTGCGTCGCACTCT-1,Dendritic cells
ENT_CTTTGCGTCTATCCCG-1,Monocytes
ENT_GAAACTCCATACAGCT-1,Granulocytes
ENT_GAAACTCGTGGTAACG-1,Monocytes
ENT_GAAACTCTCACGAAGG-1,Monocytes
ENT_GAAACTCTCCTTGGTC-1,Monocytes
ENT_GAAACTCTCTATCGCC-1,Monocytes
ENT_GAAATGAAGGAGCGAG-1,Monocytes
ENT_GAAATGAAGGGTTCCC-1,Macrophages
ENT_GAAATGACACGGTAAG-1,Monocytes
ENT_GAAATGAGTACCGTAT-1,Monocytes
ENT_GAAATGAGTCGCTTCT-1,Granulocytes
ENT_GAACATCAGAAACCGC-1,Monocytes
ENT_GAACATCCAAGTCTGT-1,Monocytes
ENT_GAACATCGTAGGGACT-1,Granulocytes
ENT_GAACATCTCACAACGT-1,Granulocytes
ENT_GAACATCTCGCATGGC-1,Dendritic cells
ENT_GAACCTAAGTCGTTTG-1,Monocytes
ENT_GAACCTAGTATCAGTC-1,Granulocytes
ENT_GAACCTAGTCAATGTC-1,Monocytes
ENT_GAACCTAGTCGCATAT-1,NK cells
ENT_GAACCTAGTGCCTGTG-1,Monocytes
ENT_GAACCTATCCAGAAGG-1,Dendritic cells
ENT_GAACCTATCTGGAGCC-1,Monocytes
ENT_GAACGGAAGCGCTTAT-1,Monocytes
ENT_GAACGGAAGCTGGAAC-1,Monocytes
ENT_GAACGGAGTCGCGTGT-1,Monocytes
ENT_GAACGGATCTACCTGC-1,Monocytes
ENT_GAACGGATCTCTAGGA-1,Monocytes
ENT_GAAGCAGAGCTCCTCT-1,Dendritic cells
ENT_GAAGCAGCACATGACT-1,Monocytes
ENT_GAAGCAGGTATAATGG-1,Monocytes
ENT_GAAGCAGGTTTGTGTG-1,Dendritic cells
ENT_GAATAAGAGGCATGTG-1,Monocytes
ENT_GAATAAGAGTTGCAGG-1,Monocytes
ENT_GAATAAGCAAGCTGAG-1,Granulocytes
ENT_GAATAAGCAAGGTGTG-1,Dendritic cells
ENT_GAATAAGCAATACGCT-1,Monocytes
ENT_GAATAAGTCCACGCAG-1,Monocytes
ENT_GAATGAAAGATGCCTT-1,Granulocytes
ENT_GACACGCGTGCACGAA-1,Monocytes
ENT_GACAGAGAGCACCGTC-1,Monocytes
ENT_GACAGAGAGCACGCCT-1,Monocytes
ENT_GACAGAGCATGCAATC-1,Monocytes
ENT_GACAGAGGTTAGATGA-1,Monocytes
ENT_GACAGAGGTTCTCATT-1,Monocytes
ENT_GACAGAGTCAATACCG-1,Dendritic cells
ENT_GACAGAGTCTCGGACG-1,Dendritic cells
ENT_GACCAATCACTAGTAC-1,Monocytes
ENT_GACCAATGTACCGTAT-1,Macrophages
ENT_GACCAATTCAGGTAAA-1,Dendritic cells
ENT_GACCTGGAGCGGATCA-1,Monocytes
ENT_GACCTGGAGCTGAACG-1,Dendritic cells
ENT_GACCTGGGTAACGACG-1,Monocytes
ENT_GACCTGGGTATAAACG-1,Granulocytes
ENT_GACCTGGGTGACAAAT-1,Monocytes
ENT_GACCTGGGTTCCACGG-1,Dendritic cells
ENT_GACGCGTCAAGCTGAG-1,Monocytes
ENT_GACGCGTGTCGCGGTT-1,Granulocytes
ENT_GACGCGTGTCTCACCT-1,Monocytes
ENT_GACGCGTTCAGTTCGA-1,Dendritic cells
ENT_GACGCGTTCATGCTCC-1,Monocytes
ENT_GACGGCTAGTTTAGGA-1,Monocytes
ENT_GACGGCTCAAGGCTCC-1,Monocytes
ENT_GACGGCTGTAGAAAGG-1,Monocytes
ENT_GACGGCTTCGCAAACT-1,Monocytes
ENT_GACGGCTTCTGCTGCT-1,Monocytes
ENT_GACGTGCAGATGAGAG-1,Monocytes
ENT_GACGTGCAGCGTGTCC-1,Granulocytes
ENT_GACGTGCAGGTGCTAG-1,Monocytes
ENT_GACGTGCCACGTGAGA-1,Monocytes
ENT_GACGTGCTCCAATGGT-1,Monocytes
ENT_GACGTTACAAGCTGAG-1,Dendritic cells
ENT_GACGTTAGTCTCTTTA-1,Monocytes
ENT_GACGTTATCGTAGGAG-1,Monocytes
ENT_GACTAACAGATGAGAG-1,Monocytes
ENT_GACTAACAGGTAAACT-1,Granulocytes
ENT_GACTAACCAAGCCTAT-1,Monocytes
ENT_GACTAACCACAACGTT-1,Granulocytes
ENT_GACTAACCACCAGGCT-1,Monocytes
ENT_GACTAACGTAGCAAAT-1,Monocytes
ENT_GACTAACGTCACAAGG-1,Monocytes
ENT_GACTACAAGAGCCCAA-1,Granulocytes
ENT_GACTACAAGCAAATCA-1,Monocytes
ENT_GACTACAAGCGTTTAC-1,Monocytes
ENT_GACTACACACGAAGCA-1,Monocytes
ENT_GACTACACATTGCGGC-1,Monocytes
ENT_GACTACAGTGACGCCT-1,Macrophages
ENT_GACTACAGTGCGATAG-1,Monocytes
ENT_GACTACAGTTAAGGGC-1,Monocytes
ENT_GACTACATCCCGGATG-1,Monocytes
ENT_GACTGCGAGAAACCAT-1,T cells
ENT_GACTGCGAGGAGCGAG-1,Monocytes
ENT_GACTGCGGTAAGAGGA-1,Granulocytes
ENT_GACTGCGGTATAATGG-1,Monocytes
ENT_GAGCAGACAGCCACCA-1,Monocytes
ENT_GAGCAGAGTAACGCGA-1,Dendritic cells
ENT_GAGCAGAGTCACCTAA-1,Monocytes
ENT_GAGCAGATCAACGCTA-1,Monocytes
ENT_GAGGTGAAGACCGGAT-1,Monocytes
ENT_GAGGTGAAGAGTCGGT-1,Monocytes
ENT_GAGGTGAGTAAGGATT-1,Monocytes
ENT_GAGGTGAGTGAGTATA-1,Monocytes
ENT_GAGGTGAGTGTCCTCT-1,Monocytes
ENT_GAGGTGATCGTTTAGG-1,Monocytes
ENT_GAGTCCGAGCTAACAA-1,Monocytes
ENT_GAGTCCGAGCTAGTCT-1,Granulocytes
ENT_GAGTCCGAGCTCCTTC-1,Monocytes
ENT_GAGTCCGCAGTATCTG-1,Granulocytes
ENT_GAGTCCGCATCCGTGG-1,Dendritic cells
ENT_GAGTCCGGTGCGGTAA-1,Monocytes
ENT_GATCAGTAGATGGCGT-1,Monocytes
ENT_GATCAGTAGGATCGCA-1,Dendritic cells
ENT_GATCGATAGGCTATCT-1,Monocytes
ENT_GATCGCGAGGAATTAC-1,Monocytes
ENT_GATCGCGAGTCGTACT-1,Monocytes
ENT_GATCGCGCAGCCTGTG-1,Monocytes
ENT_GATCGCGCAGTCTTCC-1,Monocytes
ENT_GATCGCGGTGTTGGGA-1,Granulocytes
ENT_GATCGCGGTTTACTCT-1,Monocytes
ENT_GATCGCGGTTTGCATG-1,Monocytes
ENT_GATCGTAAGGCCCTCA-1,Dendritic cells
ENT_GATCGTACACTATCTT-1,Granulocytes
ENT_GATCGTATCGTTTGCC-1,Monocytes
ENT_GATCTAGAGGAATCGC-1,Monocytes
ENT_GATCTAGAGTTACCCA-1,Monocytes
ENT_GATCTAGCACGACTCG-1,Monocytes
ENT_GATCTAGCAGGACCCT-1,Granulocytes
ENT_GATCTAGCATCCCATC-1,Monocytes
ENT_GATCTAGTCTCCAACC-1,Monocytes
ENT_GATGAAAAGCTGGAAC-1,Dendritic cells
ENT_GATGAAAAGTGTGAAT-1,T cells
ENT_GATGAAACACCCATGG-1,Monocytes
ENT_GATGAAAGTGGTTTCA-1,Monocytes
ENT_GATGAAATCAGTTGAC-1,Dendritic cells
ENT_GATGAGGAGAAACCTA-1,Monocytes
ENT_GATGAGGCAATCCGAT-1,Monocytes
ENT_GATGAGGTCATGTCCC-1,Granulocytes
ENT_GATGAGGTCCTTGCCA-1,Granulocytes
ENT_GATGAGGTCCTTGGTC-1,Monocytes
ENT_GATGAGGTCGCGTTTC-1,Monocytes
ENT_GATGCTAAGATACACA-1,Monocytes
ENT_GATGCTAAGTACTTGC-1,Granulocytes
ENT_GATGCTACATCTCGCT-1,Dendritic cells
ENT_GATGCTAGTGTCTGAT-1,Dendritic cells
ENT_GATGCTAGTTAAGGGC-1,Monocytes
ENT_GATGCTATCAGCTGGC-1,Monocytes
ENT_GATGCTATCGACGGAA-1,Monocytes
ENT_GATTCAGCACTAGTAC-1,Granulocytes
ENT_GATTCAGGTCAAAGAT-1,Granulocytes
ENT_GCAAACTAGATGCCTT-1,Granulocytes
ENT_GCAAACTAGTTACGGG-1,Monocytes
ENT_GCAAACTCACGAGAGT-1,Monocytes
ENT_GCAAACTGTATTCGTG-1,Monocytes
ENT_GCAATCACAAGGTGTG-1,Monocytes
ENT_GCAATCATCCTTTCGG-1,Monocytes
ENT_GCACATAAGACAGAGA-1,Monocytes
ENT_GCACATAAGAGGGATA-1,Monocytes
ENT_GCACATAAGTACATGA-1,Granulocytes
ENT_GCACATAGTAAATGAC-1,Monocytes
ENT_GCACATATCACGACTA-1,Monocytes
ENT_GCACTCTAGCTGAACG-1,Monocytes
ENT_GCACTCTCAACACCTA-1,Granulocytes
ENT_GCACTCTGTAAGGATT-1,Granulocytes
ENT_GCACTCTGTCCAACTA-1,Monocytes
ENT_GCACTCTGTGCCTTGG-1,Dendritic cells
ENT_GCACTCTTCACTTCAT-1,Granulocytes
ENT_GCACTCTTCATGTCTT-1,Dendritic cells
ENT_GCAGCCACAAAGGAAG-1,T cells
ENT_GCAGCCACAGGGATTG-1,Monocytes
ENT_GCAGCCACAGTTCATG-1,T cells
ENT_GCAGCCAGTGCACGAA-1,Dendritic cells
ENT_GCAGCCATCGAGAGCA-1,Monocytes
ENT_GCAGCCATCGTCCAGG-1,Monocytes
ENT_GCAGTTACAATTCCTT-1,Monocytes
ENT_GCAGTTAGTTGTGGAG-1,Monocytes
ENT_GCAGTTATCCGCATCT-1,Monocytes
ENT_GCATACAAGCCTCGTG-1,Monocytes
ENT_GCATACAAGCTAGGCA-1,Monocytes
ENT_GCATACAAGTGGTAGC-1,Monocytes
ENT_GCATACAAGTGGTCCC-1,Monocytes
ENT_GCATACACAAACGCGA-1,Monocytes
ENT_GCATACAGTGTCGCTG-1,Monocytes
ENT_GCATACAGTTACCGAT-1,Dendritic cells
ENT_GCATACATCGTAGATC-1,Monocytes
ENT_GCATGATAGTTCGCGC-1,Granulocytes
ENT_GCATGATCATGCCTAA-1,Monocytes
ENT_GCATGATTCTTTAGGG-1,Granulocytes
ENT_GCATGTAAGTTAACGA-1,Monocytes
ENT_GCATGTAGTACGACCC-1,Dendritic cells
ENT_GCATGTAGTGGTCCGT-1,Monocytes
ENT_GCCAAATAGACTAGAT-1,Granulocytes
ENT_GCCAAATAGTACATGA-1,Macrophages
ENT_GCCAAATCACCGAATT-1,Macrophages
ENT_GCCAAATCATGCAATC-1,Monocytes
ENT_GCCAAATTCACCTTAT-1,Granulocytes
ENT_GCCAAATTCACTGGGC-1,Macrophages
ENT_GCCAAATTCCGAATGT-1,Monocytes
ENT_GCCAAATTCGAACTGT-1,Dendritic cells
ENT_GCCTCTAAGGTAAACT-1,Monocytes
ENT_GCCTCTACATGGGACA-1,Monocytes
ENT_GCCTCTATCGGAATCT-1,Monocytes
ENT_GCGACCAAGTACGCGA-1,Monocytes
ENT_GCGACCACAATCTGCA-1,Monocytes
ENT_GCGACCAGTATTCTCT-1,Monocytes
ENT_GCGACCAGTTCCAACA-1,Monocytes
ENT_GCGACCATCGGTTAAC-1,Granulocytes
ENT_GCGAGAAAGAATTGTG-1,Monocytes
ENT_GCGAGAAAGAGGTACC-1,Monocytes
ENT_GCGAGAAAGCAGGTCA-1,Monocytes
ENT_GCGAGAAAGCGTAATA-1,Monocytes
ENT_GCGAGAAGTACGAAAT-1,Granulocytes
ENT_GCGAGAATCGTTACGA-1,Monocytes
ENT_GCGAGAATCTTCGGTC-1,Monocytes
ENT_GCGCAACAGATGCCAG-1,Monocytes
ENT_GCGCAACAGCCATCGC-1,Monocytes
ENT_GCGCAACAGCGACGTA-1,Monocytes
ENT_GCGCAACAGCGTTCCG-1,Monocytes
ENT_GCGCAACAGTCCGTAT-1,Monocytes
ENT_GCGCAACAGTGTACGG-1,Monocytes
ENT_GCGCAACGTAATAGCA-1,Granulocytes
ENT_GCGCAGTGTATTCGTG-1,Monocytes
ENT_GCGCAGTGTTGGAGGT-1,Monocytes
ENT_GCGCCAACACTTAACG-1,Monocytes
ENT_GCGCCAACAGACAGGT-1,Monocytes
ENT_GCGCCAATCATGTCTT-1,Monocytes
ENT_GCGCCAATCTGCCCTA-1,Monocytes
ENT_GCGCCAATCTGTCCGT-1,Monocytes
ENT_GCGCCAATCTTACCGC-1,Monocytes
ENT_GCGCCAATCTTGCAAG-1,Monocytes
ENT_GCGCGATAGACTAAGT-1,Monocytes
ENT_GCGCGATGTAACGTTC-1,Monocytes
ENT_GCGCGATGTCTAGCGC-1,Monocytes
ENT_GCGGGTTAGCACAGGT-1,Dendritic cells
ENT_GCGGGTTAGGTGTGGT-1,T cells
ENT_GCGGGTTAGTGCAAGC-1,Monocytes
ENT_GCGGGTTAGTGGGCTA-1,Monocytes
ENT_GCGGGTTGTAAAGGAG-1,Dendritic cells
ENT_GCGGGTTGTTACGACT-1,Granulocytes
ENT_GCGGGTTTCACGCGGT-1,Monocytes
ENT_GCGGGTTTCGTGGGAA-1,Granulocytes
ENT_GCTCCTACAATGGAAT-1,Dendritic cells
ENT_GCTCCTAGTAGCTAAA-1,Monocytes
ENT_GCTCCTATCCGCGTTT-1,Monocytes
ENT_GCTCTGTCAGACAAGC-1,Granulocytes
ENT_GCTCTGTGTAGCTAAA-1,Macrophages
ENT_GCTCTGTGTTTGACAC-1,Monocytes
ENT_GCTCTGTTCGTACGGC-1,Granulocytes
ENT_GCTCTGTTCTGCGTAA-1,Monocytes
ENT_GCTGCAGAGATGAGAG-1,Monocytes
ENT_GCTGCAGAGCCAGTAG-1,Monocytes
ENT_GCTGCAGCAAGCCGTC-1,Monocytes
ENT_GCTGCAGTCAACCATG-1,Granulocytes
ENT_GCTGCAGTCCAAAGTC-1,Granulocytes
ENT_GCTGCAGTCGGTTCGG-1,Monocytes
ENT_GCTGCGAAGCCCGAAA-1,Dendritic cells
ENT_GCTGCGAAGTAGATGT-1,Monocytes
ENT_GCTGCGACATACAGCT-1,Monocytes
ENT_GCTGCGACATTAACCG-1,Monocytes
ENT_GCTGCGATCTCAAACG-1,Monocytes
ENT_GCTGCTTGTTACCGAT-1,Dendritic cells
ENT_GCTGCTTGTTCCACGG-1,Granulocytes
ENT_GCTGGGTAGCCGATTT-1,Monocytes
ENT_GCTGGGTTCCGAAGAG-1,Monocytes
ENT_GCTGGGTTCTCCAACC-1,Monocytes
ENT_GCTTCCACAAAGTGCG-1,Dendritic cells
ENT_GCTTCCATCAGCACAT-1,Granulocytes
ENT_GCTTCCATCTGACCTC-1,Monocytes
ENT_GCTTCCATCTTTACAC-1,T cells
ENT_GCTTGAAAGACTGTAA-1,Dendritic cells
ENT_GCTTGAAGTGAGCGAT-1,Macrophages
ENT_GCTTGAAGTTAGATGA-1,Monocytes
ENT_GCTTGAATCAGTGTTG-1,Granulocytes
ENT_GCTTGAATCTGGTTCC-1,Monocytes
ENT_GGAAAGCCAATAGCAA-1,Granulocytes
ENT_GGAAAGCCAGGACCCT-1,Monocytes
ENT_GGAAAGCCATCCTAGA-1,Monocytes
ENT_GGAAAGCGTCTTCGTC-1,Monocytes
ENT_GGAAAGCGTTTCGCTC-1,Monocytes
ENT_GGAACTTCAAACGTGG-1,Monocytes
ENT_GGAACTTCATGCGCAC-1,Dendritic cells
ENT_GGAACTTTCCACGTTC-1,Monocytes
ENT_GGAATAAAGACGCAAC-1,Monocytes
ENT_GGAATAACAAGAGTCG-1,Granulocytes
ENT_GGAATAACAAGCGTAG-1,Macrophages
ENT_GGAATAACAAGTACCT-1,Monocytes
ENT_GGAATAAGTCATCCCT-1,Dendritic cells
ENT_GGAATAAGTCGACTGC-1,Monocytes
ENT_GGACAAGAGGACAGCT-1,Monocytes
ENT_GGACAAGAGGTGCACA-1,Monocytes
ENT_GGACAAGAGTCCGGTC-1,Granulocytes
ENT_GGACAAGCACGTCAGC-1,Monocytes
ENT_GGACAAGCATCAGTCA-1,Monocytes
ENT_GGACAAGGTCGAACAG-1,Monocytes
ENT_GGACAAGGTCTCAACA-1,Monocytes
ENT_GGACAAGGTGATAAGT-1,Monocytes
ENT_GGACAAGGTGTTCGAT-1,Monocytes
ENT_GGACAAGTCGTTTGCC-1,Monocytes
ENT_GGACAGAAGCTTTGGT-1,T cells
ENT_GGACAGAAGTCAATAG-1,Monocytes
ENT_GGACAGACAACCGCCA-1,Dendritic cells
ENT_GGACAGACAGCTGGCT-1,Monocytes
ENT_GGACATTAGCACGCCT-1,Monocytes
ENT_GGACATTGTGCAGACA-1,Monocytes
ENT_GGACATTTCAGGATCT-1,Monocytes
ENT_GGACGTCCAAGCCCAC-1,Monocytes
ENT_GGACGTCCATGTCGAT-1,Granulocytes
ENT_GGACGTCTCTGGTATG-1,Monocytes
ENT_GGAGCAACAGTATGCT-1,Granulocytes
ENT_GGAGCAACATTAACCG-1,Monocytes
ENT_GGATGTTGTCTTCAAG-1,Monocytes
ENT_GGATGTTGTGTAAGTA-1,Monocytes
ENT_GGATTACAGGCATTGG-1,Monocytes
ENT_GGATTACGTGGTCCGT-1,Monocytes
ENT_GGATTACGTGTGACCC-1,Granulocytes
ENT_GGATTACGTTCGGGCT-1,Monocytes
ENT_GGATTACTCAAAGACA-1,Granulocytes
ENT_GGATTACTCCGGGTGT-1,Monocytes
ENT_GGCAATTCACCACGTG-1,Granulocytes
ENT_GGCAATTGTCCCGACA-1,Monocytes
ENT_GGCAATTGTCTCGTTC-1,Monocytes
ENT_GGCAATTGTGTCTGAT-1,T cells
ENT_GGCAATTTCCTCAACC-1,Granulocytes
ENT_GGCCGATAGAAACGAG-1,Granulocytes
ENT_GGCCGATGTCTAGTCA-1,Monocytes
ENT_GGCCGATGTGTGACGA-1,Monocytes
ENT_GGCCGATGTTGGTGGA-1,Monocytes
ENT_GGCGACTAGCTGTCTA-1,Dendritic cells
ENT_GGCGTGTAGTGAATTG-1,Monocytes
ENT_GGCGTGTCATGTCCTC-1,Macrophages
ENT_GGCGTGTGTTTGCATG-1,Monocytes
ENT_GGCTCGAAGTTGTCGT-1,Monocytes
ENT_GGCTCGACACGCATCG-1,Monocytes
ENT_GGCTCGACATTTCAGG-1,Monocytes
ENT_GGCTCGAGTCTCCACT-1,Monocytes
ENT_GGCTCGATCCCAAGTA-1,Monocytes
ENT_GGCTGGTAGTTGAGTA-1,Monocytes
ENT_GGCTGGTCACGGCTAC-1,Monocytes
ENT_GGCTGGTCATAACCTG-1,Dendritic cells
ENT_GGCTGGTGTAGCGCTC-1,Monocytes
ENT_GGCTGGTGTATTACCG-1,Dendritic cells
ENT_GGCTGGTTCGGCTACG-1,Monocytes
ENT_GGCTGGTTCTGCAAGT-1,Monocytes
ENT_GGGAATGAGCCAGGAT-1,Monocytes
ENT_GGGAATGAGGACACCA-1,Dendritic cells
ENT_GGGAATGAGTGGGCTA-1,Granulocytes
ENT_GGGAATGAGTGTTGAA-1,Monocytes
ENT_GGGAATGCAGGAACGT-1,Monocytes
ENT_GGGAATGGTCGAAAGC-1,Monocytes
ENT_GGGAATGGTCTTTCAT-1,Monocytes
ENT_GGGAATGTCGCTAGCG-1,Monocytes
ENT_GGGACCTAGGCGACAT-1,Dendritic cells
ENT_GGGACCTCATGGTCTA-1,Monocytes
ENT_GGGACCTTCGTTACAG-1,Granulocytes
ENT_GGGACCTTCGTTGCCT-1,Monocytes
ENT_GGGAGATAGAGCAATT-1,Monocytes
ENT_GGGAGATGTGGTCTCG-1,Monocytes
ENT_GGGAGATTCAGCCTAA-1,Granulocytes
ENT_GGGATGAAGCCTTGAT-1,Monocytes
ENT_GGGATGACATGCCTTC-1,Monocytes
ENT_GGGATGACATGGTTGT-1,Granulocytes
ENT_GGGATGACATTACCTT-1,Monocytes
ENT_GGGATGAGTAGCGTGA-1,Monocytes
ENT_GGGATGAGTGCCTGCA-1,Dendritic cells
ENT_GGGATGAGTGCGAAAC-1,Monocytes
ENT_GGGATGATCACAGGCC-1,Dendritic cells
ENT_GGGATGATCTCATTCA-1,Monocytes
ENT_GGGCACTGTAAATGAC-1,Monocytes
ENT_GGGCACTGTGCGGTAA-1,Dendritic cells
ENT_GGGCACTTCGTCACGG-1,Macrophages
ENT_GGGCACTTCTTGAGGT-1,Monocytes
ENT_GGGCATCAGTACTTGC-1,Monocytes
ENT_GGGCATCAGTCCGTAT-1,Monocytes
ENT_GGGCATCAGTGTCCAT-1,Monocytes
ENT_GGGCATCTCCACTCCA-1,Monocytes
ENT_GGGTCTGAGGCATGGT-1,Monocytes
ENT_GGGTCTGAGGGTGTGT-1,Monocytes
ENT_GGGTCTGTCATACGGT-1,Monocytes
ENT_GGGTTGCAGCTGTTCA-1,Granulocytes
ENT_GGGTTGCCAGTGGGAT-1,Monocytes
ENT_GGGTTGCCATATGAGA-1,Dendritic cells
ENT_GGGTTGCGTACACCGC-1,Monocytes
ENT_GGGTTGCGTGAAAGAG-1,Granulocytes
ENT_GGGTTGCGTGTCGCTG-1,Granulocytes
ENT_GGGTTGCTCAGAGACG-1,Monocytes
ENT_GGGTTGCTCGTGGGAA-1,Macrophages
ENT_GGTATTGCAAGGTGTG-1,Monocytes
ENT_GGTATTGGTCGCGGTT-1,Dendritic cells
ENT_GGTATTGGTGACCAAG-1,Monocytes
ENT_GGTGAAGAGAGTACCG-1,Monocytes
ENT_GGTGAAGAGGACAGCT-1,Monocytes
ENT_GGTGAAGAGTTGAGAT-1,Dendritic cells
ENT_GGTGAAGCAGTGACAG-1,Granulocytes
ENT_GGTGAAGCATGCCACG-1,Monocytes
ENT_GGTGAAGCATGGAATA-1,Monocytes
ENT_GGTGAAGGTAATCACC-1,Monocytes
ENT_GGTGAAGGTCACAAGG-1,Monocytes
ENT_GGTGAAGTCAACGGGA-1,Monocytes
ENT_GGTGCGTAGATCCCAT-1,Monocytes
ENT_GGTGCGTGTGCACGAA-1,T cells
ENT_GGTGCGTTCGGCGCAT-1,Monocytes
ENT_GGTGTTAAGACCACGA-1,T cells
ENT_GGTGTTAAGCTGCCCA-1,Monocytes
ENT_GGTGTTAAGTACGTTC-1,Monocytes
ENT_GGTGTTACACAGACAG-1,Granulocytes
ENT_GGTGTTACACGTAAGG-1,Monocytes
ENT_GGTGTTACAGCGTAAG-1,Monocytes
ENT_GGTGTTAGTAAGCACG-1,Monocytes
ENT_GGTGTTATCACCGGGT-1,Monocytes
ENT_GTAACGTAGAGGGATA-1,Monocytes
ENT_GTAACGTGTAAGCACG-1,Monocytes
ENT_GTAACGTGTCTGGTCG-1,Monocytes
ENT_GTAACGTTCAATCACG-1,Granulocytes
ENT_GTAACGTTCATCGCTC-1,Granulocytes
ENT_GTAACGTTCGCATGGC-1,Monocytes
ENT_GTAACTGAGTAGGTGC-1,Monocytes
ENT_GTAACTGGTGATAAGT-1,Granulocytes
ENT_GTAACTGGTTCGGCAC-1,Monocytes
ENT_GTAACTGTCTCCAACC-1,Dendritic cells
ENT_GTACGTACATCCCATC-1,Granulocytes
ENT_GTACGTAGTCTGCGGT-1,Monocytes
ENT_GTACGTAGTTAAAGAC-1,Granulocytes
ENT_GTACGTATCCTTTCTC-1,Monocytes
ENT_GTACTCCAGAGCCCAA-1,Dendritic cells
ENT_GTACTCCAGGATGCGT-1,Monocytes
ENT_GTACTCCAGGGTGTTG-1,Dendritic cells
ENT_GTACTCCCAGGGATTG-1,Monocytes
ENT_GTACTCCCATCCAACA-1,Monocytes
ENT_GTACTCCGTGTCGCTG-1,Monocytes
ENT_GTACTCCGTTATTCTC-1,T cells
ENT_GTACTCCGTTCAGTAC-1,Monocytes
ENT_GTACTCCGTTTGTTGG-1,Monocytes
ENT_GTACTCCTCTTAGAGC-1,Monocytes
ENT_GTACTTTAGTGTGGCA-1,Monocytes
ENT_GTACTTTCACCCATGG-1,Monocytes
ENT_GTACTTTCACGTCAGC-1,T cells
ENT_GTACTTTCAGCTATTG-1,Monocytes
ENT_GTACTTTGTCAGAAGC-1,Granulocytes
ENT_GTACTTTGTCATGCCG-1,Granulocytes
ENT_GTACTTTGTCCGTCAG-1,Granulocytes
ENT_GTACTTTTCTTTCCTC-1,T cells
ENT_GTAGGCCAGTCAAGGC-1,Monocytes
ENT_GTAGGCCAGTTAACGA-1,Monocytes
ENT_GTAGGCCGTTTACTCT-1,Monocytes
ENT_GTAGGCCTCATCATTC-1,Granulocytes
ENT_GTAGGCCTCATGTCCC-1,Granulocytes
ENT_GTAGGCCTCTTATCTG-1,Monocytes
ENT_GTAGTCAAGACTTGAA-1,Dendritic cells
ENT_GTAGTCACAAGGACTG-1,Dendritic cells
ENT_GTAGTCACATGGGACA-1,Monocytes
ENT_GTAGTCAGTAAATGAC-1,Dendritic cells
ENT_GTAGTCAGTATGCTTG-1,Monocytes
ENT_GTAGTCATCCCATTAT-1,Monocytes
ENT_GTATCTTAGAGAGCTC-1,Granulocytes
ENT_GTATCTTAGCGTAATA-1,Monocytes
ENT_GTATCTTAGTGGTAAT-1,Granulocytes
ENT_GTATCTTCAGTTAACC-1,Monocytes
ENT_GTATCTTGTACAAGTA-1,T cells
ENT_GTATCTTGTAGCCTCG-1,Monocytes
ENT_GTATTCTCACCAGATT-1,Monocytes
ENT_GTATTCTCAGACAGGT-1,Macrophages
ENT_GTATTCTGTCGTTGTA-1,Monocytes
ENT_GTATTCTGTCTTCGTC-1,Monocytes
ENT_GTATTCTGTGTTTGGT-1,Monocytes
ENT_GTATTCTTCACATGCA-1,Monocytes
ENT_GTATTCTTCATCATTC-1,Monocytes
ENT_GTCAAGTAGCTTTGGT-1,Monocytes
ENT_GTCAAGTAGGCGTACA-1,Monocytes
ENT_GTCAAGTCATACTCTT-1,Macrophages
ENT_GTCAAGTTCAACGAAA-1,Granulocytes
ENT_GTCAAGTTCACTTATC-1,Macrophages
ENT_GTCACAAAGGCGTACA-1,Monocytes
ENT_GTCACAACACAACGCC-1,Monocytes
ENT_GTCACAACATGAAGTA-1,Monocytes
ENT_GTCACAAGTACCGTTA-1,T cells
ENT_GTCACAAGTCCGAACC-1,Granulocytes
ENT_GTCACAAGTTGTCTTT-1,Granulocytes
ENT_GTCACAATCAATCTCT-1,Monocytes
ENT_GTCACAATCACCCGAG-1,Granulocytes
ENT_GTCACAATCCTAGAAC-1,Dendritic cells
ENT_GTCACAATCGCTTAGA-1,Monocytes
ENT_GTCACAATCTGCAGTA-1,Monocytes
ENT_GTCACGGAGGACAGAA-1,Macrophages
ENT_GTCACGGTCAGTTGAC-1,Monocytes
ENT_GTCACGGTCTGCCAGG-1,Monocytes
ENT_GTCATTTAGACTCGGA-1,Monocytes
ENT_GTCATTTAGACTTTCG-1,Monocytes
ENT_GTCATTTCACTTCGAA-1,Monocytes
ENT_GTCATTTGTGTTCTTT-1,Monocytes
ENT_GTCATTTGTTGGTGGA-1,Monocytes
ENT_GTCATTTTCTTTACAC-1,Monocytes
ENT_GTCCTCAAGTGTTAGA-1,Monocytes
ENT_GTCCTCAGTACTTCTT-1,Granulocytes
ENT_GTCCTCAGTACTTGAC-1,Granulocytes
ENT_GTCCTCAGTTAAGTAG-1,Monocytes
ENT_GTCCTCATCATTGCGA-1,Monocytes
ENT_GTCGGGTTCCAAACAC-1,Monocytes
ENT_GTCGGGTTCCTTTACA-1,Monocytes
ENT_GTCGTAAAGGCTCTTA-1,Monocytes
ENT_GTCGTAAGTGCTGTAT-1,Macrophages
ENT_GTCTCGTCAAGTCTAC-1,Granulocytes
ENT_GTCTCGTCACGGTTTA-1,Macrophages
ENT_GTCTCGTCATCCAACA-1,Macrophages
ENT_GTCTCGTGTGCGGTAA-1,Monocytes
ENT_GTCTCGTTCAACCATG-1,Monocytes
ENT_GTCTCGTTCCGTAGGC-1,Monocytes
ENT_GTCTTCGAGATAGCAT-1,Granulocytes
ENT_GTCTTCGCAATTGCTG-1,Granulocytes
ENT_GTCTTCGCACATCTTT-1,Monocytes
ENT_GTCTTCGCAGCTGCAC-1,Monocytes
ENT_GTCTTCGGTTATCCGA-1,Monocytes
ENT_GTCTTCGTCAGAGCTT-1,Dendritic cells
ENT_GTGAAGGAGAAGAAGC-1,Monocytes
ENT_GTGAAGGAGCGAAGGG-1,Monocytes
ENT_GTGAAGGAGGATCGCA-1,Dendritic cells
ENT_GTGAAGGCAATCAGAA-1,Granulocytes
ENT_GTGAAGGGTGAGTGAC-1,Monocytes
ENT_GTGAAGGTCAAACCAC-1,Monocytes
ENT_GTGCAGCCACATGGGA-1,Dendritic cells
ENT_GTGCAGCCATTACCTT-1,Monocytes
ENT_GTGCAGCGTCAGTGGA-1,Monocytes
ENT_GTGCAGCGTCCAGTGC-1,Monocytes
ENT_GTGCAGCGTGTCGCTG-1,Granulocytes
ENT_GTGCAGCGTGTGACGA-1,Monocytes
ENT_GTGCAGCGTTTGACTG-1,Granulocytes
ENT_GTGCATAAGCCCAATT-1,Monocytes
ENT_GTGCATACATCAGTAC-1,Monocytes
ENT_GTGCATATCCAGGGCT-1,Monocytes
ENT_GTGCATATCGCCTGAG-1,Monocytes
ENT_GTGCGGTGTTTGTGTG-1,Monocytes
ENT_GTGCGGTTCCAGTAGT-1,Monocytes
ENT_GTGCGGTTCCGCTGTT-1,Monocytes
ENT_GTGCGGTTCTCGCTTG-1,Monocytes
ENT_GTGCTTCAGAGCCTAG-1,Macrophages
ENT_GTGCTTCAGTCAAGCG-1,Monocytes
ENT_GTGCTTCTCCCAGGTG-1,Monocytes
ENT_GTGGGTCAGAAGAAGC-1,Monocytes
ENT_GTGGGTCAGCTAGTGG-1,Monocytes
ENT_GTGGGTCAGTCGAGTG-1,Monocytes
ENT_GTGGGTCGTCAGAATA-1,Dendritic cells
ENT_GTGGGTCTCTTGTACT-1,Monocytes
ENT_GTGTGCGAGCTAGCCC-1,Dendritic cells
ENT_GTGTGCGAGGAGTAGA-1,Monocytes
ENT_GTGTTAGAGATATGGT-1,Granulocytes
ENT_GTGTTAGGTAAGAGAG-1,NK cells
ENT_GTGTTAGGTCACTTCC-1,Monocytes
ENT_GTGTTAGGTTACGGAG-1,Monocytes
ENT_GTGTTAGTCAAGAAGT-1,Granulocytes
ENT_GTGTTAGTCGCCTGTT-1,Monocytes
ENT_GTGTTAGTCGTGGACC-1,Monocytes
ENT_GTGTTAGTCGTTTATC-1,Monocytes
ENT_GTTAAGCAGTAGCCGA-1,Monocytes
ENT_GTTAAGCCATATACCG-1,Dendritic cells
ENT_GTTAAGCGTCGCTTCT-1,Monocytes
ENT_GTTAAGCTCGGCGCTA-1,Monocytes
ENT_GTTAAGCTCTAACCGA-1,Monocytes
ENT_GTTACAGCACGGCCAT-1,Monocytes
ENT_GTTACAGGTAAACCTC-1,Monocytes
ENT_GTTACAGGTCAAGCGA-1,Granulocytes
ENT_GTTACAGGTTTGGCGC-1,Granulocytes
ENT_GTTCATTCAAGTAGTA-1,Monocytes
ENT_GTTCATTCAGTAACGG-1,Monocytes
ENT_GTTCATTGTACTCTCC-1,Dendritic cells
ENT_GTTCATTGTTGTCGCG-1,Dendritic cells
ENT_GTTCATTTCTGGAGCC-1,Monocytes
ENT_GTTCGGGAGACCTAGG-1,Monocytes
ENT_GTTCGGGAGGAATTAC-1,Monocytes
ENT_GTTCGGGAGGCTCATT-1,Monocytes
ENT_GTTCGGGAGTAACCCT-1,T cells
ENT_GTTCGGGAGTGAAGTT-1,Monocytes
ENT_GTTCGGGTCTCCTATA-1,Monocytes
ENT_GTTCTCGAGGGCACTA-1,Monocytes
ENT_GTTCTCGAGTCTCAAC-1,T cells
ENT_GTTCTCGAGTGGAGTC-1,Monocytes
ENT_GTTCTCGCAGGCAGTA-1,Monocytes
ENT_GTTCTCGCAGTCACTA-1,Monocytes
ENT_GTTCTCGCATGACGGA-1,Monocytes
ENT_GTTTCTACATAGTAAG-1,Granulocytes
ENT_GTTTCTACATGCCCGA-1,T cells
ENT_GTTTCTACATTGGTAC-1,Granulocytes
ENT_GTTTCTATCCTTAATC-1,Monocytes
ENT_TAAACCGAGATGTGTA-1,Monocytes
ENT_TAAACCGAGCTGTTCA-1,Monocytes
ENT_TAAACCGCACCAGTTA-1,Monocytes
ENT_TAAGAGACAATGCCAT-1,Monocytes
ENT_TAAGAGACACGGTAAG-1,Granulocytes
ENT_TAAGAGAGTATCAGTC-1,Granulocytes
ENT_TAAGAGAGTATGGTTC-1,Monocytes
ENT_TAAGAGAGTCTAAAGA-1,Granulocytes
ENT_TAAGAGAGTGCAGGTA-1,Monocytes
ENT_TAAGAGATCAACACGT-1,Monocytes
ENT_TAAGAGATCCGTTGTC-1,Monocytes
ENT_TAAGCGTCAAGCGCTC-1,Monocytes
ENT_TAAGCGTCAATGGATA-1,Granulocytes
ENT_TAAGCGTTCCATGAGT-1,Monocytes
ENT_TAAGCGTTCTTAACCT-1,Granulocytes
ENT_TAAGTGCCAATCTACG-1,Dendritic cells
ENT_TAAGTGCTCCTTGCCA-1,T cells
ENT_TACACGAAGCTGAAAT-1,Monocytes
ENT_TACACGAAGCTGTCTA-1,Monocytes
ENT_TACACGAAGGCATTGG-1,Monocytes
ENT_TACACGACATCACCCT-1,Monocytes
ENT_TACACGAGTCGCGAAA-1,Monocytes
ENT_TACAGTGCACGCGAAA-1,Monocytes
ENT_TACAGTGCATCGGACC-1,Monocytes
ENT_TACAGTGGTCTAACGT-1,Monocytes
ENT_TACAGTGTCAAAGTAG-1,Monocytes
ENT_TACCTATAGATGGCGT-1,Monocytes
ENT_TACCTATCAATGACCT-1,Monocytes
ENT_TACCTATCAGAGCCAA-1,Monocytes
ENT_TACCTATCAGGAATGC-1,Granulocytes
ENT_TACCTATGTCCAGTTA-1,Monocytes
ENT_TACCTTAAGCCAACAG-1,Monocytes
ENT_TACCTTAAGGCTCAGA-1,Monocytes
ENT_TACCTTAAGGTAGCTG-1,Monocytes
ENT_TACCTTAAGTGTTAGA-1,Monocytes
ENT_TACCTTACAATCTACG-1,Dendritic cells
ENT_TACCTTACACCCAGTG-1,B cells
ENT_TACCTTAGTGTCAATC-1,Monocytes
ENT_TACCTTATCGTGACAT-1,Monocytes
ENT_TACGGATAGATGTGTA-1,Monocytes
ENT_TACGGATAGTGACTCT-1,Monocytes
ENT_TACGGATCAGACGCTC-1,Monocytes
ENT_TACGGGCAGTGTCTCA-1,Monocytes
ENT_TACGGGCCATACCATG-1,Dendritic cells
ENT_TACGGGCCATGGATGG-1,Monocytes
ENT_TACGGGCGTAAGTTCC-1,Dendritic cells
ENT_TACGGGCGTCATATGC-1,Monocytes
ENT_TACGGTAAGTGTTTGC-1,Monocytes
ENT_TACGGTATCCGGCACA-1,Monocytes
ENT_TACGGTATCCTGTAGA-1,Dendritic cells
ENT_TACTCATAGCAATATG-1,Granulocytes
ENT_TACTCATTCGAGGTAG-1,Monocytes
ENT_TACTCGCCATTTGCTT-1,Monocytes
ENT_TACTCGCTCCAGATCA-1,Granulocytes
ENT_TACTCGCTCTACTTAC-1,Monocytes
ENT_TACTTACAGCCCTAAT-1,Monocytes
ENT_TACTTACCATATACCG-1,Monocytes
ENT_TACTTACGTAGCGTAG-1,Monocytes
ENT_TACTTGTAGGTGATAT-1,Granulocytes
ENT_TACTTGTGTACAGCAG-1,Monocytes
ENT_TACTTGTGTCCCGACA-1,Dendritic cells
ENT_TACTTGTGTCCGTGAC-1,Monocytes
ENT_TACTTGTGTTGCCTCT-1,Dendritic cells
ENT_TACTTGTTCACCGGGT-1,Monocytes
ENT_TACTTGTTCCCATTTA-1,Monocytes
ENT_TACTTGTTCCGTACAA-1,Dendritic cells
ENT_TACTTGTTCGCATGGC-1,Monocytes
ENT_TACTTGTTCGGCTTGG-1,Dendritic cells
ENT_TAGACCAGTAACGTTC-1,Monocytes
ENT_TAGACCATCTTTCCTC-1,Monocytes
ENT_TAGAGCTAGACATAAC-1,Monocytes
ENT_TAGAGCTCACAGAGGT-1,Macrophages
ENT_TAGAGCTGTATAGGGC-1,Dendritic cells
ENT_TAGAGCTGTTACGTCA-1,Monocytes
ENT_TAGAGCTTCGTCTGAA-1,Monocytes
ENT_TAGCCGGAGGATGGTC-1,Macrophages
ENT_TAGCCGGAGTAGCGGT-1,T cells
ENT_TAGCCGGCAATCGGTT-1,Monocytes
ENT_TAGCCGGGTAAGAGGA-1,Dendritic cells
ENT_TAGCCGGGTCGAATCT-1,Monocytes
ENT_TAGGCATGTAAATGTG-1,Dendritic cells
ENT_TAGGCATGTACCGGCT-1,Granulocytes
ENT_TAGGCATGTCTGCGGT-1,Granulocytes
ENT_TAGTGGTAGCTCCCAG-1,Granulocytes
ENT_TAGTGGTGTCCGACGT-1,Monocytes
ENT_TAGTGGTTCTGTTTGT-1,Monocytes
ENT_TAGTTGGAGTTACGGG-1,Monocytes
ENT_TAGTTGGGTAACGCGA-1,Monocytes
ENT_TAGTTGGGTATTCTCT-1,Dendritic cells
ENT_TATCAGGCAGATGAGC-1,Monocytes
ENT_TATCAGGGTAGAGTGC-1,Monocytes
ENT_TATCAGGGTCAGTGGA-1,Monocytes
ENT_TATCAGGGTCGCATAT-1,Monocytes
ENT_TATCAGGGTGATGCCC-1,Monocytes
ENT_TATCAGGTCCGAAGAG-1,Monocytes
ENT_TATCTCAAGCCCGAAA-1,Granulocytes
ENT_TATCTCACATGCTGGC-1,T cells
ENT_TATCTCAGTCCAGTTA-1,Monocytes
ENT_TATCTCAGTTTACTCT-1,Monocytes
ENT_TATCTCATCGGTCCGA-1,Granulocytes
ENT_TATGCCCAGGAACTGC-1,Monocytes
ENT_TATGCCCAGGAGTTTA-1,Monocytes
ENT_TATGCCCCACGTCTCT-1,Monocytes
ENT_TATTACCAGGCTACGA-1,Dendritic cells
ENT_TATTACCGTGCTCTTC-1,Monocytes
ENT_TCAACGACATGGTCAT-1,T cells
ENT_TCAACGAGTAGCACGA-1,T cells
ENT_TCAACGAGTGCTGTAT-1,Monocytes
ENT_TCAACGAGTTTACTCT-1,Monocytes
ENT_TCAATCTAGCTGCCCA-1,Monocytes
ENT_TCAATCTAGGGTCGAT-1,Monocytes
ENT_TCAATCTCAGCTGCTG-1,Monocytes
ENT_TCAATCTCAGGGTACA-1,Monocytes
ENT_TCAATCTGTCTTCAAG-1,Dendritic cells
ENT_TCAATCTGTGTTGGGA-1,Dendritic cells
ENT_TCAATCTTCAGAGACG-1,T cells
ENT_TCACAAGAGATGGCGT-1,Monocytes
ENT_TCACAAGAGTGATCGG-1,Monocytes
ENT_TCACAAGCAATGGAAT-1,Granulocytes
ENT_TCACAAGCATGCATGT-1,Macrophages
ENT_TCACAAGCATGTCTCC-1,Monocytes
ENT_TCACAAGCATTATCTC-1,Monocytes
ENT_TCACAAGGTTACCGAT-1,Dendritic cells
ENT_TCACAAGGTTGGACCC-1,Monocytes
ENT_TCACGAAAGCCGGTAA-1,Monocytes
ENT_TCACGAAAGGTGATAT-1,Monocytes
ENT_TCACGAAGTAAGTAGT-1,Monocytes
ENT_TCACGAATCAGCTCTC-1,T cells
ENT_TCAGATGAGGAACTGC-1,Monocytes
ENT_TCAGATGTCAGAGACG-1,T cells
ENT_TCAGATGTCGCGTTTC-1,Monocytes
ENT_TCAGCAAAGGCAAAGA-1,Monocytes
ENT_TCAGCAACAAGCCCAC-1,Monocytes
ENT_TCAGCAACAGCAGTTT-1,NK cells
ENT_TCAGCAACATCACGAT-1,Erythrocytes
ENT_TCAGCAACATCCAACA-1,Granulocytes
ENT_TCAGCAAGTAGCGTCC-1,Monocytes
ENT_TCAGCTCAGGACACCA-1,Monocytes
ENT_TCAGCTCAGGGCACTA-1,Granulocytes
ENT_TCAGCTCCAGGATTGG-1,Granulocytes
ENT_TCAGGATAGTGTACCT-1,Monocytes
ENT_TCAGGATGTATTAGCC-1,T cells
ENT_TCAGGATGTTGTACAC-1,Monocytes
ENT_TCAGGTAAGATGGCGT-1,Monocytes
ENT_TCAGGTAAGGGAACGG-1,Monocytes
ENT_TCAGGTACACTTCGAA-1,Monocytes
ENT_TCAGGTAGTCACAAGG-1,Granulocytes
ENT_TCAGGTAGTCAGGACA-1,Monocytes
ENT_TCAGGTAGTCGCATAT-1,Monocytes
ENT_TCAGGTAGTCGTGGCT-1,Granulocytes
ENT_TCAGGTAGTTTGTGTG-1,Monocytes
ENT_TCAGGTATCGATAGAA-1,Granulocytes
ENT_TCATTACAGCTGCGAA-1,Granulocytes
ENT_TCATTACAGGATGGTC-1,Granulocytes
ENT_TCATTACGTACATCCA-1,Dendritic cells
ENT_TCATTACGTCTAACGT-1,Monocytes
ENT_TCATTACGTGGCGAAT-1,Monocytes
ENT_TCATTACGTGTCAATC-1,Monocytes
ENT_TCATTACGTGTGCGTC-1,Dendritic cells
ENT_TCATTTGAGCTACCTA-1,Monocytes
ENT_TCATTTGAGTATCTCG-1,Monocytes
ENT_TCATTTGGTGGTAACG-1,Monocytes
ENT_TCATTTGTCAGAAATG-1,Monocytes
ENT_TCATTTGTCTCAAGTG-1,Dendritic cells
ENT_TCCACACCACGTAAGG-1,Monocytes
ENT_TCCACACGTCGCGGTT-1,Monocytes
ENT_TCCACACGTTGTACAC-1,Monocytes
ENT_TCCACACTCAAACCGT-1,Granulocytes
ENT_TCCACACTCACTCCTG-1,Dendritic cells
ENT_TCCCGATAGGTGATTA-1,Monocytes
ENT_TCCCGATTCAGCTCTC-1,Dendritic cells
ENT_TCGAGGCAGAGGGATA-1,Monocytes
ENT_TCGAGGCAGCACGCCT-1,Monocytes
ENT_TCGAGGCCAAAGCGGT-1,Granulocytes
ENT_TCGAGGCCAATGAATG-1,Granulocytes
ENT_TCGAGGCCACGGACAA-1,Monocytes
ENT_TCGAGGCGTAACGCGA-1,Monocytes
ENT_TCGAGGCGTAGAGCTG-1,Monocytes
ENT_TCGAGGCTCGGTGTTA-1,Monocytes
ENT_TCGCGAGAGAGGGATA-1,Granulocytes
ENT_TCGCGAGAGGCGACAT-1,Monocytes
ENT_TCGCGAGAGTGCCATT-1,Monocytes
ENT_TCGCGAGCAGTATGCT-1,Monocytes
ENT_TCGCGAGCATCCGTGG-1,Monocytes
ENT_TCGCGAGGTTCTGTTT-1,Monocytes
ENT_TCGCGAGGTTTGACTG-1,Monocytes
ENT_TCGCGAGTCCCATTAT-1,Monocytes
ENT_TCGCGAGTCTGTTTGT-1,Dendritic cells
ENT_TCGCGTTAGTCAAGCG-1,Dendritic cells
ENT_TCGCGTTAGTCATGCT-1,Monocytes
ENT_TCGCGTTCACGAGAGT-1,Monocytes
ENT_TCGCGTTCAGTGGAGT-1,Monocytes
ENT_TCGCGTTCATTGCGGC-1,Monocytes
ENT_TCGGGACAGATCACGG-1,Monocytes
ENT_TCGGGACAGCTCAACT-1,Monocytes
ENT_TCGGGACCAACTGGCC-1,Granulocytes
ENT_TCGGGACCACGGCGTT-1,Monocytes
ENT_TCGGGACCATGGTAGG-1,Monocytes
ENT_TCGGGACGTGTGGTTT-1,Monocytes
ENT_TCGGGACTCGCATGAT-1,Monocytes
ENT_TCGGGACTCGCCAAAT-1,Monocytes
ENT_TCGGTAAAGCTCCTCT-1,Monocytes
ENT_TCGGTAACAAGCGAGT-1,Monocytes
ENT_TCGGTAAGTTATTCTC-1,Monocytes
ENT_TCGGTAAGTTTGCATG-1,Dendritic cells
ENT_TCGTACCAGAGGACGG-1,Monocytes
ENT_TCGTACCAGCAATATG-1,Monocytes
ENT_TCGTACCAGTCGCCGT-1,Monocytes
ENT_TCGTACCCAGCTCCGA-1,Granulocytes
ENT_TCGTACCTCACCTTAT-1,Monocytes
ENT_TCGTAGAAGACAGAGA-1,Monocytes
ENT_TCGTAGAAGCACCGCT-1,Monocytes
ENT_TCGTAGACAGCTGGCT-1,T cells
ENT_TCGTAGAGTCCATCCT-1,Monocytes
ENT_TCGTAGATCAACTCTT-1,Monocytes
ENT_TCGTAGATCGAGAACG-1,Monocytes
ENT_TCTATTGCACTGAAGG-1,Monocytes
ENT_TCTATTGGTATGAAAC-1,Monocytes
ENT_TCTATTGGTCCTCTTG-1,Granulocytes
ENT_TCTATTGGTTGTGGAG-1,T cells
ENT_TCTATTGTCCAAACTG-1,Monocytes
ENT_TCTCATAAGCTAGTCT-1,Monocytes
ENT_TCTCATAGTACTCTCC-1,Monocytes
ENT_TCTCATAGTTGTCTTT-1,Monocytes
ENT_TCTCTAAAGCATCATC-1,Monocytes
ENT_TCTCTAACAGTGAGTG-1,Monocytes
ENT_TCTGAGATCACTCTTA-1,Dendritic cells
ENT_TCTGAGATCCAACCAA-1,Macrophages
ENT_TCTGGAAAGGGCATGT-1,Monocytes
ENT_TCTGGAACAATCTACG-1,Monocytes
ENT_TCTGGAACAGCCTATA-1,Monocytes
ENT_TCTGGAATCCACGTGG-1,Dendritic cells
ENT_TCTGGAATCCCTAATT-1,Monocytes
ENT_TCTGGAATCGCAGGCT-1,T cells
ENT_TCTTCGGAGACTAGGC-1,Monocytes
ENT_TCTTCGGAGCGCCTCA-1,Monocytes
ENT_TCTTCGGGTTGTCTTT-1,Monocytes
ENT_TCTTCGGTCACATAGC-1,Granulocytes
ENT_TCTTCGGTCAGTTAGC-1,Monocytes
ENT_TCTTTCCAGAATGTTG-1,Monocytes
ENT_TCTTTCCAGATTACCC-1,Granulocytes
ENT_TCTTTCCAGGCCCGTT-1,Monocytes
ENT_TCTTTCCAGTGTCCAT-1,Macrophages
ENT_TCTTTCCCAATAAGCA-1,Monocytes
ENT_TCTTTCCCATCCCACT-1,Monocytes
ENT_TCTTTCCGTCTCCCTA-1,Monocytes
ENT_TCTTTCCTCTCAAACG-1,Monocytes
ENT_TGAAAGAAGGCAGGTT-1,Monocytes
ENT_TGAAAGACACATCTTT-1,Monocytes
ENT_TGAAAGATCCCTAACC-1,Monocytes
ENT_TGACAACCACGGACAA-1,Granulocytes
ENT_TGACGGCCACACTGCG-1,Monocytes
ENT_TGACGGCCAGGCGATA-1,Monocytes
ENT_TGACTAGGTAATAGCA-1,Monocytes
ENT_TGACTAGGTCGCGAAA-1,Granulocytes
ENT_TGACTAGTCGTATCAG-1,Monocytes
ENT_TGACTAGTCTCAAGTG-1,Granulocytes
ENT_TGACTTTCATGTTCCC-1,Monocytes
ENT_TGACTTTTCTGGTATG-1,Monocytes
ENT_TGAGAGGAGTCCTCCT-1,Monocytes
ENT_TGAGAGGCATCCTTGC-1,Monocytes
ENT_TGAGAGGCATGCCTAA-1,Monocytes
ENT_TGAGAGGTCAAACCGT-1,Monocytes
ENT_TGAGAGGTCACGGTTA-1,Dendritic cells
ENT_TGAGCATGTGACTACT-1,Monocytes
ENT_TGAGCATTCAGCTGGC-1,Monocytes
ENT_TGAGCATTCATGTCTT-1,Monocytes
ENT_TGAGCATTCCTAGTGA-1,Monocytes
ENT_TGAGCCGAGGATGTAT-1,Monocytes
ENT_TGAGCCGCACTGTCGG-1,Granulocytes
ENT_TGAGCCGGTCCTAGCG-1,Dendritic cells
ENT_TGAGCCGGTTACTGAC-1,Monocytes
ENT_TGAGGGAAGACAATAC-1,Granulocytes
ENT_TGAGGGAAGCCACGTC-1,Monocytes
ENT_TGAGGGAAGTGAAGTT-1,Macrophages
ENT_TGAGGGATCCTCAACC-1,Monocytes
ENT_TGATTTCCATACTCTT-1,Monocytes
ENT_TGATTTCCATTCTCAT-1,Monocytes
ENT_TGATTTCGTGATGTGG-1,Monocytes
ENT_TGATTTCTCCTAGTGA-1,Monocytes
ENT_TGCACCTAGCTAAACA-1,Granulocytes
ENT_TGCACCTTCACGACTA-1,Monocytes
ENT_TGCACCTTCTTAGCCC-1,Monocytes
ENT_TGCCAAAAGAGTAATC-1,Monocytes
ENT_TGCCAAACACATCTTT-1,Monocytes
ENT_TGCCAAACACATGGGA-1,Monocytes
ENT_TGCCAAACACTGTGTA-1,Dendritic cells
ENT_TGCCAAACATGTCTCC-1,Monocytes
ENT_TGCCAAAGTCAAACTC-1,Monocytes
ENT_TGCCAAATCTTTCCTC-1,Granulocytes
ENT_TGCCCATAGATATGGT-1,T cells
ENT_TGCCCATAGCTCCTCT-1,Granulocytes
ENT_TGCCCATCACCACCAG-1,Dendritic cells
ENT_TGCCCATCACCATGTA-1,Monocytes
ENT_TGCCCATTCACTTATC-1,Monocytes
ENT_TGCCCTAAGGCCGAAT-1,Granulocytes
ENT_TGCCCTACATGAGCGA-1,Granulocytes
ENT_TGCCCTACATGGTCAT-1,Dendritic cells
ENT_TGCCCTAGTTGCGCAC-1,Monocytes
ENT_TGCCCTATCGCAAACT-1,Granulocytes
ENT_TGCGCAGAGAGTGAGA-1,T cells
ENT_TGCGCAGCAGATTGCT-1,Dendritic cells
ENT_TGCGCAGGTCCAGTAT-1,Monocytes
ENT_TGCGCAGGTCCCTACT-1,Dendritic cells
ENT_TGCGCAGGTGTAATGA-1,Monocytes
ENT_TGCGCAGGTGTGGCTC-1,Monocytes
ENT_TGCGGGTAGAACTGTA-1,Dendritic cells
ENT_TGCGGGTAGCGTTGCC-1,Monocytes
ENT_TGCGGGTCAAGCCGTC-1,T cells
ENT_TGCGGGTGTACGCTGC-1,Monocytes
ENT_TGCGGGTGTGAGTATA-1,Monocytes
ENT_TGCGGGTTCAACACCA-1,Monocytes
ENT_TGCGGGTTCACCCGAG-1,Macrophages
ENT_TGCGGGTTCCTCTAGC-1,Monocytes
ENT_TGCGGGTTCTGCGGCA-1,Monocytes
ENT_TGCGTGGCATTGAGCT-1,Monocytes
ENT_TGCGTGGGTAATAGCA-1,Monocytes
ENT_TGCGTGGGTATAATGG-1,Monocytes
ENT_TGCGTGGGTTCGCTAA-1,Monocytes
ENT_TGCTACCAGTGTGGCA-1,NK cells
ENT_TGCTACCGTAGATTAG-1,Monocytes
ENT_TGCTACCGTATAAACG-1,Monocytes
ENT_TGCTACCTCGTTGACA-1,Monocytes
ENT_TGCTGCTAGCAACGGT-1,Granulocytes
ENT_TGCTGCTAGGCCGAAT-1,Monocytes
ENT_TGCTGCTCACGGTTTA-1,Monocytes
ENT_TGCTGCTCATGCCACG-1,Monocytes
ENT_TGCTGCTGTAAGGATT-1,Monocytes
ENT_TGCTGCTGTCCTCCAT-1,Granulocytes
ENT_TGCTGCTGTCGCTTCT-1,Monocytes
ENT_TGCTGCTTCCAAATGC-1,Monocytes
ENT_TGCTGCTTCGAATGGG-1,Granulocytes
ENT_TGGACGCAGTAGCGGT-1,Granulocytes
ENT_TGGACGCGTCGAGATG-1,Dendritic cells
ENT_TGGACGCGTGGCGAAT-1,Monocytes
ENT_TGGCCAGAGAAAGTGG-1,Granulocytes
ENT_TGGCCAGAGAGTGACC-1,Monocytes
ENT_TGGCCAGAGATTACCC-1,Dendritic cells
ENT_TGGCCAGTCATGCATG-1,Monocytes
ENT_TGGCCAGTCCTCGCAT-1,NK cells
ENT_TGGCGCAAGTCGTTTG-1,NK cells
ENT_TGGCGCACACAGGCCT-1,Monocytes
ENT_TGGCGCATCCCAACGG-1,Monocytes
ENT_TGGCTGGAGGGTGTTG-1,Monocytes
ENT_TGGCTGGCATACTACG-1,Monocytes
ENT_TGGGAAGCAAACGCGA-1,Monocytes
ENT_TGGGAAGGTCGCGTGT-1,Monocytes
ENT_TGGGAAGGTGTAAGTA-1,Monocytes
ENT_TGGGAAGTCATCGGAT-1,Dendritic cells
ENT_TGGGCGTAGACTCGGA-1,Dendritic cells
ENT_TGGGCGTAGGACAGAA-1,Dendritic cells
ENT_TGGGCGTCAATCGAAA-1,Monocytes
ENT_TGGGCGTTCACCTTAT-1,Monocytes
ENT_TGGGCGTTCTCGCTTG-1,Monocytes
ENT_TGGGCGTTCTTACCTA-1,Monocytes
ENT_TGGTTAGCAACCGCCA-1,Granulocytes
ENT_TGGTTCCAGAAACGAG-1,Monocytes
ENT_TGGTTCCAGCACCGCT-1,Granulocytes
ENT_TGGTTCCAGCTTCGCG-1,Monocytes
ENT_TGGTTCCCAGCCTATA-1,Dendritic cells
ENT_TGGTTCCCAGCTCCGA-1,Monocytes
ENT_TGGTTCCCATTGGTAC-1,Monocytes
ENT_TGGTTCCGTAGCTCCG-1,Monocytes
ENT_TGGTTCCGTCGCTTCT-1,Dendritic cells
ENT_TGTATTCAGAACTCGG-1,Monocytes
ENT_TGTATTCAGCTAAACA-1,Monocytes
ENT_TGTATTCCAATCGAAA-1,Monocytes
ENT_TGTATTCGTCCGAATT-1,Monocytes
ENT_TGTATTCGTTGAACTC-1,Granulocytes
ENT_TGTATTCTCAAGGTAA-1,T cells
ENT_TGTATTCTCACCCTCA-1,T cells
ENT_TGTATTCTCATGTGGT-1,Dendritic cells
ENT_TGTCCCAAGCACCGTC-1,Monocytes
ENT_TGTCCCAAGGTAAACT-1,Monocytes
ENT_TGTCCCAAGTCCGTAT-1,Monocytes
ENT_TGTCCCACATGCAACT-1,Dendritic cells
ENT_TGTGGTAAGAAAGTGG-1,Dendritic cells
ENT_TGTGGTAAGGCTACGA-1,Monocytes
ENT_TGTGGTAAGGCTCATT-1,Granulocytes
ENT_TGTGGTAAGTTCGCAT-1,Monocytes
ENT_TGTGGTAAGTTTAGGA-1,Granulocytes
ENT_TGTGGTAGTGTCCTCT-1,Monocytes
ENT_TGTGGTAGTTCGGCAC-1,Granulocytes
ENT_TGTGTTTAGCCCAATT-1,Dendritic cells
ENT_TGTGTTTAGCCTCGTG-1,Monocytes
ENT_TGTGTTTAGCGTTTAC-1,Monocytes
ENT_TGTGTTTCACCACGTG-1,Monocytes
ENT_TGTGTTTGTGTCGCTG-1,Monocytes
ENT_TGTGTTTTCTATCCCG-1,Monocytes
ENT_TGTGTTTTCTTGGGTA-1,Granulocytes
ENT_TGTTCCGAGCGATAGC-1,Monocytes
ENT_TGTTCCGCACCAGGCT-1,Monocytes
ENT_TGTTCCGTCACTTATC-1,Monocytes
ENT_TGTTCCGTCCTCTAGC-1,Monocytes
ENT_TGTTCCGTCGGCGGTT-1,Monocytes
ENT_TTAACTCAGCTAGGCA-1,Monocytes
ENT_TTAACTCAGTGGTAAT-1,Dendritic cells
ENT_TTAACTCCAAGCGCTC-1,Granulocytes
ENT_TTAACTCCAGCTCGAC-1,Monocytes
ENT_TTAACTCGTAGCGCTC-1,Monocytes
ENT_TTAACTCTCCACGTGG-1,Monocytes
ENT_TTAGGACAGAAACCTA-1,Monocytes
ENT_TTAGGACAGATCGGGT-1,Dendritic cells
ENT_TTAGGACAGCACAGGT-1,Granulocytes
ENT_TTAGGACAGTTAACGA-1,Monocytes
ENT_TTAGGACCAGACACTT-1,Monocytes
ENT_TTAGGACGTCAGAATA-1,Monocytes
ENT_TTAGGACGTCAGCTAT-1,Monocytes
ENT_TTAGGCAAGACCACGA-1,Dendritic cells
ENT_TTAGGCAAGTCGTACT-1,Monocytes
ENT_TTAGGCAAGTGCCATT-1,Monocytes
ENT_TTAGGCAGTATGCTTG-1,Dendritic cells
ENT_TTAGGCAGTGGTACAG-1,Monocytes
ENT_TTAGGCATCCGCTGTT-1,Monocytes
ENT_TTAGGCATCTGTCCGT-1,Monocytes
ENT_TTAGTTCAGCACCGCT-1,Monocytes
ENT_TTAGTTCAGCGTCAAG-1,Dendritic cells
ENT_TTAGTTCAGGGCATGT-1,Monocytes
ENT_TTAGTTCCAAGACGTG-1,Granulocytes
ENT_TTAGTTCCAGACGCTC-1,Monocytes
ENT_TTAGTTCCATTCGACA-1,Monocytes
ENT_TTAGTTCTCGGATGGA-1,Monocytes
ENT_TTAGTTCTCTGGTATG-1,Monocytes
ENT_TTATGCTAGGTGATTA-1,Monocytes
ENT_TTATGCTAGTGTACTC-1,Monocytes
ENT_TTATGCTCACATTTCT-1,Monocytes
ENT_TTATGCTCAGCTCGAC-1,Granulocytes
ENT_TTATGCTGTCTGGAGA-1,Monocytes
ENT_TTATGCTGTTCAGGCC-1,Macrophages
ENT_TTATGCTTCTTCATGT-1,Monocytes
ENT_TTCCCAGAGTGTGAAT-1,Monocytes
ENT_TTCCCAGGTATATGGA-1,Monocytes
ENT_TTCCCAGGTCTCTTAT-1,Granulocytes
ENT_TTCCCAGTCTGAAAGA-1,Monocytes
ENT_TTCCCAGTCTTAACCT-1,Monocytes
ENT_TTCGAAGAGCGGCTTC-1,Monocytes
ENT_TTCGAAGAGTGGAGAA-1,Dendritic cells
ENT_TTCGAAGCAATCCGAT-1,Monocytes
ENT_TTCGGTCAGAGTAAGG-1,Monocytes
ENT_TTCGGTCGTGTATGGG-1,Monocytes
ENT_TTCGGTCTCAACGCTA-1,Monocytes
ENT_TTCTACACAAGACGTG-1,Macrophages
ENT_TTCTACACACACCGCA-1,Monocytes
ENT_TTCTACACATGATCCA-1,Macrophages
ENT_TTCTACAGTAGAGCTG-1,Monocytes
ENT_TTCTCAAAGCTCCTCT-1,T cells
ENT_TTCTCAAGTATTCTCT-1,Monocytes
ENT_TTCTCAATCAGCCTAA-1,Dendritic cells
ENT_TTCTCCTAGAAACCGC-1,Dendritic cells
ENT_TTCTCCTAGCTTTGGT-1,Dendritic cells
ENT_TTCTCCTGTCAATGTC-1,Granulocytes
ENT_TTCTCCTTCTCTAGGA-1,Granulocytes
ENT_TTCTTAGAGACAAAGG-1,Monocytes
ENT_TTCTTAGCAAGAGGCT-1,Monocytes
ENT_TTCTTAGCAGCCTTGG-1,Monocytes
ENT_TTGAACGCATTCTTAC-1,Monocytes
ENT_TTGAACGGTAAGAGGA-1,Monocytes
ENT_TTGAACGTCCCATTAT-1,Monocytes
ENT_TTGAACGTCCGGGTGT-1,Monocytes
ENT_TTGACTTAGGACGAAA-1,Macrophages
ENT_TTGACTTCATATGGTC-1,Monocytes
ENT_TTGACTTCATCCAACA-1,Monocytes
ENT_TTGACTTGTTAAGAAC-1,Dendritic cells
ENT_TTGACTTGTTACGGAG-1,T cells
ENT_TTGACTTGTTACTGAC-1,Monocytes
ENT_TTGACTTTCTGTTTGT-1,Dendritic cells
ENT_TTGCCGTAGAGGGCTT-1,Monocytes
ENT_TTGCCGTCAGATCCAT-1,Monocytes
ENT_TTGCCGTGTACTTAGC-1,Macrophages
ENT_TTGCCGTTCTTTAGGG-1,Monocytes
ENT_TTGCGTCCAGATCCAT-1,Monocytes
ENT_TTGGAACGTGCAGTAG-1,Monocytes
ENT_TTGGAACGTGGTGTAG-1,Granulocytes
ENT_TTGGAACTCATTATCC-1,Monocytes
ENT_TTGGAACTCTAAGCCA-1,Granulocytes
ENT_TTGGCAACAATTCCTT-1,Monocytes
ENT_TTGGCAACACCAGGTC-1,Monocytes
ENT_TTGGCAAGTGTGCCTG-1,Monocytes
ENT_TTGGCAAGTTCAGGCC-1,Dendritic cells
ENT_TTGTAGGAGAAGATTC-1,Granulocytes
ENT_TTGTAGGAGCTGCAAG-1,Monocytes
ENT_TTGTAGGCACGGTGTC-1,Monocytes
ENT_TTGTAGGGTGAGCGAT-1,Monocytes
ENT_TTGTAGGGTTCCATGA-1,Monocytes
ENT_TTGTAGGTCGGTTAAC-1,Granulocytes
ENT_TTGTAGGTCTAACTCT-1,T cells
ENT_TTTACTGAGATCGGGT-1,Granulocytes
ENT_TTTACTGAGCTTTGGT-1,Monocytes
ENT_TTTACTGTCGCCCTTA-1,Granulocytes
ENT_TTTACTGTCGTAGGTT-1,Monocytes
ENT_TTTACTGTCTTATCTG-1,Monocytes
ENT_TTTACTGTCTTGCAAG-1,Monocytes
ENT_TTTATGCAGGTGATTA-1,Granulocytes
ENT_TTTATGCAGGTGGGTT-1,Granulocytes
ENT_TTTATGCCAACTGGCC-1,Monocytes
ENT_TTTATGCCAGGTCCAC-1,Monocytes
ENT_TTTATGCGTAAACCTC-1,Monocytes
ENT_TTTATGCGTGTTGAGG-1,Monocytes
ENT_TTTATGCTCCACGAAT-1,Granulocytes
ENT_TTTCCTCAGTCCCACG-1,Monocytes
ENT_TTTCCTCCAATAGCGG-1,Granulocytes
ENT_TTTCCTCGTGAAAGAG-1,Monocytes
ENT_TTTCCTCTCTAAGCCA-1,Monocytes
ENT_TTTCCTCTCTATCCCG-1,Monocytes
ENT_TTTGCGCAGACCTAGG-1,Monocytes
ENT_TTTGCGCAGCTAACTC-1,Dendritic cells
ENT_TTTGCGCAGTGCAAGC-1,Monocytes
ENT_TTTGCGCAGTTCCACA-1,Monocytes
ENT_TTTGCGCGTCAACTGT-1,Granulocytes
ENT_TTTGGTTAGACTAGAT-1,Monocytes
ENT_TTTGGTTAGTGCTGCC-1,Monocytes
ENT_TTTGGTTTCTATCCTA-1,Dendritic cells
ENT_TTTGGTTTCTCTGCTG-1,Monocytes
ENT_TTTGTCAAGCGTGTCC-1,Monocytes
ENT_TTTGTCAAGTCCAGGA-1,Granulocytes
ENT_TTTGTCACATCGTCGG-1,Dendritic cells
ENT_TTTGTCATCAACGAAA-1,Monocytes
ENT_TTTGTCATCCTTGCCA-1,Monocytes
NHSIL12_AAACCTGAGGCTAGAC-1,Monocytes
NHSIL12_AAACCTGTCCCAACGG-1,Monocytes
NHSIL12_AAACGGGAGTCGATAA-1,Monocytes
NHSIL12_AAACGGGCACCATGTA-1,Granulocytes
NHSIL12_AAACGGGCACTTCGAA-1,Monocytes
NHSIL12_AAACGGGCATCGACGC-1,Monocytes
NHSIL12_AAAGATGAGGATGGAA-1,Monocytes
NHSIL12_AAAGATGAGGGAACGG-1,Macrophages
NHSIL12_AAAGATGCAGGATCGA-1,Monocytes
NHSIL12_AAAGATGGTGATGTGG-1,Macrophages
NHSIL12_AAAGATGTCTAGCACA-1,Monocytes
NHSIL12_AAAGCAAGTCATCCCT-1,Monocytes
NHSIL12_AAAGTAGGTGCTTCTC-1,Monocytes
NHSIL12_AAAGTAGTCCGCAAGC-1,Monocytes
NHSIL12_AAAGTAGTCTGATTCT-1,Monocytes
NHSIL12_AAATGCCCAAGCGTAG-1,Fibroblasts
NHSIL12_AAATGCCCATATGGTC-1,Monocytes
NHSIL12_AAATGCCGTAGAAGGA-1,Monocytes
NHSIL12_AACACGTAGATACACA-1,Monocytes
NHSIL12_AACACGTTCAACACTG-1,Granulocytes
NHSIL12_AACCATGAGCGATCCC-1,Granulocytes
NHSIL12_AACCATGAGGTGACCA-1,Granulocytes
NHSIL12_AACCATGCACTAAGTC-1,Monocytes
NHSIL12_AACCATGGTCTCAACA-1,Monocytes
NHSIL12_AACCATGGTTTCCACC-1,Dendritic cells
NHSIL12_AACCGCGTCATCTGTT-1,Granulocytes
NHSIL12_AACGTTGCACTTGGAT-1,Monocytes
NHSIL12_AACGTTGCATGCCTTC-1,Monocytes
NHSIL12_AACGTTGGTTCGGCAC-1,Monocytes
NHSIL12_AACTCAGAGCCGATTT-1,Granulocytes
NHSIL12_AACTCAGTCACATGCA-1,Macrophages
NHSIL12_AACTCCCAGAGGTTGC-1,Monocytes
NHSIL12_AACTCCCGTTGACGTT-1,Monocytes
NHSIL12_AACTCTTGTTAAGTAG-1,Monocytes
NHSIL12_AACTGGTAGAGACTTA-1,Monocytes
NHSIL12_AACTGGTTCCGTACAA-1,Monocytes
NHSIL12_AACTTTCAGGTGTGGT-1,Monocytes
NHSIL12_AAGACCTGTCTGATTG-1,Macrophages
NHSIL12_AAGCCGCTCCACTGGG-1,Monocytes
NHSIL12_AAGGAGCAGTCCCACG-1,Granulocytes
NHSIL12_AAGGAGCAGTTTAGGA-1,Monocytes
NHSIL12_AAGGAGCGTCTGCCAG-1,Monocytes
NHSIL12_AAGGAGCTCCAAAGTC-1,Monocytes
NHSIL12_AAGGCAGCATGTAGTC-1,Monocytes
NHSIL12_AAGTCTGAGGGAAACA-1,Dendritic cells
NHSIL12_AAGTCTGAGTGGTAGC-1,T cells
NHSIL12_AAGTCTGGTTCAGACT-1,Monocytes
NHSIL12_AAGTCTGTCCTTGGTC-1,Granulocytes
NHSIL12_AATCCAGAGAGCTATA-1,Monocytes
NHSIL12_AATCCAGAGTACGATA-1,Macrophages
NHSIL12_AATCCAGAGTTAAGTG-1,Monocytes
NHSIL12_AATCCAGGTATCAGTC-1,Monocytes
NHSIL12_AATCCAGGTCACCCAG-1,Monocytes
NHSIL12_AATCGGTGTCTCACCT-1,Macrophages
NHSIL12_AATCGGTGTGGAAAGA-1,Dendritic cells
NHSIL12_AATCGGTGTGGTCCGT-1,Monocytes
NHSIL12_AATCGGTTCTAACTCT-1,Monocytes
NHSIL12_AATCGGTTCTGTCTCG-1,Monocytes
NHSIL12_ACACCAAAGGCTAGAC-1,Monocytes
NHSIL12_ACACCAAGTAGAAGGA-1,Dendritic cells
NHSIL12_ACACCCTCAAGGACTG-1,Monocytes
NHSIL12_ACACCCTGTGGTCTCG-1,Monocytes
NHSIL12_ACACCCTGTGTTCTTT-1,Monocytes
NHSIL12_ACACCCTTCTCACATT-1,Monocytes
NHSIL12_ACACCGGCATGGTTGT-1,Monocytes
NHSIL12_ACACCGGGTTCCATGA-1,Monocytes
NHSIL12_ACACCGGTCATCACCC-1,Monocytes
NHSIL12_ACACTGAAGCAGCCTC-1,Monocytes
NHSIL12_ACACTGAGTCAGGACA-1,Monocytes
NHSIL12_ACACTGAGTCGAACAG-1,Monocytes
NHSIL12_ACACTGATCATTCACT-1,Dendritic cells
NHSIL12_ACACTGATCTGCTGTC-1,NK cells
NHSIL12_ACAGCCGAGATATGCA-1,Monocytes
NHSIL12_ACAGCCGAGCTTATCG-1,Monocytes
NHSIL12_ACAGCCGTCTTTACAC-1,Macrophages
NHSIL12_ACAGCTATCACGACTA-1,Monocytes
NHSIL12_ACATACGAGGAGTACC-1,Dendritic cells
NHSIL12_ACATGGTCAAGTTGTC-1,Monocytes
NHSIL12_ACATGGTGTAAATGAC-1,Granulocytes
NHSIL12_ACATGGTGTCAGTGGA-1,Monocytes
NHSIL12_ACATGGTGTCGGCATC-1,Dendritic cells
NHSIL12_ACCAGTAGTGCGGTAA-1,Monocytes
NHSIL12_ACCAGTATCGGCGGTT-1,Monocytes
NHSIL12_ACCCACTAGACTGTAA-1,Monocytes
NHSIL12_ACCCACTAGGTGTTAA-1,Granulocytes
NHSIL12_ACCCACTAGTGGACGT-1,Dendritic cells
NHSIL12_ACCCACTCAGATCCAT-1,Monocytes
NHSIL12_ACCCACTCATGACGGA-1,Monocytes
NHSIL12_ACCCACTGTTAAGTAG-1,Monocytes
NHSIL12_ACCCACTTCATGCTCC-1,Monocytes
NHSIL12_ACCGTAAGTATTCTCT-1,Monocytes
NHSIL12_ACCGTAAGTCTTGATG-1,Macrophages
NHSIL12_ACCTTTAAGCTGAAAT-1,T cells
NHSIL12_ACCTTTAGTCAGAGGT-1,T cells
NHSIL12_ACCTTTAGTTTGTTTC-1,Monocytes
NHSIL12_ACCTTTATCGCATGGC-1,Dendritic cells
NHSIL12_ACCTTTATCTTACCTA-1,Monocytes
NHSIL12_ACGAGCCGTTATGCGT-1,Monocytes
NHSIL12_ACGAGGAGTCTACCTC-1,Monocytes
NHSIL12_ACGAGGATCCGCAGTG-1,Monocytes
NHSIL12_ACGATACAGGCAAAGA-1,Monocytes
NHSIL12_ACGATACAGTACTTGC-1,Macrophages
NHSIL12_ACGATGTGTAAACGCG-1,Monocytes
NHSIL12_ACGATGTGTATAGGGC-1,Monocytes
NHSIL12_ACGCAGCGTCAAACTC-1,Dendritic cells
NHSIL12_ACGCCAGGTCCCTACT-1,Monocytes
NHSIL12_ACGCCAGTCGGTGTTA-1,Monocytes
NHSIL12_ACGGAGACACAGCGTC-1,Monocytes
NHSIL12_ACGGAGACATCCCACT-1,Monocytes
NHSIL12_ACGGAGATCTACCAGA-1,Dendritic cells
NHSIL12_ACGGCCAAGTCGTTTG-1,Macrophages
NHSIL12_ACGGCCAGTAAAGGAG-1,Monocytes
NHSIL12_ACGGGCTAGGGATACC-1,Granulocytes
NHSIL12_ACGGGCTCAGTATGCT-1,Monocytes
NHSIL12_ACGGGCTCATGCCACG-1,Monocytes
NHSIL12_ACGGGCTGTCCCGACA-1,Monocytes
NHSIL12_ACGGGCTTCCATTCTA-1,Monocytes
NHSIL12_ACGGGTCGTGCTGTAT-1,Monocytes
NHSIL12_ACGTCAAAGGCATGTG-1,Monocytes
NHSIL12_ACGTCAACAACGATGG-1,Dendritic cells
NHSIL12_ACGTCAAGTATTCGTG-1,Monocytes
NHSIL12_ACGTCAAGTTCAGGCC-1,Monocytes
NHSIL12_ACTATCTAGATCCGAG-1,Monocytes
NHSIL12_ACTATCTCAATGACCT-1,Monocytes
NHSIL12_ACTATCTCACGAAACG-1,Monocytes
NHSIL12_ACTATCTCACGACGAA-1,Monocytes
NHSIL12_ACTATCTGTGCCTGTG-1,Monocytes
NHSIL12_ACTGAACAGTATGACA-1,Monocytes
NHSIL12_ACTGAACGTGCTTCTC-1,Macrophages
NHSIL12_ACTGAACTCCCAACGG-1,Granulocytes
NHSIL12_ACTGAGTAGTACCGGA-1,Dendritic cells
NHSIL12_ACTGATGAGAGACTAT-1,Monocytes
NHSIL12_ACTGATGAGAGTACAT-1,Dendritic cells
NHSIL12_ACTGATGCAGGGATTG-1,Monocytes
NHSIL12_ACTGATGGTAAGGGAA-1,Monocytes
NHSIL12_ACTGCTCCAGCATACT-1,Monocytes
NHSIL12_ACTGCTCTCAGCGATT-1,Monocytes
NHSIL12_ACTGTCCGTAGTAGTA-1,Monocytes
NHSIL12_ACTGTCCGTTACGGAG-1,Monocytes
NHSIL12_ACTTACTCAGCGTCCA-1,Monocytes
NHSIL12_ACTTACTGTGGCGAAT-1,Monocytes
NHSIL12_ACTTACTTCTTTAGGG-1,Monocytes
NHSIL12_ACTTGTTAGATATACG-1,Monocytes
NHSIL12_ACTTGTTAGCGTTCCG-1,Monocytes
NHSIL12_ACTTGTTGTATGGTTC-1,Monocytes
NHSIL12_ACTTGTTGTTAAGACA-1,Monocytes
NHSIL12_ACTTTCAAGATATGCA-1,Granulocytes
NHSIL12_ACTTTCAAGCAGCCTC-1,Monocytes
NHSIL12_ACTTTCACATTACCTT-1,Monocytes
NHSIL12_ACTTTCATCACAGGCC-1,Monocytes
NHSIL12_AGAATAGAGCCACCTG-1,Monocytes
NHSIL12_AGAATAGAGGATATAC-1,Monocytes
NHSIL12_AGAATAGGTAATTGGA-1,Monocytes
NHSIL12_AGAATAGGTCCATCCT-1,Monocytes
NHSIL12_AGAATAGGTTACGGAG-1,Dendritic cells
NHSIL12_AGACGTTCATGTCGAT-1,Monocytes
NHSIL12_AGAGCGAAGTGTACGG-1,Monocytes
NHSIL12_AGAGCGAGTGGTACAG-1,Monocytes
NHSIL12_AGAGCGATCTAGCACA-1,Monocytes
NHSIL12_AGAGCTTCACGGTAAG-1,Monocytes
NHSIL12_AGAGTGGCATGTCTCC-1,Monocytes
NHSIL12_AGATCTGCACTGCCAG-1,Macrophages
NHSIL12_AGATCTGCATAGAAAC-1,Granulocytes
NHSIL12_AGATCTGTCCGGGTGT-1,Monocytes
NHSIL12_AGATCTGTCCGTTGCT-1,Monocytes
NHSIL12_AGATCTGTCGCCAAAT-1,Dendritic cells
NHSIL12_AGATTGCGTCAATACC-1,Monocytes
NHSIL12_AGATTGCTCGCGTTTC-1,Monocytes
NHSIL12_AGATTGCTCGGATGTT-1,Monocytes
NHSIL12_AGCAGCCAGACGCAAC-1,Monocytes
NHSIL12_AGCAGCCCAAGGCTCC-1,Granulocytes
NHSIL12_AGCATACGTAGCCTAT-1,Granulocytes
NHSIL12_AGCCTAAGTACCAGTT-1,Granulocytes
NHSIL12_AGCCTAAGTATAAACG-1,Monocytes
NHSIL12_AGCCTAAGTCTGCCAG-1,Monocytes
NHSIL12_AGCGGTCGTGGTCCGT-1,Monocytes
NHSIL12_AGCGTATAGCCGATTT-1,Monocytes
NHSIL12_AGCGTATGTTACGCGC-1,Granulocytes
NHSIL12_AGCGTATTCGGCGCAT-1,Monocytes
NHSIL12_AGCGTCGGTTCGCTAA-1,Monocytes
NHSIL12_AGCGTCGTCCTCAATT-1,Monocytes
NHSIL12_AGCTCCTCAAGTAATG-1,Dendritic cells
NHSIL12_AGCTCCTTCATGCAAC-1,Monocytes
NHSIL12_AGCTCTCCACGAAACG-1,T cells
NHSIL12_AGCTCTCCATGCTAGT-1,Monocytes
NHSIL12_AGCTTGATCCACGAAT-1,Monocytes
NHSIL12_AGGCCACAGAGCTGCA-1,Macrophages
NHSIL12_AGGCCACAGTCAAGCG-1,Monocytes
NHSIL12_AGGCCACCACTCAGGC-1,Macrophages
NHSIL12_AGGCCGTAGGGATGGG-1,Dendritic cells
NHSIL12_AGGCCGTAGTACGACG-1,Monocytes
NHSIL12_AGGCCGTAGTTTCCTT-1,Monocytes
NHSIL12_AGGGAGTAGTTAGCGG-1,Granulocytes
NHSIL12_AGGGAGTCACGCATCG-1,Monocytes
NHSIL12_AGGGAGTTCACCACCT-1,Monocytes
NHSIL12_AGGGAGTTCTGAAAGA-1,Monocytes
NHSIL12_AGGGAGTTCTGTCTAT-1,Macrophages
NHSIL12_AGGGATGAGGTGTGGT-1,Monocytes
NHSIL12_AGGGATGAGTGCCAGA-1,Monocytes
NHSIL12_AGGGTGACATGAGCGA-1,Monocytes
NHSIL12_AGGGTGAGTCAGCTAT-1,Monocytes
NHSIL12_AGGTCATAGTGTCCCG-1,Monocytes
NHSIL12_AGGTCATCACATCCGG-1,Monocytes
NHSIL12_AGGTCATCAGACGCCT-1,Macrophages
NHSIL12_AGGTCCGCACAGCCCA-1,Macrophages
NHSIL12_AGTAGTCAGCAACGGT-1,Monocytes
NHSIL12_AGTAGTCAGTACGCCC-1,Monocytes
NHSIL12_AGTAGTCCACGCCAGT-1,Monocytes
NHSIL12_AGTAGTCGTTCGTTGA-1,Monocytes
NHSIL12_AGTCTTTAGTGACTCT-1,Monocytes
NHSIL12_AGTCTTTCAGGACGTA-1,Monocytes
NHSIL12_AGTCTTTCAGGTGCCT-1,Monocytes
NHSIL12_AGTCTTTGTGTCAATC-1,Monocytes
NHSIL12_AGTCTTTTCGGTGTCG-1,Monocytes
NHSIL12_AGTGAGGAGCCACTAT-1,Dendritic cells
NHSIL12_AGTGAGGAGCCTATGT-1,Monocytes
NHSIL12_AGTGAGGTCATCATTC-1,T cells
NHSIL12_AGTGGGATCCTATTCA-1,Monocytes
NHSIL12_AGTGTCACAGTCACTA-1,Monocytes
NHSIL12_AGTGTCAGTATAGTAG-1,Macrophages
NHSIL12_AGTGTCAGTTGAACTC-1,Monocytes
NHSIL12_AGTGTCATCATGGTCA-1,Monocytes
NHSIL12_AGTTGGTAGCCGGTAA-1,Macrophages
NHSIL12_AGTTGGTAGGAGCGTT-1,Monocytes
NHSIL12_AGTTGGTTCCGCATCT-1,Granulocytes
NHSIL12_ATAACGCAGCTGCAAG-1,Monocytes
NHSIL12_ATAACGCGTCACCCAG-1,Granulocytes
NHSIL12_ATAAGAGAGATGCGAC-1,Monocytes
NHSIL12_ATAAGAGAGTTGAGAT-1,Monocytes
NHSIL12_ATAAGAGGTCGAGATG-1,Monocytes
NHSIL12_ATAAGAGGTTAAAGTG-1,Monocytes
NHSIL12_ATAAGAGTCTGGAGCC-1,Monocytes
NHSIL12_ATAGACCCATGTAGTC-1,Dendritic cells
NHSIL12_ATAGACCGTCTGCGGT-1,Monocytes
NHSIL12_ATCACGAGTCATTAGC-1,Dendritic cells
NHSIL12_ATCACGAGTTCTGGTA-1,Monocytes
NHSIL12_ATCATCTCACAGGTTT-1,Monocytes
NHSIL12_ATCATCTCATTCTCAT-1,Monocytes
NHSIL12_ATCATCTGTAAGAGGA-1,Monocytes
NHSIL12_ATCATCTGTCAAAGAT-1,Monocytes
NHSIL12_ATCATGGCATGCCTTC-1,Monocytes
NHSIL12_ATCATGGTCCGAATGT-1,Monocytes
NHSIL12_ATCCACCCAATCAGAA-1,Monocytes
NHSIL12_ATCCACCCATTTGCTT-1,Monocytes
NHSIL12_ATCCACCGTGTATGGG-1,Monocytes
NHSIL12_ATCCACCTCTGTTTGT-1,Monocytes
NHSIL12_ATCCGAAAGCAACGGT-1,Monocytes
NHSIL12_ATCCGAACAGCATACT-1,Monocytes
NHSIL12_ATCCGAAGTCTTCTCG-1,Monocytes
NHSIL12_ATCCGAAGTGGGTATG-1,Dendritic cells
NHSIL12_ATCCGAATCAACCATG-1,Monocytes
NHSIL12_ATCCGAATCCAGAGGA-1,Dendritic cells
NHSIL12_ATCCGAATCTTGTACT-1,Monocytes
NHSIL12_ATCGAGTGTCCGCTGA-1,Monocytes
NHSIL12_ATGAGGGAGAGGTACC-1,Macrophages
NHSIL12_ATGAGGGGTACGCACC-1,Monocytes
NHSIL12_ATGAGGGGTACTTAGC-1,Dendritic cells
NHSIL12_ATGAGGGTCCTATGTT-1,Monocytes
NHSIL12_ATGCGATCATCGGTTA-1,Dendritic cells
NHSIL12_ATGCGATGTCTTGATG-1,Monocytes
NHSIL12_ATGGGAGAGGAATCGC-1,Granulocytes
NHSIL12_ATGGGAGTCAAACCGT-1,Macrophages
NHSIL12_ATGGGAGTCTGCGACG-1,Monocytes
NHSIL12_ATGTGTGCAATGTTGC-1,Monocytes
NHSIL12_ATGTGTGCACCGAATT-1,Dendritic cells
NHSIL12_ATTACTCAGCGTTGCC-1,Monocytes
NHSIL12_ATTACTCAGCTGATAA-1,Dendritic cells
NHSIL12_ATTACTCCATGCCCGA-1,Dendritic cells
NHSIL12_ATTACTCCATTTCAGG-1,Monocytes
NHSIL12_ATTACTCGTTGCGTTA-1,Granulocytes
NHSIL12_ATTATCCAGCACCGCT-1,Macrophages
NHSIL12_ATTATCCCAATAGCAA-1,Monocytes
NHSIL12_ATTATCCGTCAAAGAT-1,Dendritic cells
NHSIL12_ATTATCCTCCTATGTT-1,Dendritic cells
NHSIL12_ATTCTACCATGCAATC-1,Monocytes
NHSIL12_ATTCTACGTGGGTCAA-1,Monocytes
NHSIL12_ATTCTACGTGTTCTTT-1,Monocytes
NHSIL12_ATTCTACTCCTGCTTG-1,Monocytes
NHSIL12_ATTCTACTCCTTGGTC-1,Monocytes
NHSIL12_ATTGGACCACATCTTT-1,Granulocytes
NHSIL12_ATTGGACTCGGATGTT-1,Dendritic cells
NHSIL12_ATTGGACTCTTGCAAG-1,Monocytes
NHSIL12_ATTGGTGAGCCGGTAA-1,Monocytes
NHSIL12_ATTGGTGCACTGTCGG-1,Monocytes
NHSIL12_ATTGGTGGTGTAATGA-1,NK cells
NHSIL12_ATTTCTGAGAGTGAGA-1,Dendritic cells
NHSIL12_ATTTCTGGTTTCCACC-1,Dendritic cells
NHSIL12_CAACCAAAGGAGTAGA-1,Monocytes
NHSIL12_CAACCAACAAGCCTAT-1,Monocytes
NHSIL12_CAACCAAGTCAACATC-1,Monocytes
NHSIL12_CAACCTCAGCGGCTTC-1,Monocytes
NHSIL12_CAACCTCCATATGAGA-1,Monocytes
NHSIL12_CAACCTCGTAACGCGA-1,Monocytes
NHSIL12_CAACTAGAGACACGAC-1,Monocytes
NHSIL12_CAACTAGAGGTGCAAC-1,Macrophages
NHSIL12_CAAGAAACATTAGCCA-1,Dendritic cells
NHSIL12_CAAGATCAGATTACCC-1,Monocytes
NHSIL12_CAAGATCAGGTAAACT-1,Monocytes
NHSIL12_CAAGATCCAGATGGCA-1,Monocytes
NHSIL12_CAAGATCCAGGCAGTA-1,Monocytes
NHSIL12_CAAGGCCAGTAGGTGC-1,T cells
NHSIL12_CAAGGCCAGTCCAGGA-1,Monocytes
NHSIL12_CAAGGCCCAAGTTCTG-1,Monocytes
NHSIL12_CAAGGCCCATCGGAAG-1,Monocytes
NHSIL12_CAAGTTGCAGACACTT-1,Monocytes
NHSIL12_CAAGTTGCAGACGTAG-1,Monocytes
NHSIL12_CAAGTTGTCATTGCGA-1,Monocytes
NHSIL12_CACAAACAGGAACTGC-1,Monocytes
NHSIL12_CACAAACAGGTTACCT-1,Macrophages
NHSIL12_CACAAACCACTACAGT-1,Dendritic cells
NHSIL12_CACACAACAATAACGA-1,Macrophages
NHSIL12_CACACAAGTTCAGGCC-1,Monocytes
NHSIL12_CACACCTAGGGCTCTC-1,Monocytes
NHSIL12_CACACCTGTTGGTAAA-1,Dendritic cells
NHSIL12_CACACTCGTCCCTTGT-1,Dendritic cells
NHSIL12_CACAGGCGTAGGCTGA-1,Monocytes
NHSIL12_CACAGGCGTGGTACAG-1,Monocytes
NHSIL12_CACAGGCGTTACGGAG-1,Monocytes
NHSIL12_CACAGGCTCAAACCGT-1,Monocytes
NHSIL12_CACAGGCTCTCCAGGG-1,Monocytes
NHSIL12_CACAGTAAGAACAATC-1,Monocytes
NHSIL12_CACATAGAGAGTCTGG-1,Monocytes
NHSIL12_CACATAGCAGTTCCCT-1,Monocytes
NHSIL12_CACATAGGTAAGTGGC-1,Monocytes
NHSIL12_CACATAGGTCGGGTCT-1,Monocytes
NHSIL12_CACATTTGTTTGACAC-1,Monocytes
NHSIL12_CACCACTAGGTGCTAG-1,Monocytes
NHSIL12_CACCACTAGTTGAGTA-1,Macrophages
NHSIL12_CACCACTTCAGTTTGG-1,Monocytes
NHSIL12_CACCAGGAGAGACTTA-1,T cells
NHSIL12_CACCAGGCATGCATGT-1,Monocytes
NHSIL12_CACCAGGCATTTGCTT-1,Monocytes
NHSIL12_CACCAGGGTAAGTAGT-1,T cells
NHSIL12_CACCAGGGTTCAGACT-1,Monocytes
NHSIL12_CACCTTGAGGCAAAGA-1,Granulocytes
NHSIL12_CACCTTGGTCATATCG-1,Dendritic cells
NHSIL12_CACCTTGGTTGTTTGG-1,Granulocytes
NHSIL12_CACCTTGTCACTCCTG-1,Monocytes
NHSIL12_CACCTTGTCGACCAGC-1,Monocytes
NHSIL12_CACTCCAGTCGCGGTT-1,Monocytes
NHSIL12_CACTCCAGTTCCCGAG-1,Granulocytes
NHSIL12_CAGAATCAGATGCCTT-1,Monocytes
NHSIL12_CAGATCAAGCCCAACC-1,Monocytes
NHSIL12_CAGATCAGTCCCTTGT-1,Monocytes
NHSIL12_CAGATCATCGCTGATA-1,Macrophages
NHSIL12_CAGCAGCAGAAGGGTA-1,T cells
NHSIL12_CAGCAGCGTGCACGAA-1,Monocytes
NHSIL12_CAGCAGCTCTCCAACC-1,Granulocytes
NHSIL12_CAGCATAAGAGGTAGA-1,Dendritic cells
NHSIL12_CAGCATAAGATATGGT-1,Dendritic cells
NHSIL12_CAGCATAAGCGAAGGG-1,Monocytes
NHSIL12_CAGCATAAGGTGCTTT-1,Monocytes
NHSIL12_CAGCATACAACAACCT-1,Macrophages
NHSIL12_CAGCCGAGTACCAGTT-1,Monocytes
NHSIL12_CAGCCGAGTTGTGGAG-1,Granulocytes
NHSIL12_CAGCGACTCCACTGGG-1,Monocytes
NHSIL12_CAGCGACTCCCAGGTG-1,Monocytes
NHSIL12_CAGCTGGAGCTAGTCT-1,Dendritic cells
NHSIL12_CAGCTGGAGTAGCCGA-1,Monocytes
NHSIL12_CAGCTGGGTAACGTTC-1,Dendritic cells
NHSIL12_CAGCTGGGTCCGTCAG-1,Monocytes
NHSIL12_CAGGTGCGTCATCCCT-1,Dendritic cells
NHSIL12_CAGTAACAGTGTTAGA-1,Monocytes
NHSIL12_CAGTAACTCAGCTGGC-1,Monocytes
NHSIL12_CAGTAACTCCCATTTA-1,Monocytes
NHSIL12_CAGTAACTCGGAGCAA-1,Monocytes
NHSIL12_CAGTCCTAGGGCACTA-1,Monocytes
NHSIL12_CAGTCCTAGGTGTTAA-1,Dendritic cells
NHSIL12_CAGTCCTCAAGTTGTC-1,Monocytes
NHSIL12_CATATGGGTAAATGTG-1,Monocytes
NHSIL12_CATATGGGTTACTGAC-1,Monocytes
NHSIL12_CATATGGTCACTTCAT-1,Monocytes
NHSIL12_CATATGGTCCAAGCCG-1,Monocytes
NHSIL12_CATCAAGAGAAAGTGG-1,Monocytes
NHSIL12_CATCAGAAGGCCGAAT-1,Monocytes
NHSIL12_CATCAGAAGTTAAGTG-1,Monocytes
NHSIL12_CATCAGACAGATAATG-1,Monocytes
NHSIL12_CATCAGAGTCTCGTTC-1,T cells
NHSIL12_CATCCACAGCGTAATA-1,Monocytes
NHSIL12_CATCCACCAGCTCGAC-1,Dendritic cells
NHSIL12_CATCGAACACTACAGT-1,Granulocytes
NHSIL12_CATCGAATCGTGGTCG-1,Monocytes
NHSIL12_CATCGGGAGCCAGTTT-1,Monocytes
NHSIL12_CATCGGGTCATGCTCC-1,Monocytes
NHSIL12_CATCGGGTCCAAGCCG-1,Granulocytes
NHSIL12_CATGACAAGGTGCACA-1,Dendritic cells
NHSIL12_CATGACAGTATATCCG-1,Monocytes
NHSIL12_CATGCCTGTATTCGTG-1,T cells
NHSIL12_CATGGCGCAACTGGCC-1,Monocytes
NHSIL12_CATGGCGCATACGCTA-1,Monocytes
NHSIL12_CATGGCGGTCTCGTTC-1,Monocytes
NHSIL12_CATTATCAGTTACGGG-1,Monocytes
NHSIL12_CATTATCTCTAACTTC-1,Dendritic cells
NHSIL12_CATTCGCAGACAGAGA-1,Monocytes
NHSIL12_CATTCGCAGATCTGAA-1,Monocytes
NHSIL12_CATTCGCAGGTAGCTG-1,Monocytes
NHSIL12_CATTCGCCAAATACAG-1,Monocytes
NHSIL12_CATTCGCCAAGAGTCG-1,Monocytes
NHSIL12_CATTCGCCATTGGCGC-1,Monocytes
NHSIL12_CATTCGCGTCCCTTGT-1,Monocytes
NHSIL12_CATTCGCGTGTCCTCT-1,Monocytes
NHSIL12_CATTCGCTCAGTTCGA-1,Monocytes
NHSIL12_CCAATCCAGTACGCGA-1,Monocytes
NHSIL12_CCAATCCAGTCGTACT-1,Monocytes
NHSIL12_CCAATCCGTGGTCCGT-1,Monocytes
NHSIL12_CCACCTACACCGAAAG-1,Monocytes
NHSIL12_CCACGGAAGCCTATGT-1,T cells
NHSIL12_CCACGGACATCACCCT-1,Monocytes
NHSIL12_CCACTACAGGATGTAT-1,Monocytes
NHSIL12_CCACTACGTTAGAACA-1,Monocytes
NHSIL12_CCAGCGAAGAAGGACA-1,Dendritic cells
NHSIL12_CCAGCGACAGACGCAA-1,Monocytes
NHSIL12_CCATGTCTCATCATTC-1,Granulocytes
NHSIL12_CCATTCGAGCCCGAAA-1,Dendritic cells
NHSIL12_CCCAATCAGCTAGGCA-1,Monocytes
NHSIL12_CCCAATCTCCAAGCCG-1,Granulocytes
NHSIL12_CCCAGTTAGCTGCAAG-1,Monocytes
NHSIL12_CCCAGTTCAAACGCGA-1,Monocytes
NHSIL12_CCCATACGTAAATGTG-1,Monocytes
NHSIL12_CCCATACGTACCATCA-1,Monocytes
NHSIL12_CCCTCCTAGGCCCGTT-1,Monocytes
NHSIL12_CCCTCCTGTAACGCGA-1,T cells
NHSIL12_CCCTCCTGTCTCCACT-1,Monocytes
NHSIL12_CCGGGATAGACTTGAA-1,Macrophages
NHSIL12_CCGGGATAGCGACGTA-1,Monocytes
NHSIL12_CCGGGATCAAGGACAC-1,Monocytes
NHSIL12_CCGGGATCACCAGGCT-1,Monocytes
NHSIL12_CCGGGATCAGCTGTAT-1,Granulocytes
NHSIL12_CCGTACTAGTCCTCCT-1,Monocytes
NHSIL12_CCGTGGATCATGCTCC-1,Monocytes
NHSIL12_CCGTGGATCTGAGGGA-1,Dendritic cells
NHSIL12_CCGTGGATCTGGTGTA-1,Macrophages
NHSIL12_CCGTTCACACCCAGTG-1,Monocytes
NHSIL12_CCGTTCACATGCCCGA-1,Monocytes
NHSIL12_CCTAAAGAGACTTGAA-1,Monocytes
NHSIL12_CCTAAAGAGAGTAAGG-1,Monocytes
NHSIL12_CCTAAAGAGTTAAGTG-1,Monocytes
NHSIL12_CCTACACCAATCTGCA-1,Monocytes
NHSIL12_CCTACACCACAGGTTT-1,Monocytes
NHSIL12_CCTACCACACAAGCCC-1,Dendritic cells
NHSIL12_CCTAGCTAGTGCCAGA-1,Monocytes
NHSIL12_CCTAGCTCATCAGTCA-1,Monocytes
NHSIL12_CCTATTAGTTGACGTT-1,Monocytes
NHSIL12_CCTCAGTAGTCCGGTC-1,Macrophages
NHSIL12_CCTCAGTCACCCTATC-1,Monocytes
NHSIL12_CCTCAGTTCCATGAGT-1,Monocytes
NHSIL12_CCTCAGTTCTATCGCC-1,Monocytes
NHSIL12_CCTCTGAGTAGAAAGG-1,Dendritic cells
NHSIL12_CCTCTGAGTAGCGATG-1,Macrophages
NHSIL12_CCTCTGAGTCAACTGT-1,Macrophages
NHSIL12_CCTCTGATCAAGAAGT-1,Monocytes
NHSIL12_CCTCTGATCGTTTATC-1,Granulocytes
NHSIL12_CCTCTGATCTTGTCAT-1,Dendritic cells
NHSIL12_CCTTCCCAGAGTAATC-1,Monocytes
NHSIL12_CCTTCCCAGGCTACGA-1,Monocytes
NHSIL12_CCTTCCCAGGGATGGG-1,Monocytes
NHSIL12_CCTTCCCGTATCACCA-1,Monocytes
NHSIL12_CCTTCCCTCCAAGTAC-1,Monocytes
NHSIL12_CCTTCCCTCTGAAAGA-1,Monocytes
NHSIL12_CCTTCGAAGGCTAGCA-1,Granulocytes
NHSIL12_CCTTTCTCACTCAGGC-1,Monocytes
NHSIL12_CCTTTCTGTATAATGG-1,Monocytes
NHSIL12_CCTTTCTGTTTAGGAA-1,Monocytes
NHSIL12_CCTTTCTTCCCTCTTT-1,Monocytes
NHSIL12_CCTTTCTTCGGACAAG-1,Monocytes
NHSIL12_CGAACATCAAGGACAC-1,Macrophages
NHSIL12_CGAACATCAGCATACT-1,Monocytes
NHSIL12_CGAATGTCAGCATGAG-1,Monocytes
NHSIL12_CGAATGTGTACCGTTA-1,Monocytes
NHSIL12_CGAATGTTCAGGCGAA-1,Granulocytes
NHSIL12_CGAATGTTCGGTGTCG-1,Monocytes
NHSIL12_CGAATGTTCTTGACGA-1,Granulocytes
NHSIL12_CGACCTTGTACCGAGA-1,Monocytes
NHSIL12_CGACTTCAGTCTCGGC-1,Granulocytes
NHSIL12_CGACTTCCACCGCTAG-1,Monocytes
NHSIL12_CGACTTCGTGTCGCTG-1,Macrophages
NHSIL12_CGAGCCACAAACTGCT-1,Monocytes
NHSIL12_CGAGCCAGTGCCTGCA-1,Macrophages
NHSIL12_CGAGCCAGTTAAGGGC-1,Monocytes
NHSIL12_CGATCGGAGACACTAA-1,Monocytes
NHSIL12_CGATCGGAGACTGTAA-1,Monocytes
NHSIL12_CGATCGGCAGGATTGG-1,Macrophages
NHSIL12_CGATCGGTCAGTCCCT-1,Monocytes
NHSIL12_CGATGGCAGACCGGAT-1,Monocytes
NHSIL12_CGATGGCCACAACGCC-1,Monocytes
NHSIL12_CGATGGCGTCGCATCG-1,Monocytes
NHSIL12_CGATGGCGTCTCACCT-1,Monocytes
NHSIL12_CGATGGCTCTCAAACG-1,Monocytes
NHSIL12_CGATGTAAGTAGGTGC-1,Monocytes
NHSIL12_CGATGTAGTAGCGTGA-1,Monocytes
NHSIL12_CGATTGAAGAGCTTCT-1,Dendritic cells
NHSIL12_CGATTGACAGTACACT-1,Monocytes
NHSIL12_CGATTGAGTCGATTGT-1,Monocytes
NHSIL12_CGATTGAGTCTGCCAG-1,Monocytes
NHSIL12_CGCCAAGAGCCACGCT-1,T cells
NHSIL12_CGCCAAGCACCACGTG-1,Dendritic cells
NHSIL12_CGCCAAGCACGGTAAG-1,Monocytes
NHSIL12_CGCGGTATCGGATGGA-1,Macrophages
NHSIL12_CGCGTTTCAATGGACG-1,Macrophages
NHSIL12_CGCGTTTCATCACGTA-1,Monocytes
NHSIL12_CGCGTTTGTACCATCA-1,Macrophages
NHSIL12_CGCGTTTGTGTAACGG-1,Monocytes
NHSIL12_CGCGTTTGTGTCCTCT-1,Monocytes
NHSIL12_CGCGTTTTCGGTCTAA-1,Monocytes
NHSIL12_CGCGTTTTCTCTGTCG-1,Monocytes
NHSIL12_CGCTATCGTGACGCCT-1,Monocytes
NHSIL12_CGCTATCGTGCACTTA-1,Monocytes
NHSIL12_CGCTATCGTGCAGTAG-1,Monocytes
NHSIL12_CGCTATCTCTACTATC-1,Monocytes
NHSIL12_CGCTGGACACAACGCC-1,Monocytes
NHSIL12_CGCTGGAGTACAAGTA-1,Monocytes
NHSIL12_CGCTGGATCTGAGTGT-1,Monocytes
NHSIL12_CGCTGGATCTGGTATG-1,Monocytes
NHSIL12_CGGACACTCTTGAGAC-1,Monocytes
NHSIL12_CGGACTGAGAATCTCC-1,Monocytes
NHSIL12_CGGACTGCACAGACAG-1,Monocytes
NHSIL12_CGGACTGCATTCCTCG-1,Monocytes
NHSIL12_CGGACTGTCAAACCGT-1,Monocytes
NHSIL12_CGGAGCTCATTGGCGC-1,Monocytes
NHSIL12_CGGAGCTTCCTTTCTC-1,Granulocytes
NHSIL12_CGGAGTCCAAGGGTCA-1,Monocytes
NHSIL12_CGGAGTCCATTTGCCC-1,Monocytes
NHSIL12_CGGGTCAGTCTGCAAT-1,Macrophages
NHSIL12_CGGGTCAGTGCAACTT-1,Monocytes
NHSIL12_CGGGTCATCCTTGGTC-1,Monocytes
NHSIL12_CGGTTAAAGATGTAAC-1,Granulocytes
NHSIL12_CGGTTAACACTTACGA-1,Monocytes
NHSIL12_CGGTTAAGTAGCGTCC-1,Dendritic cells
NHSIL12_CGGTTAATCCACGAAT-1,Granulocytes
NHSIL12_CGTAGCGTCAGCTGGC-1,Monocytes
NHSIL12_CGTAGCGTCCTAGGGC-1,Monocytes
NHSIL12_CGTAGCGTCTCGCTTG-1,Monocytes
NHSIL12_CGTAGGCTCGGCGCTA-1,Monocytes
NHSIL12_CGTCACTAGACACGAC-1,Monocytes
NHSIL12_CGTCACTAGATACACA-1,T cells
NHSIL12_CGTCACTAGGATCGCA-1,Macrophages
NHSIL12_CGTCACTGTGTCGCTG-1,Granulocytes
NHSIL12_CGTCACTTCGCATGAT-1,Monocytes
NHSIL12_CGTCAGGGTGGCGAAT-1,Monocytes
NHSIL12_CGTCCATAGAATCTCC-1,Monocytes
NHSIL12_CGTCCATCACAACTGT-1,Monocytes
NHSIL12_CGTCCATGTATATGGA-1,Monocytes
NHSIL12_CGTCCATGTGCGAAAC-1,Monocytes
NHSIL12_CGTCTACCACACCGAC-1,Monocytes
NHSIL12_CGTCTACGTTTCCACC-1,Dendritic cells
NHSIL12_CGTGAGCTCGCCTGTT-1,NK cells
NHSIL12_CGTGTAAAGACTACAA-1,Monocytes
NHSIL12_CGTGTAAAGCGTAATA-1,Monocytes
NHSIL12_CGTGTAAAGCTTCGCG-1,Monocytes
NHSIL12_CGTGTAACAACTGGCC-1,Monocytes
NHSIL12_CGTGTAAGTCTCCACT-1,Macrophages
NHSIL12_CGTGTCTAGTGCCAGA-1,T cells
NHSIL12_CGTTAGACAGCTCCGA-1,Granulocytes
NHSIL12_CGTTAGAGTTGAGGTG-1,Macrophages
NHSIL12_CGTTCTGAGTGTTAGA-1,NK cells
NHSIL12_CGTTCTGCATCTCCCA-1,Monocytes
NHSIL12_CGTTCTGTCCGCATCT-1,Macrophages
NHSIL12_CGTTGGGAGGATGGAA-1,Monocytes
NHSIL12_CGTTGGGAGTCCGTAT-1,Monocytes
NHSIL12_CGTTGGGTCGCCTGTT-1,Monocytes
NHSIL12_CTAACTTAGGGTATCG-1,Dendritic cells
NHSIL12_CTAACTTAGTCGTACT-1,Macrophages
NHSIL12_CTAACTTAGTGAACGC-1,Monocytes
NHSIL12_CTAACTTCAGCTGTTA-1,Monocytes
NHSIL12_CTAACTTTCACGACTA-1,Dendritic cells
NHSIL12_CTAACTTTCCAGAGGA-1,Dendritic cells
NHSIL12_CTAAGACAGACTACAA-1,Macrophages
NHSIL12_CTAAGACAGTCGTTTG-1,Monocytes
NHSIL12_CTAAGACCACAAGACG-1,Macrophages
NHSIL12_CTAAGACCATGGTCAT-1,NK cells
NHSIL12_CTAAGACGTCATCGGC-1,Monocytes
NHSIL12_CTAAGACGTGCTGTAT-1,Monocytes
NHSIL12_CTAATGGGTGCCTTGG-1,Monocytes
NHSIL12_CTAATGGTCTTAGAGC-1,Dendritic cells
NHSIL12_CTACACCGTCGGATCC-1,Monocytes
NHSIL12_CTACACCGTGTCAATC-1,Granulocytes
NHSIL12_CTACATTAGATCACGG-1,Monocytes
NHSIL12_CTACATTAGGAATTAC-1,Monocytes
NHSIL12_CTACATTAGGTGGGTT-1,T cells
NHSIL12_CTACCCACATACCATG-1,Monocytes
NHSIL12_CTACCCATCTCTTGAT-1,Macrophages
NHSIL12_CTAGAGTAGCTGCGAA-1,Macrophages
NHSIL12_CTAGAGTTCTGTCAAG-1,Monocytes
NHSIL12_CTAGCCTGTCTCCACT-1,Monocytes
NHSIL12_CTAGCCTTCGAATGCT-1,Monocytes
NHSIL12_CTAGCCTTCTTGTTTG-1,Monocytes
NHSIL12_CTAGTGAAGGATCGCA-1,Granulocytes
NHSIL12_CTAGTGAGTACTCGCG-1,Monocytes
NHSIL12_CTCACACAGAGTCGGT-1,Monocytes
NHSIL12_CTCAGAAGTGACGCCT-1,Monocytes
NHSIL12_CTCAGAATCCGCGTTT-1,Monocytes
NHSIL12_CTCATTAAGCACACAG-1,Monocytes
NHSIL12_CTCATTAAGCACCGTC-1,Monocytes
NHSIL12_CTCATTAAGGAGTTGC-1,Dendritic cells
NHSIL12_CTCATTATCCTTTCTC-1,Monocytes
NHSIL12_CTCCTAGAGGCCCTCA-1,Granulocytes
NHSIL12_CTCCTAGCACCACCAG-1,Monocytes
NHSIL12_CTCCTAGGTTCAACCA-1,Dendritic cells
NHSIL12_CTCCTAGTCAAACCAC-1,NK cells
NHSIL12_CTCGAAAAGCGATAGC-1,Dendritic cells
NHSIL12_CTCGAAAAGCTAAGAT-1,Granulocytes
NHSIL12_CTCGAAACAACACCCG-1,Dendritic cells
NHSIL12_CTCGAAAGTTAAGATG-1,Macrophages
NHSIL12_CTCGAAAGTTATGTGC-1,Monocytes
NHSIL12_CTCGAAATCAAACCAC-1,T cells
NHSIL12_CTCGAGGCAATCCGAT-1,Monocytes
NHSIL12_CTCGAGGGTAGAGCTG-1,Monocytes
NHSIL12_CTCGAGGTCACATACG-1,T cells
NHSIL12_CTCGGAGCACAGACAG-1,T cells
NHSIL12_CTCGGAGGTGTTAAGA-1,Macrophages
NHSIL12_CTCGGGATCAACACTG-1,Monocytes
NHSIL12_CTCGGGATCTCGTTTA-1,Monocytes
NHSIL12_CTCGTCAAGTTACCCA-1,Monocytes
NHSIL12_CTCGTCAGTCTGATTG-1,Monocytes
NHSIL12_CTCGTCATCTACTCAT-1,Monocytes
NHSIL12_CTCTAATGTCTAGAGG-1,Monocytes
NHSIL12_CTCTACGGTAAGAGGA-1,Monocytes
NHSIL12_CTCTACGTCGTCTGAA-1,Monocytes
NHSIL12_CTCTGGTCAGTTCCCT-1,Monocytes
NHSIL12_CTCTGGTGTTTGTGTG-1,Monocytes
NHSIL12_CTCTGGTTCCTCATTA-1,Monocytes
NHSIL12_CTGAAACGTACCTACA-1,Monocytes
NHSIL12_CTGATAGCACCCATTC-1,Monocytes
NHSIL12_CTGATAGGTTCCACTC-1,Monocytes
NHSIL12_CTGATCCAGACAGGCT-1,Macrophages
NHSIL12_CTGATCCGTACCTACA-1,Macrophages
NHSIL12_CTGATCCGTGGAAAGA-1,Monocytes
NHSIL12_CTGATCCGTGGTGTAG-1,Macrophages
NHSIL12_CTGATCCTCCGAAGAG-1,Monocytes
NHSIL12_CTGCCTAAGCCTATGT-1,Monocytes
NHSIL12_CTGCCTAGTCATTAGC-1,Monocytes
NHSIL12_CTGCCTAGTTCAGACT-1,Monocytes
NHSIL12_CTGCTGTTCATCATTC-1,Monocytes
NHSIL12_CTGCTGTTCGGAGGTA-1,Macrophages
NHSIL12_CTGCTGTTCGTCTGAA-1,Dendritic cells
NHSIL12_CTGGTCTAGACCTTTG-1,Monocytes
NHSIL12_CTGGTCTAGTGTACCT-1,T cells
NHSIL12_CTGGTCTAGTTAAGTG-1,Monocytes
NHSIL12_CTGTGCTAGACTTTCG-1,Macrophages
NHSIL12_CTGTGCTAGTTCGCAT-1,Granulocytes
NHSIL12_CTGTGCTCACGTCAGC-1,Monocytes
NHSIL12_CTGTGCTCAGCTCCGA-1,Monocytes
NHSIL12_CTGTTTAAGAGGTACC-1,Macrophages
NHSIL12_CTGTTTATCATGCTCC-1,Macrophages
NHSIL12_CTTAACTAGGAATTAC-1,Granulocytes
NHSIL12_CTTAACTTCTGAGTGT-1,Monocytes
NHSIL12_CTTAACTTCTTCAACT-1,T cells
NHSIL12_CTTACCGAGCTGAACG-1,Monocytes
NHSIL12_CTTACCGGTACCATCA-1,Monocytes
NHSIL12_CTTACCGTCTAGAGTC-1,Granulocytes
NHSIL12_CTTAGGAGTGTGCGTC-1,Monocytes
NHSIL12_CTTCTCTAGCGCTTAT-1,Monocytes
NHSIL12_CTTCTCTAGCTGAACG-1,Macrophages
NHSIL12_CTTCTCTAGTTAGCGG-1,Monocytes
NHSIL12_CTTCTCTGTTGAGGTG-1,Monocytes
NHSIL12_CTTGGCTAGAATGTGT-1,Macrophages
NHSIL12_CTTGGCTAGATACACA-1,Monocytes
NHSIL12_CTTGGCTAGCGAAGGG-1,Monocytes
NHSIL12_CTTGGCTTCTTTAGGG-1,Dendritic cells
NHSIL12_CTTTGCGCACGGTAAG-1,Macrophages
NHSIL12_CTTTGCGCAGAGCCAA-1,Monocytes
NHSIL12_CTTTGCGCATTGGTAC-1,Monocytes
NHSIL12_GAAACTCAGGCAGTCA-1,Monocytes
NHSIL12_GAAACTCCACAGCCCA-1,Monocytes
NHSIL12_GAAACTCGTACGAAAT-1,Macrophages
NHSIL12_GAAATGAAGATCCCGC-1,Monocytes
NHSIL12_GAAATGAAGCAATCTC-1,Monocytes
NHSIL12_GAAATGAGTCTCTCGT-1,Granulocytes
NHSIL12_GAACGGAAGTTATCGC-1,Monocytes
NHSIL12_GAATAAGGTAATAGCA-1,Dendritic cells
NHSIL12_GAATAAGTCGCTAGCG-1,Monocytes
NHSIL12_GAATGAAGTACCGAGA-1,Granulocytes
NHSIL12_GAATGAAGTGAGGGTT-1,Macrophages
NHSIL12_GAATGAATCCCAGGTG-1,Monocytes
NHSIL12_GAATGAATCGCGTAGC-1,Dendritic cells
NHSIL12_GACACGCTCGGCTTGG-1,Monocytes
NHSIL12_GACAGAGAGCAGCCTC-1,Granulocytes
NHSIL12_GACAGAGCAAGTACCT-1,Monocytes
NHSIL12_GACAGAGGTTCTGTTT-1,Monocytes
NHSIL12_GACCAATAGCCCAACC-1,Monocytes
NHSIL12_GACCAATAGGCTCAGA-1,Monocytes
NHSIL12_GACCTGGAGGCCCGTT-1,Macrophages
NHSIL12_GACCTGGCAAGCTGAG-1,Monocytes
NHSIL12_GACCTGGCAGGATCGA-1,Monocytes
NHSIL12_GACGCGTAGCACCGTC-1,Monocytes
NHSIL12_GACGCGTGTTTGTGTG-1,Monocytes
NHSIL12_GACGGCTAGTAGTGCG-1,Monocytes
NHSIL12_GACGGCTAGTCACGCC-1,Monocytes
NHSIL12_GACGGCTAGTCGTACT-1,Fibroblasts
NHSIL12_GACGGCTTCACAGGCC-1,Monocytes
NHSIL12_GACGGCTTCATGCATG-1,Monocytes
NHSIL12_GACGTGCAGATCTGCT-1,Monocytes
NHSIL12_GACGTGCAGGGTATCG-1,Monocytes
NHSIL12_GACGTGCAGTACTTGC-1,Monocytes
NHSIL12_GACGTGCCACAGGTTT-1,Monocytes
NHSIL12_GACGTGCGTGGTACAG-1,Monocytes
NHSIL12_GACGTGCTCCCTCAGT-1,Monocytes
NHSIL12_GACGTTAAGGCGATAC-1,Monocytes
NHSIL12_GACGTTAAGTGTTGAA-1,Dendritic cells
NHSIL12_GACGTTAGTTAAGTAG-1,Monocytes
NHSIL12_GACGTTATCATACGGT-1,Monocytes
NHSIL12_GACTAACAGGCCATAG-1,Monocytes
NHSIL12_GACTAACCAAGCCGCT-1,Dendritic cells
NHSIL12_GACTAACCACAACTGT-1,Monocytes
NHSIL12_GACTAACGTTCAGACT-1,Monocytes
NHSIL12_GACTACACAAGAAAGG-1,T cells
NHSIL12_GACTACAGTAAATGTG-1,Granulocytes
NHSIL12_GACTACAGTCATCGGC-1,Monocytes
NHSIL12_GACTACAGTCGACTGC-1,Monocytes
NHSIL12_GACTGCGAGCGATAGC-1,Monocytes
NHSIL12_GACTGCGAGCTGTTCA-1,Monocytes
NHSIL12_GACTGCGGTCCTGCTT-1,Monocytes
NHSIL12_GACTGCGTCCCTTGTG-1,Monocytes
NHSIL12_GAGCAGACACGCCAGT-1,Monocytes
NHSIL12_GAGCAGAGTTGGTGGA-1,Monocytes
NHSIL12_GAGGTGACATCCCACT-1,Monocytes
NHSIL12_GAGGTGATCCTAAGTG-1,Macrophages
NHSIL12_GATCAGTAGCGTGAAC-1,Monocytes
NHSIL12_GATCAGTGTCCGAAGA-1,Granulocytes
NHSIL12_GATCGATAGCAAATCA-1,Macrophages
NHSIL12_GATCGATAGGGAAACA-1,Monocytes
NHSIL12_GATCGATGTTAAGACA-1,T cells
NHSIL12_GATCGCGAGACGCACA-1,Macrophages
NHSIL12_GATCGCGGTAGTGAAT-1,Monocytes
NHSIL12_GATCGCGTCCTCGCAT-1,Macrophages
NHSIL12_GATCGTAGTACCGAGA-1,Monocytes
NHSIL12_GATCGTAGTAGGGTAC-1,Monocytes
NHSIL12_GATCGTAGTGTTAAGA-1,Monocytes
NHSIL12_GATCGTAGTGTTGGGA-1,Granulocytes
NHSIL12_GATCGTATCAGTACGT-1,Monocytes
NHSIL12_GATCGTATCTACTCAT-1,Monocytes
NHSIL12_GATCTAGAGACCTAGG-1,Monocytes
NHSIL12_GATCTAGAGGAATCGC-1,Monocytes
NHSIL12_GATCTAGGTTCGGCAC-1,Monocytes
NHSIL12_GATCTAGTCGTCTGAA-1,Monocytes
NHSIL12_GATGAAAAGTCCCACG-1,Monocytes
NHSIL12_GATGAGGAGCCCGAAA-1,Granulocytes
NHSIL12_GATGAGGCATTTGCCC-1,NK cells
NHSIL12_GATGAGGGTCGGGTCT-1,Monocytes
NHSIL12_GATGCTAAGATGCCTT-1,Monocytes
NHSIL12_GATGCTATCAGGCCCA-1,Monocytes
NHSIL12_GATGCTATCTACCAGA-1,Dendritic cells
NHSIL12_GATGCTATCTTGTACT-1,Monocytes
NHSIL12_GATTCAGAGGTCATCT-1,Macrophages
NHSIL12_GATTCAGCATGCCCGA-1,Monocytes
NHSIL12_GATTCAGGTGTCGCTG-1,Macrophages
NHSIL12_GCAAACTAGCGATTCT-1,Monocytes
NHSIL12_GCAAACTCACAAGACG-1,Monocytes
NHSIL12_GCAAACTTCCTCGCAT-1,Monocytes
NHSIL12_GCAATCAGTGCAACTT-1,Monocytes
NHSIL12_GCACATAAGTTAACGA-1,Monocytes
NHSIL12_GCACATACACTTGGAT-1,Monocytes
NHSIL12_GCACATAGTAAGTGGC-1,Dendritic cells
NHSIL12_GCACATAGTACTCTCC-1,T cells
NHSIL12_GCACATATCAAACAAG-1,Monocytes
NHSIL12_GCACATATCGCCCTTA-1,Monocytes
NHSIL12_GCAGTTAAGAGCTGCA-1,Monocytes
NHSIL12_GCAGTTAAGCCCAACC-1,Monocytes
NHSIL12_GCAGTTAAGTTTAGGA-1,Granulocytes
NHSIL12_GCATACACAGTAGAGC-1,Monocytes
NHSIL12_GCATACACATGGTCTA-1,Monocytes
NHSIL12_GCATGATGTCGCATAT-1,Monocytes
NHSIL12_GCATGATTCAAGAAGT-1,Monocytes
NHSIL12_GCATGATTCCAGGGCT-1,Granulocytes
NHSIL12_GCATGCGCAAACGCGA-1,Monocytes
NHSIL12_GCATGTAAGACAGAGA-1,Dendritic cells
NHSIL12_GCATGTAAGTCATGCT-1,Monocytes
NHSIL12_GCCAAATAGTGTTAGA-1,Dendritic cells
NHSIL12_GCCAAATAGTTCCACA-1,Monocytes
NHSIL12_GCCAAATGTCACCTAA-1,Dendritic cells
NHSIL12_GCCAAATTCAGTTGAC-1,Monocytes
NHSIL12_GCCAAATTCGCCGTGA-1,Granulocytes
NHSIL12_GCCTCTAAGAAGCCCA-1,Monocytes
NHSIL12_GCCTCTAAGGATCGCA-1,Monocytes
NHSIL12_GCCTCTACAATAAGCA-1,NK cells
NHSIL12_GCCTCTACAGATCTGT-1,Dendritic cells
NHSIL12_GCGACCACAAATCCGT-1,Monocytes
NHSIL12_GCGACCAGTACCGTTA-1,Monocytes
NHSIL12_GCGAGAAAGCAATCTC-1,Dendritic cells
NHSIL12_GCGAGAAGTGGACGAT-1,Monocytes
NHSIL12_GCGCAACAGGATGCGT-1,Macrophages
NHSIL12_GCGCAACCATATGCTG-1,Monocytes
NHSIL12_GCGCAACGTGCAGGTA-1,Monocytes
NHSIL12_GCGCAACTCGCCCTTA-1,Monocytes
NHSIL12_GCGCAGTAGTTCGATC-1,Granulocytes
NHSIL12_GCGCAGTGTCACCCAG-1,Monocytes
NHSIL12_GCGCAGTTCTGTGCAA-1,Monocytes
NHSIL12_GCGCCAAAGACTGTAA-1,Monocytes
NHSIL12_GCGCCAAAGCGTTCCG-1,Monocytes
NHSIL12_GCGCCAAAGGATCGCA-1,Monocytes
NHSIL12_GCGCCAAAGTATCTCG-1,Monocytes
NHSIL12_GCGCCAACAGGTCTCG-1,Monocytes
NHSIL12_GCGCCAACATGGTCAT-1,Monocytes
NHSIL12_GCGCCAATCCGGCACA-1,NK cells
NHSIL12_GCGCCAATCTGCGACG-1,Monocytes
NHSIL12_GCGCGATGTACAGTTC-1,Monocytes
NHSIL12_GCGGGTTGTCTCTCTG-1,Monocytes
NHSIL12_GCGGGTTGTTCATGGT-1,Monocytes
NHSIL12_GCGGGTTGTTCTGGTA-1,Macrophages
NHSIL12_GCTCCTAAGCCTATGT-1,Monocytes
NHSIL12_GCTCTGTCACGGTAGA-1,Monocytes
NHSIL12_GCTCTGTGTCTCTCTG-1,Monocytes
NHSIL12_GCTCTGTTCAGGTTCA-1,Monocytes
NHSIL12_GCTCTGTTCTGGTTCC-1,Dendritic cells
NHSIL12_GCTGCAGGTCGTCTTC-1,Monocytes
NHSIL12_GCTGCTTCACTCGACG-1,Monocytes
NHSIL12_GCTGCTTGTCACACGC-1,NK cells
NHSIL12_GCTGGGTAGAGACTTA-1,Monocytes
NHSIL12_GCTGGGTAGTTGTCGT-1,Monocytes
NHSIL12_GCTTCCAAGTAGATGT-1,NK cells
NHSIL12_GCTTCCACAGCGAACA-1,Monocytes
NHSIL12_GCTTCCAGTGTCGCTG-1,Monocytes
NHSIL12_GCTTGAAAGAGCTTCT-1,Monocytes
NHSIL12_GCTTGAAAGGCGACAT-1,Monocytes
NHSIL12_GGAAAGCAGTACGCCC-1,Monocytes
NHSIL12_GGAAAGCCAGTATGCT-1,Dendritic cells
NHSIL12_GGAAAGCCATGCCCGA-1,Dendritic cells
NHSIL12_GGAAAGCGTGCTCTTC-1,Monocytes
NHSIL12_GGAAAGCGTGTCTGAT-1,Monocytes
NHSIL12_GGAAAGCGTTACCAGT-1,Monocytes
NHSIL12_GGAACTTAGCTGCCCA-1,Granulocytes
NHSIL12_GGAACTTCATCTGGTA-1,T cells
NHSIL12_GGAATAAGTTGTCGCG-1,Dendritic cells
NHSIL12_GGAATAATCAGGTTCA-1,Monocytes
NHSIL12_GGACAAGCAGACGCAA-1,Macrophages
NHSIL12_GGACAAGGTCTTCTCG-1,Macrophages
NHSIL12_GGACAAGGTGCCTGCA-1,Endothelial cells
NHSIL12_GGACAAGTCTCCGGTT-1,Monocytes
NHSIL12_GGACAGACACATTCGA-1,Granulocytes
NHSIL12_GGACAGATCGGTTAAC-1,Monocytes
NHSIL12_GGACAGATCTCGAGTA-1,Dendritic cells
NHSIL12_GGAGCAAAGACAGAGA-1,Macrophages
NHSIL12_GGAGCAAGTCCTCTTG-1,Monocytes
NHSIL12_GGAGCAATCTTGCATT-1,Monocytes
NHSIL12_GGATGTTTCGCGGATC-1,Monocytes
NHSIL12_GGATTACAGTTACCCA-1,Monocytes
NHSIL12_GGCAATTAGCGTGAGT-1,Macrophages
NHSIL12_GGCAATTGTTTGACTG-1,Monocytes
NHSIL12_GGCCGATAGACTAAGT-1,Macrophages
NHSIL12_GGCCGATCAGCATGAG-1,NK cells
NHSIL12_GGCCGATGTCGAACAG-1,Monocytes
NHSIL12_GGCGACTAGGACACCA-1,Monocytes
NHSIL12_GGCGACTGTACCCAAT-1,Monocytes
NHSIL12_GGCGTGTTCAAACCAC-1,Monocytes
NHSIL12_GGCTCGAGTCCGAGTC-1,Dendritic cells
NHSIL12_GGCTGGTAGAGCTTCT-1,Macrophages
NHSIL12_GGCTGGTAGGGATCTG-1,Monocytes
NHSIL12_GGCTGGTCAGGGTATG-1,Macrophages
NHSIL12_GGCTGGTGTCCTCCAT-1,Dendritic cells
NHSIL12_GGCTGGTTCGTAGGAG-1,Dendritic cells
NHSIL12_GGCTGGTTCTATGTGG-1,Monocytes
NHSIL12_GGGACCTTCTCGTTTA-1,Monocytes
NHSIL12_GGGATGACACACATGT-1,Macrophages
NHSIL12_GGGATGACATGCCCGA-1,Monocytes
NHSIL12_GGGCACTGTATAGTAG-1,Monocytes
NHSIL12_GGGCACTGTTACCGAT-1,Monocytes
NHSIL12_GGGCATCAGTCTCCTC-1,Monocytes
NHSIL12_GGGCATCCAACTTGAC-1,Monocytes
NHSIL12_GGGCATCCAATAAGCA-1,T cells
NHSIL12_GGGCATCCAGATTGCT-1,Monocytes
NHSIL12_GGGCATCTCGTTGACA-1,Dendritic cells
NHSIL12_GGGTCTGCAGCTGCAC-1,Monocytes
NHSIL12_GGGTCTGCATTCGACA-1,Macrophages
NHSIL12_GGGTCTGGTCAAAGAT-1,Monocytes
NHSIL12_GGGTCTGGTGAGGGTT-1,Monocytes
NHSIL12_GGGTCTGGTGCAACGA-1,Monocytes
NHSIL12_GGGTTGCCACTTAAGC-1,Monocytes
NHSIL12_GGGTTGCCAGCCTGTG-1,Monocytes
NHSIL12_GGGTTGCGTTATGCGT-1,Monocytes
NHSIL12_GGTATTGAGGATATAC-1,Monocytes
NHSIL12_GGTATTGAGGGTATCG-1,Monocytes
NHSIL12_GGTATTGCACCACGTG-1,Monocytes
NHSIL12_GGTATTGGTACCTACA-1,Monocytes
NHSIL12_GGTGAAGAGCTGCAAG-1,Macrophages
NHSIL12_GGTGCGTAGCTAAGAT-1,Monocytes
NHSIL12_GGTGCGTAGTTCGCGC-1,Monocytes
NHSIL12_GGTGCGTTCAGCTCTC-1,Monocytes
NHSIL12_GGTGTTAAGATAGTCA-1,Monocytes
NHSIL12_GGTGTTATCACGCGGT-1,Monocytes
NHSIL12_GTAACGTAGTGGACGT-1,Monocytes
NHSIL12_GTAACGTCATGTAGTC-1,Monocytes
NHSIL12_GTAACGTGTCAACATC-1,Monocytes
NHSIL12_GTAACGTTCTCTGAGA-1,Monocytes
NHSIL12_GTAACGTTCTGCAGTA-1,Monocytes
NHSIL12_GTAACTGAGGCGATAC-1,Monocytes
NHSIL12_GTAACTGCAGGGTTAG-1,Monocytes
NHSIL12_GTAACTGCAGTCGTGC-1,Monocytes
NHSIL12_GTACTCCAGCCCAGCT-1,Monocytes
NHSIL12_GTACTCCAGGCAGGTT-1,Monocytes
NHSIL12_GTACTCCCAATGCCAT-1,Dendritic cells
NHSIL12_GTACTCCCACCTCGGA-1,T cells
NHSIL12_GTACTCCGTGCGATAG-1,Monocytes
NHSIL12_GTACTTTAGAAGGGTA-1,NK cells
NHSIL12_GTACTTTAGTGGTCCC-1,Monocytes
NHSIL12_GTACTTTCACTACAGT-1,Monocytes
NHSIL12_GTACTTTCAGCCTATA-1,Macrophages
NHSIL12_GTACTTTCATTGGTAC-1,Monocytes
NHSIL12_GTAGGCCTCCGCGTTT-1,Monocytes
NHSIL12_GTAGTCAGTTCAGTAC-1,Monocytes
NHSIL12_GTATCTTAGCCAGTAG-1,Macrophages
NHSIL12_GTATCTTCATTGGTAC-1,Monocytes
NHSIL12_GTATCTTGTTTGGCGC-1,Monocytes
NHSIL12_GTATCTTTCATCTGTT-1,Monocytes
NHSIL12_GTATCTTTCTCTAGGA-1,Monocytes
NHSIL12_GTATTCTAGAGTAAGG-1,Granulocytes
NHSIL12_GTATTCTCAAAGGCGT-1,Monocytes
NHSIL12_GTATTCTGTATATGGA-1,Monocytes
NHSIL12_GTCAAGTGTCGAATCT-1,Monocytes
NHSIL12_GTCAAGTTCTATCCTA-1,Monocytes
NHSIL12_GTCACAACATGCAATC-1,Monocytes
NHSIL12_GTCACGGCAAAGCGGT-1,Monocytes
NHSIL12_GTCACGGGTTCCGGCA-1,Monocytes
NHSIL12_GTCATTTCATATGCTG-1,Monocytes
NHSIL12_GTCATTTTCAGAGGTG-1,Monocytes
NHSIL12_GTCCTCAGTCAGAAGC-1,Monocytes
NHSIL12_GTCGGGTAGGGAACGG-1,Monocytes
NHSIL12_GTCGGGTGTCGTGGCT-1,Monocytes
NHSIL12_GTCGGGTGTTCTCATT-1,Monocytes
NHSIL12_GTCGGGTTCTCTAAGG-1,Dendritic cells
NHSIL12_GTCGTAAGTTCACCTC-1,Monocytes
NHSIL12_GTCTCGTGTGATAAGT-1,Monocytes
NHSIL12_GTCTTCGGTTGCTCCT-1,Monocytes
NHSIL12_GTCTTCGTCGACAGCC-1,Monocytes
NHSIL12_GTGAAGGAGCACAGGT-1,Monocytes
NHSIL12_GTGAAGGCATAAGACA-1,Monocytes
NHSIL12_GTGAAGGCATCGGACC-1,Monocytes
NHSIL12_GTGAAGGGTATTCGTG-1,Monocytes
NHSIL12_GTGAAGGTCTGTCAAG-1,T cells
NHSIL12_GTGCAGCAGAATGTGT-1,Granulocytes
NHSIL12_GTGCAGCGTGATGTCT-1,Granulocytes
NHSIL12_GTGCAGCTCATTATCC-1,Monocytes
NHSIL12_GTGCAGCTCCTTGACC-1,Monocytes
NHSIL12_GTGCGGTGTCCAACTA-1,Monocytes
NHSIL12_GTGCTTCAGAGGGATA-1,Macrophages
NHSIL12_GTGCTTCAGCGGATCA-1,Monocytes
NHSIL12_GTGCTTCCATGCAACT-1,Dendritic cells
NHSIL12_GTGCTTCGTTCGTTGA-1,Monocytes
NHSIL12_GTGCTTCTCTACTCAT-1,Monocytes
NHSIL12_GTGGGTCAGACGACGT-1,Monocytes
NHSIL12_GTGGGTCCAGTTTACG-1,Monocytes
NHSIL12_GTGTGCGAGAGGTAGA-1,Dendritic cells
NHSIL12_GTGTGCGAGGGTTTCT-1,Monocytes
NHSIL12_GTGTGCGCAAGAGTCG-1,Monocytes
NHSIL12_GTGTGCGCACGCATCG-1,Macrophages
NHSIL12_GTGTTAGTCTGTTGAG-1,Macrophages
NHSIL12_GTTAAGCAGGTACTCT-1,Monocytes
NHSIL12_GTTAAGCAGTCGCCGT-1,Monocytes
NHSIL12_GTTAAGCGTAGATTAG-1,Monocytes
NHSIL12_GTTAAGCTCCACGACG-1,Dendritic cells
NHSIL12_GTTAAGCTCCCATTTA-1,Monocytes
NHSIL12_GTTACAGCATTCGACA-1,T cells
NHSIL12_GTTACAGGTATGAAAC-1,Monocytes
NHSIL12_GTTACAGGTCGCTTTC-1,Monocytes
NHSIL12_GTTCATTAGACTTGAA-1,Monocytes
NHSIL12_GTTCATTCATTCCTGC-1,Monocytes
NHSIL12_GTTCATTGTAAATGAC-1,Macrophages
NHSIL12_GTTCATTTCATAAAGG-1,Monocytes
NHSIL12_GTTCGGGAGCATCATC-1,Monocytes
NHSIL12_GTTCGGGCAAGAAAGG-1,Monocytes
NHSIL12_GTTCTCGGTACAAGTA-1,Monocytes
NHSIL12_GTTTCTATCTAACTGG-1,T cells
NHSIL12_TAAACCGAGGATGGAA-1,Monocytes
NHSIL12_TAAACCGTCAGATAAG-1,Monocytes
NHSIL12_TAAGAGAAGTATCTCG-1,Monocytes
NHSIL12_TAAGCGTCAAACGTGG-1,Macrophages
NHSIL12_TAAGCGTGTGGTGTAG-1,Dendritic cells
NHSIL12_TAAGTGCAGGTAGCTG-1,Monocytes
NHSIL12_TAAGTGCGTAAATGAC-1,Monocytes
NHSIL12_TAAGTGCGTCTTGATG-1,Macrophages
NHSIL12_TACACGATCCTAAGTG-1,Dendritic cells
NHSIL12_TACAGTGGTGTGGCTC-1,Macrophages
NHSIL12_TACCTATGTAGCCTCG-1,Monocytes
NHSIL12_TACCTATGTAGGGACT-1,Granulocytes
NHSIL12_TACCTATGTTAAGGGC-1,Monocytes
NHSIL12_TACCTTAAGCGTGTCC-1,Monocytes
NHSIL12_TACCTTAAGGTGCTAG-1,Monocytes
NHSIL12_TACCTTAGTAGTGAAT-1,Monocytes
NHSIL12_TACCTTAGTTACAGAA-1,Monocytes
NHSIL12_TACCTTATCACATAGC-1,Monocytes
NHSIL12_TACCTTATCCTGCCAT-1,Macrophages
NHSIL12_TACGGATAGAGTCGGT-1,Monocytes
NHSIL12_TACGGATAGTGTGAAT-1,Monocytes
NHSIL12_TACGGATTCTCTTATG-1,Monocytes
NHSIL12_TACGGATTCTGTCAAG-1,Monocytes
NHSIL12_TACGGGCGTACCGTTA-1,Monocytes
NHSIL12_TACGGGCTCAGAGACG-1,Monocytes
NHSIL12_TACGGGCTCGGAATCT-1,Monocytes
NHSIL12_TACGGTATCAATCTCT-1,Granulocytes
NHSIL12_TACTCATAGAGCCTAG-1,Monocytes
NHSIL12_TACTCGCAGTTTGCGT-1,Monocytes
NHSIL12_TACTCGCGTTCGTTGA-1,Monocytes
NHSIL12_TACTTGTAGAACTGTA-1,Monocytes
NHSIL12_TACTTGTCACCAGTTA-1,Dendritic cells
NHSIL12_TACTTGTCAGGAACGT-1,Monocytes
NHSIL12_TAGACCAGTAGCCTCG-1,Monocytes
NHSIL12_TAGAGCTAGAGTCGGT-1,Monocytes
NHSIL12_TAGAGCTAGCCCTAAT-1,Monocytes
NHSIL12_TAGAGCTAGCCGGTAA-1,Monocytes
NHSIL12_TAGAGCTCAACGCACC-1,Monocytes
NHSIL12_TAGCCGGCATACGCCG-1,Monocytes
NHSIL12_TAGGCATAGAATTGTG-1,Monocytes
NHSIL12_TAGGCATAGCTACCTA-1,Macrophages
NHSIL12_TAGGCATAGTACTTGC-1,Monocytes
NHSIL12_TAGGCATAGTGCAAGC-1,Monocytes
NHSIL12_TAGGCATCAATGAATG-1,Monocytes
NHSIL12_TAGGCATGTCAGGACA-1,Monocytes
NHSIL12_TAGTGGTCAAGTTAAG-1,Dendritic cells
NHSIL12_TAGTTGGAGATACACA-1,Monocytes
NHSIL12_TAGTTGGCAATCCAAC-1,Monocytes
NHSIL12_TAGTTGGTCAAACCAC-1,Monocytes
NHSIL12_TATCAGGCAAAGAATC-1,Dendritic cells
NHSIL12_TATCAGGCAAGTCATC-1,Monocytes
NHSIL12_TATCTCAAGTGCCAGA-1,Monocytes
NHSIL12_TATCTCACATGCAACT-1,Monocytes
NHSIL12_TATGCCCAGATATGCA-1,Monocytes
NHSIL12_TATGCCCCATGCAATC-1,Monocytes
NHSIL12_TATGCCCCATTTCAGG-1,Macrophages
NHSIL12_TATTACCAGTATCGAA-1,Monocytes
NHSIL12_TATTACCCAGGACCCT-1,Macrophages
NHSIL12_TATTACCGTACGACCC-1,Monocytes
NHSIL12_TCAACGAAGCAGGTCA-1,Monocytes
NHSIL12_TCAACGAAGCGATTCT-1,Granulocytes
NHSIL12_TCAACGAGTCTAGCCG-1,Dendritic cells
NHSIL12_TCAACGAGTTCGTTGA-1,Monocytes
NHSIL12_TCAATCTCATCGGGTC-1,Macrophages
NHSIL12_TCAATCTTCCTAAGTG-1,Monocytes
NHSIL12_TCACAAGAGCGTGAGT-1,Monocytes
NHSIL12_TCACAAGAGTGGGTTG-1,Monocytes
NHSIL12_TCACAAGGTGGTTTCA-1,Monocytes
NHSIL12_TCACAAGGTTCACGGC-1,Monocytes
NHSIL12_TCACAAGTCGGAGGTA-1,Macrophages
NHSIL12_TCACGAAAGACAATAC-1,Monocytes
NHSIL12_TCACGAAGTAACGCGA-1,Dendritic cells
NHSIL12_TCAGATGAGCAATCTC-1,Monocytes
NHSIL12_TCAGATGCATACTACG-1,Monocytes
NHSIL12_TCAGCAACAAGGTTCT-1,T cells
NHSIL12_TCAGCTCAGACTTTCG-1,Monocytes
NHSIL12_TCAGCTCCAGTCAGAG-1,Monocytes
NHSIL12_TCAGGATAGATGAGAG-1,Monocytes
NHSIL12_TCAGGATTCTGCGGCA-1,Monocytes
NHSIL12_TCAGGTAAGGGCTTCC-1,Dendritic cells
NHSIL12_TCAGGTAAGTGGGATC-1,Monocytes
NHSIL12_TCAGGTAGTTAGATGA-1,Macrophages
NHSIL12_TCATTACAGCAATCTC-1,Monocytes
NHSIL12_TCATTACGTTGTCGCG-1,Monocytes
NHSIL12_TCATTACTCGAGCCCA-1,Monocytes
NHSIL12_TCATTTGCAAGCCGTC-1,Granulocytes
NHSIL12_TCATTTGGTGGTAACG-1,Monocytes
NHSIL12_TCATTTGTCGGAAATA-1,Macrophages
NHSIL12_TCCACACGTTACTGAC-1,Monocytes
NHSIL12_TCCCGATCAGCGTAAG-1,Monocytes
NHSIL12_TCCCGATGTCCTCCAT-1,Monocytes
NHSIL12_TCCCGATGTCTCAACA-1,Monocytes
NHSIL12_TCCCGATGTGATGTGG-1,Monocytes
NHSIL12_TCCCGATTCGGCTTGG-1,Macrophages
NHSIL12_TCGAGGCAGACTAGGC-1,Monocytes
NHSIL12_TCGAGGCAGTTGAGAT-1,Monocytes
NHSIL12_TCGAGGCCATTGTGCA-1,Macrophages
NHSIL12_TCGAGGCGTGCCTTGG-1,Monocytes
NHSIL12_TCGAGGCGTTTGGGCC-1,Monocytes
NHSIL12_TCGCGAGAGGCTAGAC-1,Monocytes
NHSIL12_TCGCGAGAGTCTCGGC-1,Monocytes
NHSIL12_TCGCGAGGTTAAGTAG-1,Monocytes
NHSIL12_TCGCGAGTCCCAAGAT-1,Monocytes
NHSIL12_TCGCGTTCAATGCCAT-1,Monocytes
NHSIL12_TCGCGTTGTCCTCCAT-1,Monocytes
NHSIL12_TCGCGTTGTTCAGGCC-1,Monocytes
NHSIL12_TCGCGTTTCTTGAGGT-1,Monocytes
NHSIL12_TCGGGACGTTCCATGA-1,Monocytes
NHSIL12_TCGGTAAAGCTCCTCT-1,Monocytes
NHSIL12_TCGGTAAGTAGTGAAT-1,Monocytes
NHSIL12_TCGTACCGTATATGAG-1,Monocytes
NHSIL12_TCGTACCGTCCGAAGA-1,NK cells
NHSIL12_TCGTACCGTCTTGTCC-1,Dendritic cells
NHSIL12_TCGTAGACAGCTGTAT-1,Macrophages
NHSIL12_TCGTAGACATTTCAGG-1,Macrophages
NHSIL12_TCTATTGAGACTCGGA-1,Monocytes
NHSIL12_TCTATTGAGCCTTGAT-1,Macrophages
NHSIL12_TCTATTGGTGCAACTT-1,Monocytes
NHSIL12_TCTATTGTCTTTAGTC-1,Monocytes
NHSIL12_TCTCATACAGCGATCC-1,Monocytes
NHSIL12_TCTCATACATCCCATC-1,Monocytes
NHSIL12_TCTCATAGTGTGAATA-1,Monocytes
NHSIL12_TCTCATATCCGGGTGT-1,Monocytes
NHSIL12_TCTGAGACACGAAAGC-1,Granulocytes
NHSIL12_TCTGAGACAGGTCGTC-1,Granulocytes
NHSIL12_TCTGAGAGTACAGCAG-1,Monocytes
NHSIL12_TCTGAGAGTTAAGGGC-1,Macrophages
NHSIL12_TCTGAGAGTTTGTTGG-1,Monocytes
NHSIL12_TCTGAGATCCTTTACA-1,Monocytes
NHSIL12_TCTGAGATCTAGAGTC-1,Monocytes
NHSIL12_TCTGGAATCAGGCCCA-1,NK cells
NHSIL12_TCTGGAATCCAGTATG-1,Monocytes
NHSIL12_TCTGGAATCTACGAGT-1,Monocytes
NHSIL12_TCTTCGGTCCGTAGTA-1,Monocytes
NHSIL12_TGAAAGAAGAATTCCC-1,Monocytes
NHSIL12_TGAAAGAAGATGGCGT-1,Monocytes
NHSIL12_TGACAACTCGTGTAGT-1,Monocytes
NHSIL12_TGACGGCGTTCCACTC-1,Monocytes
NHSIL12_TGACGGCTCTTGACGA-1,Monocytes
NHSIL12_TGACTAGAGGATTCGG-1,Monocytes
NHSIL12_TGACTAGGTAGCCTCG-1,Monocytes
NHSIL12_TGACTAGTCAAGGCTT-1,Monocytes
NHSIL12_TGACTTTAGCCACCTG-1,Dendritic cells
NHSIL12_TGACTTTCAGATCCAT-1,Macrophages
NHSIL12_TGACTTTTCTCCCTGA-1,Monocytes
NHSIL12_TGAGAGGAGTGGTAAT-1,Monocytes
NHSIL12_TGAGAGGGTCGCCATG-1,Monocytes
NHSIL12_TGAGCATGTGACGGTA-1,Dendritic cells
NHSIL12_TGAGCATTCCAAGTAC-1,Monocytes
NHSIL12_TGAGCCGCACCATCCT-1,Granulocytes
NHSIL12_TGAGCCGCAGCTATTG-1,Dendritic cells
NHSIL12_TGAGCCGGTCAGCTAT-1,Monocytes
NHSIL12_TGAGCCGGTCATGCAT-1,Monocytes
NHSIL12_TGAGCCGTCTGAGGGA-1,Monocytes
NHSIL12_TGAGGGAAGGGTCGAT-1,Dendritic cells
NHSIL12_TGAGGGAGTAATAGCA-1,Monocytes
NHSIL12_TGCACCTAGAGTACCG-1,Monocytes
NHSIL12_TGCACCTCACCTGGTG-1,Monocytes
NHSIL12_TGCACCTCACGGTTTA-1,Monocytes
NHSIL12_TGCACCTGTAAGCACG-1,Monocytes
NHSIL12_TGCACCTGTACAGACG-1,Monocytes
NHSIL12_TGCACCTGTAGCCTAT-1,Macrophages
NHSIL12_TGCACCTGTTCGTTGA-1,Monocytes
NHSIL12_TGCACCTTCCACGAAT-1,Monocytes
NHSIL12_TGCCAAAGTCGGCACT-1,Monocytes
NHSIL12_TGCCCTAAGCGATCCC-1,Monocytes
NHSIL12_TGCCCTACAACCGCCA-1,Monocytes
NHSIL12_TGCCCTATCCAGAAGG-1,Macrophages
NHSIL12_TGCGCAGGTTCCGTCT-1,Monocytes
NHSIL12_TGCGCAGTCCATGAAC-1,T cells
NHSIL12_TGCGCAGTCGTGGGAA-1,Monocytes
NHSIL12_TGCGGGTAGTCGTACT-1,Macrophages
NHSIL12_TGCGGGTCAAACGTGG-1,Monocytes
NHSIL12_TGCGGGTCAGGAACGT-1,Monocytes
NHSIL12_TGCGTGGCATTGGTAC-1,Monocytes
NHSIL12_TGCTACCGTAAGTTCC-1,Dendritic cells
NHSIL12_TGCTACCTCACCCTCA-1,Monocytes
NHSIL12_TGCTGCTCACCAACCG-1,Monocytes
NHSIL12_TGCTGCTGTTAGATGA-1,Dendritic cells
NHSIL12_TGCTGCTTCTGGTGTA-1,Monocytes
NHSIL12_TGGACGCAGAGGGCTT-1,Monocytes
NHSIL12_TGGCCAGAGAGACTTA-1,Monocytes
NHSIL12_TGGCCAGGTAAGCACG-1,Monocytes
NHSIL12_TGGCCAGGTTGTGGAG-1,Monocytes
NHSIL12_TGGCGCAAGATCGGGT-1,Monocytes
NHSIL12_TGGCTGGAGAATGTTG-1,Monocytes
NHSIL12_TGGCTGGCAAGCGATG-1,Monocytes
NHSIL12_TGGCTGGGTTTCGCTC-1,Macrophages
NHSIL12_TGGCTGGTCATGCAAC-1,Granulocytes
NHSIL12_TGGGAAGTCACCTCGT-1,Monocytes
NHSIL12_TGGGAAGTCGCGGATC-1,Monocytes
NHSIL12_TGGGCGTAGAGACTTA-1,Macrophages
NHSIL12_TGGGCGTAGGAATTAC-1,Granulocytes
NHSIL12_TGGGCGTAGGGCTTCC-1,Monocytes
NHSIL12_TGGGCGTCATTACCTT-1,Dendritic cells
NHSIL12_TGGGCGTGTGCATCTA-1,Dendritic cells
NHSIL12_TGGGCGTGTTATGTGC-1,Monocytes
NHSIL12_TGGTTAGAGATCACGG-1,Granulocytes
NHSIL12_TGGTTAGAGCCAGAAC-1,Macrophages
NHSIL12_TGGTTAGAGTCCAGGA-1,Monocytes
NHSIL12_TGGTTAGGTGTCTGAT-1,Monocytes
NHSIL12_TGGTTAGGTTGCCTCT-1,Granulocytes
NHSIL12_TGGTTAGGTTTAGCTG-1,Monocytes
NHSIL12_TGGTTCCAGAAGGCCT-1,Monocytes
NHSIL12_TGGTTCCTCATTATCC-1,Macrophages
NHSIL12_TGTATTCAGGTCGGAT-1,Dendritic cells
NHSIL12_TGTATTCCAATCTGCA-1,Monocytes
NHSIL12_TGTATTCGTAAATGTG-1,Monocytes
NHSIL12_TGTCCCATCAGAGACG-1,Monocytes
NHSIL12_TGTCCCATCCCGACTT-1,Monocytes
NHSIL12_TGTCCCATCTCAAACG-1,Macrophages
NHSIL12_TGTGGTAAGAGCTTCT-1,Monocytes
NHSIL12_TGTGGTAAGATATACG-1,Monocytes
NHSIL12_TGTGGTATCTTCTGGC-1,Monocytes
NHSIL12_TGTGGTATCTTGACGA-1,Dendritic cells
NHSIL12_TGTGTTTCAGTTCATG-1,Monocytes
NHSIL12_TGTGTTTCATGACATC-1,Dendritic cells
NHSIL12_TGTGTTTGTTCCGGCA-1,Dendritic cells
NHSIL12_TGTGTTTTCCGGGTGT-1,Dendritic cells
NHSIL12_TGTTCCGAGCTTATCG-1,Monocytes
NHSIL12_TGTTCCGCAGTCGTGC-1,Dendritic cells
NHSIL12_TGTTCCGGTTATGTGC-1,Monocytes
NHSIL12_TGTTCCGTCTTTAGGG-1,Monocytes
NHSIL12_TTAGGACGTTACGTCA-1,T cells
NHSIL12_TTAGGCAAGCAGGTCA-1,Monocytes
NHSIL12_TTAGGCACAAGGTGTG-1,Dendritic cells
NHSIL12_TTAGGCACATATACGC-1,Granulocytes
NHSIL12_TTAGGCACATATGGTC-1,Monocytes
NHSIL12_TTAGGCAGTCCGAATT-1,Macrophages
NHSIL12_TTAGGCAGTCTTCAAG-1,Monocytes
NHSIL12_TTAGTTCAGGAATTAC-1,Monocytes
NHSIL12_TTAGTTCCACTCGACG-1,Monocytes
NHSIL12_TTAGTTCGTTGCGCAC-1,Monocytes
NHSIL12_TTAGTTCTCTGGAGCC-1,Monocytes
NHSIL12_TTATGCTAGAAGGTGA-1,Monocytes
NHSIL12_TTCCCAGAGAATAGGG-1,Monocytes
NHSIL12_TTCGAAGAGGATTCGG-1,Monocytes
NHSIL12_TTCGAAGCACAACGCC-1,Monocytes
NHSIL12_TTCGAAGGTGTGAAAT-1,Monocytes
NHSIL12_TTCGGTCGTTCTCATT-1,Monocytes
NHSIL12_TTCTACAGTCTTGTCC-1,Dendritic cells
NHSIL12_TTCTACAGTTACGACT-1,Monocytes
NHSIL12_TTCTCAACAAGCCGCT-1,Monocytes
NHSIL12_TTCTCAACAATGGAGC-1,Macrophages
NHSIL12_TTCTCCTAGATGCGAC-1,Macrophages
NHSIL12_TTCTCCTCAAGTCTAC-1,Monocytes
NHSIL12_TTCTTAGCATCCCATC-1,Monocytes
NHSIL12_TTCTTAGGTCAGTGGA-1,T cells
NHSIL12_TTCTTAGTCAGGTAAA-1,Macrophages
NHSIL12_TTGAACGAGTTCCACA-1,Monocytes
NHSIL12_TTGAACGGTAAGTGGC-1,Monocytes
NHSIL12_TTGAACGGTCCTGCTT-1,Monocytes
NHSIL12_TTGAACGTCGAACTGT-1,Monocytes
NHSIL12_TTGACTTAGCGTGAGT-1,Monocytes
NHSIL12_TTGCGTCGTAAGAGAG-1,Monocytes
NHSIL12_TTGGAACAGTCCTCCT-1,Granulocytes
NHSIL12_TTGGAACTCGTATCAG-1,Monocytes
NHSIL12_TTGGAACTCTGCAAGT-1,Dendritic cells
NHSIL12_TTGGCAACACACTGCG-1,Monocytes
NHSIL12_TTGTAGGGTTAAGATG-1,Granulocytes
NHSIL12_TTGTAGGTCCGCAAGC-1,Monocytes
NHSIL12_TTTACTGAGTCCCACG-1,Monocytes
NHSIL12_TTTACTGGTCGCCATG-1,NK cells
NHSIL12_TTTACTGGTTGGGACA-1,Monocytes
NHSIL12_TTTATGCAGGCTACGA-1,Monocytes
NHSIL12_TTTATGCCAAAGAATC-1,Dendritic cells
NHSIL12_TTTATGCGTACCATCA-1,Monocytes
NHSIL12_TTTATGCGTGAACCTT-1,Monocytes
NHSIL12_TTTGCGCAGCACAGGT-1,Monocytes
NHSIL12_TTTGCGCAGCTACCTA-1,Monocytes
NHSIL12_TTTGCGCGTGACCAAG-1,Monocytes
NHSIL12_TTTGCGCGTTGTGGAG-1,Monocytes
NHSIL12_TTTGGTTGTAAGGGCT-1,Macrophages
NHSIL12_TTTGGTTTCATGTGGT-1,Monocytes
NHSIL12_TTTGTCAAGAGTACCG-1,Monocytes
NHSIL12_TTTGTCACAGTAAGCG-1,Monocytes
NHSIL12_TTTGTCAGTAAGGATT-1,Monocytes
Combo_AAACCTGAGAGTACAT-1,Monocytes
Combo_AAACCTGAGCGTTCCG-1,Granulocytes
Combo_AAACCTGAGCGTTTAC-1,Dendritic cells
Combo_AAACCTGAGGAGTTGC-1,Monocytes
Combo_AAACCTGAGGCTCAGA-1,Dendritic cells
Combo_AAACCTGCACCGATAT-1,Monocytes
Combo_AAACCTGCATCTCGCT-1,Dendritic cells
Combo_AAACCTGCATGCTAGT-1,Monocytes
Combo_AAACCTGTCAGCACAT-1,Monocytes
Combo_AAACCTGTCGTTACGA-1,Dendritic cells
Combo_AAACCTGTCTACTATC-1,Monocytes
Combo_AAACGGGAGAAGGTTT-1,Monocytes
Combo_AAACGGGAGAATCTCC-1,Dendritic cells
Combo_AAACGGGAGGAATTAC-1,Monocytes
Combo_AAACGGGCAGTAACGG-1,T cells
Combo_AAACGGGGTCGCATCG-1,Dendritic cells
Combo_AAACGGGGTCTTGTCC-1,Monocytes
Combo_AAACGGGGTGAGTATA-1,Granulocytes
Combo_AAACGGGGTGGAAAGA-1,Monocytes
Combo_AAACGGGGTGTATGGG-1,Monocytes
Combo_AAACGGGGTTACGGAG-1,Monocytes
Combo_AAAGATGAGTAAGTAC-1,Dendritic cells
Combo_AAAGATGAGTACGATA-1,Monocytes
Combo_AAAGATGAGTCTCAAC-1,Monocytes
Combo_AAAGATGCACATTTCT-1,Monocytes
Combo_AAAGATGCACCCATGG-1,Granulocytes
Combo_AAAGATGGTGAGGGTT-1,Monocytes
Combo_AAAGATGGTGTGACGA-1,T cells
Combo_AAAGATGGTTTCCACC-1,Monocytes
Combo_AAAGATGTCCAGATCA-1,Monocytes
Combo_AAAGATGTCCCGGATG-1,Monocytes
Combo_AAAGATGTCTAACGGT-1,Monocytes
Combo_AAAGCAACAAGTTAAG-1,Dendritic cells
Combo_AAAGCAACACGGCTAC-1,Monocytes
Combo_AAAGCAACACGGTTTA-1,Monocytes
Combo_AAAGCAACAGTGGAGT-1,Granulocytes
Combo_AAAGCAAGTCTGCCAG-1,Dendritic cells
Combo_AAAGCAAGTGTTCTTT-1,Dendritic cells
Combo_AAAGCAATCACCATAG-1,Granulocytes
Combo_AAAGTAGAGCTACCTA-1,Monocytes
Combo_AAAGTAGCAAGCTGTT-1,Monocytes
Combo_AAAGTAGCAATGGACG-1,Dendritic cells
Combo_AAAGTAGCACATGTGT-1,Monocytes
Combo_AAAGTAGCATTAGGCT-1,Monocytes
Combo_AAAGTAGGTCCGAACC-1,Monocytes
Combo_AAAGTAGGTGTGACCC-1,Macrophages
Combo_AAAGTAGTCACCAGGC-1,Dendritic cells
Combo_AAAGTAGTCATCGGAT-1,Granulocytes
Combo_AAAGTAGTCTATGTGG-1,Dendritic cells
Combo_AAATGCCAGAAGAAGC-1,Monocytes
Combo_AAATGCCAGCGACGTA-1,Monocytes
Combo_AAATGCCCAAAGTCAA-1,Monocytes
Combo_AAATGCCCAAGTACCT-1,T cells
Combo_AAATGCCCAATAACGA-1,Monocytes
Combo_AAATGCCGTCTAACGT-1,Monocytes
Combo_AAATGCCGTGTTCTTT-1,Monocytes
Combo_AAATGCCTCACAACGT-1,Monocytes
Combo_AAATGCCTCGCCGTGA-1,Monocytes
Combo_AAATGCCTCGTTGCCT-1,Monocytes
Combo_AAATGCCTCTGGCGAC-1,Monocytes
Combo_AAATGCCTCTTGCAAG-1,Monocytes
Combo_AACACGTAGAGATGAG-1,Granulocytes
Combo_AACACGTAGCTAGTGG-1,Monocytes
Combo_AACACGTAGTTCGCGC-1,Monocytes
Combo_AACACGTCACTTAAGC-1,Dendritic cells
Combo_AACACGTCATGAACCT-1,Granulocytes
Combo_AACACGTTCACAAACC-1,Granulocytes
Combo_AACACGTTCATGCATG-1,Monocytes
Combo_AACACGTTCCAAACAC-1,Monocytes
Combo_AACACGTTCTTCTGGC-1,Monocytes
Combo_AACCATGAGCCACGCT-1,Monocytes
Combo_AACCATGAGGTGGGTT-1,Granulocytes
Combo_AACCATGCAAGCGATG-1,Granulocytes
Combo_AACCATGCACATGTGT-1,Granulocytes
Combo_AACCATGCACGAAAGC-1,Granulocytes
Combo_AACCATGGTAGCGCAA-1,Monocytes
Combo_AACCATGGTCACAAGG-1,Monocytes
Combo_AACCATGGTCATCCCT-1,Monocytes
Combo_AACCATGGTCTCCCTA-1,Monocytes
Combo_AACCATGTCAGAGCTT-1,Dendritic cells
Combo_AACCATGTCGTACCGG-1,Dendritic cells
Combo_AACCGCGAGCAGCCTC-1,Dendritic cells
Combo_AACCGCGTCTTGTCAT-1,Monocytes
Combo_AACGTTGAGGGTGTGT-1,Granulocytes
Combo_AACGTTGAGTAGGTGC-1,Monocytes
Combo_AACGTTGCACTCTGTC-1,Dendritic cells
Combo_AACGTTGCAGGTCGTC-1,Monocytes
Combo_AACGTTGGTACACCGC-1,Dendritic cells
Combo_AACGTTGGTAGTACCT-1,Dendritic cells
Combo_AACGTTGGTCTGGAGA-1,Monocytes
Combo_AACGTTGGTGCACCAC-1,Dendritic cells
Combo_AACGTTGGTTCCCTTG-1,Monocytes
Combo_AACGTTGTCAATCACG-1,Monocytes
Combo_AACTCAGAGAAACGCC-1,Granulocytes
Combo_AACTCAGAGATGTGTA-1,Monocytes
Combo_AACTCAGCAAAGGTGC-1,Macrophages
Combo_AACTCAGTCACTCCTG-1,Monocytes
Combo_AACTCAGTCTCGCTTG-1,Monocytes
Combo_AACTCCCAGATATGGT-1,Monocytes
Combo_AACTCCCCAGTCGTGC-1,Granulocytes
Combo_AACTCCCCATGCGCAC-1,Granulocytes
Combo_AACTCCCGTTTACTCT-1,Granulocytes
Combo_AACTCCCTCACCTTAT-1,Monocytes
Combo_AACTCCCTCGTTGCCT-1,Monocytes
Combo_AACTCTTCATTTCAGG-1,Macrophages
Combo_AACTCTTTCGATGAGG-1,Monocytes
Combo_AACTCTTTCGTCTGCT-1,Monocytes
Combo_AACTGGTAGAGGGCTT-1,Monocytes
Combo_AACTGGTCATATACGC-1,Monocytes
Combo_AACTGGTGTAGGGTAC-1,Dendritic cells
Combo_AACTGGTTCAGCTGGC-1,Monocytes
Combo_AACTGGTTCCAAATGC-1,Monocytes
Combo_AACTTTCAGGATCGCA-1,Granulocytes
Combo_AACTTTCCAGGGTATG-1,Macrophages
Combo_AACTTTCGTTATGTGC-1,Monocytes
Combo_AAGACCTAGACAAAGG-1,Monocytes
Combo_AAGACCTAGTAGCGGT-1,Monocytes
Combo_AAGACCTCAGGGAGAG-1,Dendritic cells
Combo_AAGACCTCATGGGACA-1,Dendritic cells
Combo_AAGACCTCATTGTGCA-1,Monocytes
Combo_AAGACCTGTATATGGA-1,Monocytes
Combo_AAGACCTGTGGCCCTA-1,Monocytes
Combo_AAGACCTTCACTATTC-1,Dendritic cells
Combo_AAGACCTTCCCTAACC-1,Monocytes
Combo_AAGCCGCAGAATGTGT-1,Monocytes
Combo_AAGCCGCAGCAATATG-1,Monocytes
Combo_AAGCCGCAGTCAATAG-1,Dendritic cells
Combo_AAGCCGCAGTGTCCCG-1,Monocytes
Combo_AAGCCGCCAAGAGGCT-1,Monocytes
Combo_AAGCCGCCACATTAGC-1,Monocytes
Combo_AAGCCGCGTAGAGTGC-1,Dendritic cells
Combo_AAGCCGCGTCTCCACT-1,Granulocytes
Combo_AAGCCGCGTCTCCATC-1,Dendritic cells
Combo_AAGCCGCTCAACACGT-1,Granulocytes
Combo_AAGCCGCTCCTGTACC-1,Monocytes
Combo_AAGGAGCAGATACACA-1,Dendritic cells
Combo_AAGGAGCCAGACACTT-1,Monocytes
Combo_AAGGAGCCATGACATC-1,Monocytes
Combo_AAGGAGCTCAACACTG-1,Monocytes
Combo_AAGGAGCTCAATAAGG-1,Monocytes
Combo_AAGGAGCTCACGATGT-1,Monocytes
Combo_AAGGCAGAGCGTTGCC-1,Dendritic cells
Combo_AAGGCAGAGTGCAAGC-1,Granulocytes
Combo_AAGGCAGCAAAGAATC-1,Granulocytes
Combo_AAGGCAGCACCTTGTC-1,Dendritic cells
Combo_AAGGCAGGTAAGTGGC-1,Monocytes
Combo_AAGGCAGGTGAGTATA-1,Granulocytes
Combo_AAGGCAGGTTACGTCA-1,Monocytes
Combo_AAGGCAGGTTACTGAC-1,Granulocytes
Combo_AAGGCAGTCCTGCTTG-1,Monocytes
Combo_AAGGCAGTCGAATGCT-1,Monocytes
Combo_AAGGTTCAGCTCTCGG-1,Monocytes
Combo_AAGGTTCAGGTAGCCA-1,Monocytes
Combo_AAGGTTCCACGGCCAT-1,Monocytes
Combo_AAGGTTCCAGCATACT-1,T cells
Combo_AAGGTTCCAGGATCGA-1,Monocytes
Combo_AAGGTTCGTATCGCAT-1,Granulocytes
Combo_AAGGTTCGTTCGAATC-1,Dendritic cells
Combo_AAGGTTCGTTCGTTGA-1,Monocytes
Combo_AAGGTTCTCGGATGTT-1,Dendritic cells
Combo_AAGGTTCTCGTAGGAG-1,Dendritic cells
Combo_AAGTCTGAGCAGATCG-1,Monocytes
Combo_AAGTCTGCAACACCCG-1,Granulocytes
Combo_AAGTCTGCAAGCCGCT-1,Granulocytes
Combo_AAGTCTGCATCGTCGG-1,Monocytes
Combo_AAGTCTGGTCAATACC-1,Monocytes
Combo_AAGTCTGTCCCACTTG-1,Monocytes
Combo_AAGTCTGTCTTCATGT-1,Monocytes
Combo_AATCCAGAGCTGGAAC-1,Dendritic cells
Combo_AATCCAGAGGCCCTTG-1,Monocytes
Combo_AATCCAGCAAAGGTGC-1,Monocytes
Combo_AATCCAGCACAAGACG-1,Monocytes
Combo_AATCCAGCACGGTGTC-1,Monocytes
Combo_AATCCAGCAGGTTTCA-1,Dendritic cells
Combo_AATCCAGGTGGAAAGA-1,Granulocytes
Combo_AATCCAGTCCAAGCCG-1,Dendritic cells
Combo_AATCGGTAGAAGGGTA-1,Dendritic cells
Combo_AATCGGTAGTCCGTAT-1,Monocytes
Combo_AATCGGTCACGACGAA-1,Monocytes
Combo_AATCGGTCAGGGTACA-1,Monocytes
Combo_AATCGGTCATTATCTC-1,Monocytes
Combo_AATCGGTTCCCAGGTG-1,Monocytes
Combo_AATCGGTTCTGAGGGA-1,Monocytes
Combo_AATCGGTTCTTCCTTC-1,Monocytes
Combo_ACACCAAAGGGAGTAA-1,Monocytes
Combo_ACACCAACAAGGGTCA-1,Granulocytes
Combo_ACACCAACAATGTTGC-1,Dendritic cells
Combo_ACACCAACATAACCTG-1,Monocytes
Combo_ACACCAAGTCGATTGT-1,Monocytes
Combo_ACACCAAGTGGTCTCG-1,Granulocytes
Combo_ACACCAAGTGTGGCTC-1,Granulocytes
Combo_ACACCAAGTTCTGGTA-1,Monocytes
Combo_ACACCAATCCAGTAGT-1,Dendritic cells
Combo_ACACCAATCCCACTTG-1,Monocytes
Combo_ACACCAATCCGCATAA-1,Monocytes
Combo_ACACCAATCCGTAGTA-1,Dendritic cells
Combo_ACACCAATCTGATACG-1,Monocytes
Combo_ACACCAATCTTGTCAT-1,Dendritic cells
Combo_ACACCCTAGATGCGAC-1,Monocytes
Combo_ACACCCTAGTAACCCT-1,Granulocytes
Combo_ACACCCTCACAGCGTC-1,Monocytes
Combo_ACACCCTCATCACAAC-1,Granulocytes
Combo_ACACCCTCATGTCTCC-1,Monocytes
Combo_ACACCCTGTCATATGC-1,Monocytes
Combo_ACACCCTGTCCTAGCG-1,Monocytes
Combo_ACACCCTGTTCCCTTG-1,Monocytes
Combo_ACACCCTTCACTATTC-1,Dendritic cells
Combo_ACACCGGAGGGAGTAA-1,Monocytes
Combo_ACACCGGCACGAAAGC-1,Dendritic cells
Combo_ACACCGGCACGGTGTC-1,Monocytes
Combo_ACACCGGGTATATGAG-1,Monocytes
Combo_ACACCGGGTCGACTAT-1,Monocytes
Combo_ACACCGGTCACCAGGC-1,Monocytes
Combo_ACACCGGTCGCCCTTA-1,Dendritic cells
Combo_ACACCGGTCGTGGACC-1,Monocytes
Combo_ACACTGAAGCTAGTGG-1,Granulocytes
Combo_ACACTGAAGCTCTCGG-1,Monocytes
Combo_ACACTGAAGGCCCTCA-1,T cells
Combo_ACACTGACATCCCATC-1,Dendritic cells
Combo_ACACTGACATTCACTT-1,Monocytes
Combo_ACACTGAGTCGGGTCT-1,Dendritic cells
Combo_ACACTGAGTTCGTCTC-1,Monocytes
Combo_ACACTGATCAATAAGG-1,Granulocytes
Combo_ACACTGATCCGTACAA-1,Granulocytes
Combo_ACAGCCGAGAAACGAG-1,Monocytes
Combo_ACAGCCGAGAATTGTG-1,Dendritic cells
Combo_ACAGCCGAGCGTGAAC-1,Granulocytes
Combo_ACAGCCGAGGCAAAGA-1,Granulocytes
Combo_ACAGCCGAGGGTTCCC-1,Monocytes
Combo_ACAGCCGAGTGAACGC-1,Monocytes
Combo_ACAGCCGCATCGATGT-1,Monocytes
Combo_ACAGCCGGTACTTAGC-1,Monocytes
Combo_ACAGCCGGTCAAAGCG-1,Monocytes
Combo_ACAGCCGGTGTCCTCT-1,Dendritic cells
Combo_ACAGCCGGTTACGCGC-1,Dendritic cells
Combo_ACAGCCGTCAAACAAG-1,Monocytes
Combo_ACAGCCGTCAACGGGA-1,Monocytes
Combo_ACAGCCGTCCACGAAT-1,Monocytes
Combo_ACAGCTAAGAAGAAGC-1,Monocytes
Combo_ACAGCTAAGCACGCCT-1,Dendritic cells
Combo_ACAGCTAAGGGTCGAT-1,Monocytes
Combo_ACAGCTAAGTCAATAG-1,Monocytes
Combo_ACAGCTACAACAACCT-1,Monocytes
Combo_ACAGCTACAAGGTGTG-1,Dendritic cells
Combo_ACAGCTACACAACGTT-1,Monocytes
Combo_ACAGCTAGTAAACCTC-1,Monocytes
Combo_ACAGCTAGTACCGGCT-1,Granulocytes
Combo_ACAGCTAGTAGCTAAA-1,Monocytes
Combo_ACAGCTAGTCTCCACT-1,Monocytes
Combo_ACAGCTATCCTTTACA-1,Monocytes
Combo_ACATACGAGAGAGCTC-1,Monocytes
Combo_ACATACGAGGAGCGAG-1,Monocytes
Combo_ACATACGAGGCCCTTG-1,Dendritic cells
Combo_ACATACGCACATCCAA-1,Monocytes
Combo_ACATACGGTAGCACGA-1,Dendritic cells
Combo_ACATACGGTAGCGTAG-1,Monocytes
Combo_ACATACGGTCCAACTA-1,Monocytes
Combo_ACATACGGTCTGGTCG-1,Monocytes
Combo_ACATACGGTTAGATGA-1,Monocytes
Combo_ACATCAGAGATAGGAG-1,Dendritic cells
Combo_ACATCAGAGTTGTCGT-1,Monocytes
Combo_ACATCAGCAAAGGCGT-1,Monocytes
Combo_ACATCAGTCGGGAGTA-1,Monocytes
Combo_ACATGGTAGAGTACCG-1,Dendritic cells
Combo_ACATGGTAGATGCCAG-1,Monocytes
Combo_ACATGGTAGCACACAG-1,Dendritic cells
Combo_ACATGGTAGCTAGCCC-1,Monocytes
Combo_ACATGGTCAAATACAG-1,Monocytes
Combo_ACATGGTGTCCTCTTG-1,Dendritic cells
Combo_ACATGGTGTTAAGATG-1,Monocytes
Combo_ACATGGTGTTACAGAA-1,Monocytes
Combo_ACATGGTGTTCGCTAA-1,Monocytes
Combo_ACATGGTTCCTTGCCA-1,Granulocytes
Combo_ACATGGTTCTTGTACT-1,Granulocytes
Combo_ACCAGTAAGCTGAAAT-1,Dendritic cells
Combo_ACCAGTAAGCTGTTCA-1,Monocytes
Combo_ACCAGTAAGGTGACCA-1,Monocytes
Combo_ACCAGTACAAATACAG-1,Dendritic cells
Combo_ACCAGTACAACGCACC-1,Monocytes
Combo_ACCAGTACACGAAACG-1,T cells
Combo_ACCAGTACAGATCCAT-1,Monocytes
Combo_ACCAGTACAGGTGGAT-1,Monocytes
Combo_ACCAGTAGTAATTGGA-1,Dendritic cells
Combo_ACCAGTAGTCATGCAT-1,Monocytes
Combo_ACCAGTAGTGGTCTCG-1,Monocytes
Combo_ACCAGTATCGCCTGAG-1,Dendritic cells
Combo_ACCCACTAGAAGGCCT-1,Monocytes
Combo_ACCCACTCAGCTTAAC-1,Monocytes
Combo_ACCCACTCATCGGGTC-1,Granulocytes
Combo_ACCCACTGTCAATGTC-1,T cells
Combo_ACCCACTTCAAGGTAA-1,Monocytes
Combo_ACCCACTTCCATGAAC-1,Granulocytes
Combo_ACCGTAAAGCAAATCA-1,Dendritic cells
Combo_ACCGTAAAGGCAGGTT-1,Monocytes
Combo_ACCGTAAAGGCTATCT-1,Dendritic cells
Combo_ACCGTAAAGGGAAACA-1,Monocytes
Combo_ACCGTAACAGCCTTGG-1,Monocytes
Combo_ACCGTAAGTCACCCAG-1,Dendritic cells
Combo_ACCGTAAGTCTGCGGT-1,Monocytes
Combo_ACCGTAAGTTAAGAAC-1,Granulocytes
Combo_ACCGTAAGTTTCGCTC-1,Monocytes
Combo_ACCGTAATCACTCCTG-1,Monocytes
Combo_ACCTTTAAGACAGACC-1,Monocytes
Combo_ACCTTTAAGCTGCAAG-1,Monocytes
Combo_ACCTTTAAGTAGGTGC-1,Monocytes
Combo_ACCTTTAAGTGTACCT-1,Dendritic cells
Combo_ACCTTTACAGCTGTGC-1,Monocytes
Combo_ACCTTTACATATGCTG-1,Monocytes
Combo_ACCTTTAGTAAGAGGA-1,Monocytes
Combo_ACCTTTAGTCTGCGGT-1,Dendritic cells
Combo_ACCTTTAGTGCTTCTC-1,Monocytes
Combo_ACCTTTAGTGGTAACG-1,Monocytes
Combo_ACCTTTAGTTTGACTG-1,Dendritic cells
Combo_ACCTTTATCTCAAGTG-1,Dendritic cells
Combo_ACGAGCCAGAAAGTGG-1,Granulocytes
Combo_ACGAGCCAGCATCATC-1,Dendritic cells
Combo_ACGAGCCAGCCGATTT-1,Monocytes
Combo_ACGAGCCAGCTCCTTC-1,Monocytes
Combo_ACGAGCCAGCTGCGAA-1,Monocytes
Combo_ACGAGCCAGGAATTAC-1,Monocytes
Combo_ACGAGCCCAATGTAAG-1,Monocytes
Combo_ACGAGCCGTACAGACG-1,T cells
Combo_ACGAGCCGTCCAGTAT-1,Monocytes
Combo_ACGAGCCGTTTGCATG-1,Monocytes
Combo_ACGAGCCTCGTCACGG-1,Monocytes
Combo_ACGAGCCTCTCTTATG-1,Monocytes
Combo_ACGAGGAAGTCAAGGC-1,Monocytes
Combo_ACGAGGACACATAACC-1,Monocytes
Combo_ACGAGGAGTCTCACCT-1,Monocytes
Combo_ACGAGGATCGGAAACG-1,Granulocytes
Combo_ACGATACAGACTAAGT-1,Granulocytes
Combo_ACGATACAGGGCTCTC-1,Dendritic cells
Combo_ACGATACAGGGTTTCT-1,Dendritic cells
Combo_ACGATACAGGTTCCTA-1,Granulocytes
Combo_ACGATACAGTGACTCT-1,Monocytes
Combo_ACGATACCAGATGGCA-1,Monocytes
Combo_ACGATACGTAGCGTGA-1,Monocytes
Combo_ACGATACTCTTTACAC-1,Monocytes
Combo_ACGATGTAGGGTATCG-1,Macrophages
Combo_ACGATGTCAAGTAGTA-1,Granulocytes
Combo_ACGATGTCACTACAGT-1,Monocytes
Combo_ACGATGTCAGTATGCT-1,Granulocytes
Combo_ACGATGTCATCTGGTA-1,Monocytes
Combo_ACGATGTGTAATCACC-1,Granulocytes
Combo_ACGATGTGTCGTCTTC-1,Granulocytes
Combo_ACGATGTGTGTGAATA-1,Monocytes
Combo_ACGCAGCAGATACACA-1,T cells
Combo_ACGCAGCAGCTCCTCT-1,Monocytes
Combo_ACGCAGCAGTAGCGGT-1,Granulocytes
Combo_ACGCAGCAGTGACTCT-1,Monocytes
Combo_ACGCAGCAGTGGTCCC-1,Monocytes
Combo_ACGCAGCCACCCATTC-1,Monocytes
Combo_ACGCAGCCACGAAGCA-1,Granulocytes
Combo_ACGCAGCCAGATCGGA-1,Dendritic cells
Combo_ACGCAGCCAGGCAGTA-1,Granulocytes
Combo_ACGCAGCGTCACAAGG-1,Monocytes
Combo_ACGCAGCTCGGTCCGA-1,Dendritic cells
Combo_ACGCCAGAGGGATGGG-1,Monocytes
Combo_ACGCCAGAGTTTCCTT-1,Monocytes
Combo_ACGCCAGCACCCAGTG-1,Monocytes
Combo_ACGCCAGGTAGGCATG-1,Monocytes
Combo_ACGCCAGGTCACCCAG-1,Granulocytes
Combo_ACGCCAGGTCGTGGCT-1,Monocytes
Combo_ACGCCAGGTTCAGACT-1,Monocytes
Combo_ACGCCAGTCGCTAGCG-1,Monocytes
Combo_ACGCCAGTCTCGAGTA-1,Monocytes
Combo_ACGCCGAAGGACCACA-1,Fibroblasts
Combo_ACGCCGACAATAACGA-1,Monocytes
Combo_ACGCCGACACGGCGTT-1,Monocytes
Combo_ACGCCGACATGGTAGG-1,Monocytes
Combo_ACGCCGAGTACAGACG-1,Dendritic cells
Combo_ACGCCGAGTCAAGCGA-1,Granulocytes
Combo_ACGCCGATCATCACCC-1,Granulocytes
Combo_ACGCCGATCCGTCATC-1,Monocytes
Combo_ACGCCGATCCTACAGA-1,Monocytes
Combo_ACGCCGATCGGGAGTA-1,Monocytes
Combo_ACGCCGATCTGAAAGA-1,Monocytes
Combo_ACGGAGAAGATATACG-1,Monocytes
Combo_ACGGAGAAGATCGATA-1,Monocytes
Combo_ACGGAGAAGCCTATGT-1,Granulocytes
Combo_ACGGAGAAGGATGGAA-1,Monocytes
Combo_ACGGAGAGTCATATGC-1,Granulocytes
Combo_ACGGAGATCAATAAGG-1,Monocytes
Combo_ACGGAGATCCAAGCCG-1,Dendritic cells
Combo_ACGGAGATCCCTCTTT-1,Granulocytes
Combo_ACGGCCAAGTCAAGCG-1,Granulocytes
Combo_ACGGCCAAGTGGGCTA-1,Monocytes
Combo_ACGGCCACACCCTATC-1,Monocytes
Combo_ACGGCCAGTACGAAAT-1,Monocytes
Combo_ACGGCCAGTATAATGG-1,Monocytes
Combo_ACGGCCAGTGCCTGCA-1,Dendritic cells
Combo_ACGGCCAGTGCCTGTG-1,Monocytes
Combo_ACGGCCAGTTAGAACA-1,Dendritic cells
Combo_ACGGCCAGTTAGATGA-1,Dendritic cells
Combo_ACGGCCATCCAGATCA-1,Granulocytes
Combo_ACGGCCATCGTTTAGG-1,Dendritic cells
Combo_ACGGCCATCTTGAGAC-1,Monocytes
Combo_ACGGGCTAGCGAAGGG-1,Granulocytes
Combo_ACGGGCTAGGGAGTAA-1,Monocytes
Combo_ACGGGCTCAGGTCTCG-1,Macrophages
Combo_ACGGGCTGTAAACCTC-1,Monocytes
Combo_ACGGGCTGTCGCCATG-1,Dendritic cells
Combo_ACGGGCTTCAACCATG-1,Granulocytes
Combo_ACGGGCTTCCGCAAGC-1,Granulocytes
Combo_ACGGGTCAGAGTACAT-1,T cells
Combo_ACGGGTCAGTCTTGCA-1,Granulocytes
Combo_ACGGGTCAGTGACATA-1,Dendritic cells
Combo_ACGGGTCGTAAATGAC-1,Monocytes
Combo_ACGGGTCGTAAGTGGC-1,Dendritic cells
Combo_ACGGGTCGTCTCTTAT-1,Monocytes
Combo_ACGGGTCTCCTATGTT-1,Monocytes
Combo_ACGGGTCTCGAGAGCA-1,Monocytes
Combo_ACGGGTCTCGTACGGC-1,Monocytes
Combo_ACGGGTCTCGTTGCCT-1,Dendritic cells
Combo_ACGTCAAAGACACGAC-1,Granulocytes
Combo_ACGTCAAAGATGGGTC-1,Monocytes
Combo_ACGTCAAAGATGTGTA-1,Monocytes
Combo_ACGTCAAAGCCCAACC-1,Monocytes
Combo_ACGTCAAAGGCATGGT-1,Monocytes
Combo_ACGTCAAGTCCAACTA-1,Monocytes
Combo_ACGTCAAGTGCCTGTG-1,Monocytes
Combo_ACGTCAAGTTTGTGTG-1,Macrophages
Combo_ACGTCAATCAACTCTT-1,Granulocytes
Combo_ACGTCAATCCGCAAGC-1,Granulocytes
Combo_ACGTCAATCGCACTCT-1,Granulocytes
Combo_ACTATCTAGAGGTACC-1,Monocytes
Combo_ACTATCTAGATGAGAG-1,Dendritic cells
Combo_ACTATCTCAGTCTTCC-1,T cells
Combo_ACTATCTCATATGCTG-1,Dendritic cells
Combo_ACTATCTGTATTCGTG-1,Monocytes
Combo_ACTATCTGTGGTAACG-1,Dendritic cells
Combo_ACTATCTTCCACGTTC-1,Monocytes
Combo_ACTGAACAGACAAAGG-1,Monocytes
Combo_ACTGAACAGACGCAAC-1,Monocytes
Combo_ACTGAACAGAGGTAGA-1,Monocytes
Combo_ACTGAACAGCATCATC-1,Macrophages
Combo_ACTGAACAGGTGCTTT-1,Monocytes
Combo_ACTGAACCAATAGCGG-1,Monocytes
Combo_ACTGAACCAGCTGTAT-1,Granulocytes
Combo_ACTGAGTCACGCCAGT-1,Granulocytes
Combo_ACTGAGTCAGTATAAG-1,Granulocytes
Combo_ACTGAGTGTCAGGACA-1,Monocytes
Combo_ACTGAGTGTGAGGGTT-1,Dendritic cells
Combo_ACTGAGTGTTAAAGTG-1,Granulocytes
Combo_ACTGAGTTCCAAAGTC-1,Monocytes
Combo_ACTGATGAGTCCTCCT-1,T cells
Combo_ACTGATGCAACAACCT-1,Monocytes
Combo_ACTGATGCACGACTCG-1,Monocytes
Combo_ACTGATGGTCACTTCC-1,Granulocytes
Combo_ACTGATGTCGGAGCAA-1,Monocytes
Combo_ACTGATGTCGTAGATC-1,Monocytes
Combo_ACTGATGTCTCGCTTG-1,Monocytes
Combo_ACTGATGTCTTCAACT-1,Dendritic cells
Combo_ACTGCTCAGCACCGTC-1,Monocytes
Combo_ACTGCTCAGCCGTCGT-1,Monocytes
Combo_ACTGCTCAGGTCGGAT-1,Monocytes
Combo_ACTGCTCCAAGTCTAC-1,Monocytes
Combo_ACTGCTCCACGGTAGA-1,Granulocytes
Combo_ACTGCTCCACTATCTT-1,Monocytes
Combo_ACTGCTCCATACGCCG-1,Monocytes
Combo_ACTGCTCGTGCTCTTC-1,Monocytes
Combo_ACTGCTCTCAACACTG-1,Granulocytes
Combo_ACTGCTCTCTACCAGA-1,Monocytes
Combo_ACTGTCCAGAATCTCC-1,Monocytes
Combo_ACTGTCCAGCTGTTCA-1,Granulocytes
Combo_ACTGTCCCATGGTAGG-1,Monocytes
Combo_ACTGTCCGTATAGTAG-1,Monocytes
Combo_ACTGTCCGTCTAACGT-1,Monocytes
Combo_ACTGTCCTCGACCAGC-1,Monocytes
Combo_ACTGTCCTCGGGAGTA-1,Granulocytes
Combo_ACTTACTAGATAGGAG-1,Monocytes
Combo_ACTTACTAGCCACGTC-1,Monocytes
Combo_ACTTACTAGTAACCCT-1,Granulocytes
Combo_ACTTACTGTGACTCAT-1,Dendritic cells
Combo_ACTTACTGTGGAAAGA-1,Monocytes
Combo_ACTTACTTCTGTTTGT-1,Monocytes
Combo_ACTTGTTAGATGTGTA-1,Monocytes
Combo_ACTTGTTAGGAGTCTG-1,Monocytes
Combo_ACTTGTTAGTTTAGGA-1,Granulocytes
Combo_ACTTGTTCATAGAAAC-1,Monocytes
Combo_ACTTGTTCATGTTGAC-1,Granulocytes
Combo_ACTTGTTGTAAACCTC-1,Monocytes
Combo_ACTTGTTGTGATGCCC-1,Monocytes
Combo_ACTTGTTGTTAGTGGG-1,Monocytes
Combo_ACTTGTTTCGGTTCGG-1,Monocytes
Combo_ACTTTCAAGACGACGT-1,Monocytes
Combo_ACTTTCAAGTTAGGTA-1,Granulocytes
Combo_ACTTTCAGTACTTCTT-1,Granulocytes
Combo_AGAATAGCATAGACTC-1,Dendritic cells
Combo_AGAATAGGTAAACGCG-1,Monocytes
Combo_AGAATAGTCAGTTTGG-1,Monocytes
Combo_AGAATAGTCTACTCAT-1,Monocytes
Combo_AGACGTTAGACCTTTG-1,Dendritic cells
Combo_AGACGTTAGCCACGTC-1,Monocytes
Combo_AGACGTTAGCTGTTCA-1,Macrophages
Combo_AGACGTTCAAACGTGG-1,Granulocytes
Combo_AGACGTTCAAGAGTCG-1,Monocytes
Combo_AGACGTTCAGCCTGTG-1,Granulocytes
Combo_AGACGTTCAGTACACT-1,Dendritic cells
Combo_AGACGTTGTAGCGATG-1,Monocytes
Combo_AGACGTTGTATATCCG-1,Monocytes
Combo_AGACGTTGTCTCACCT-1,Dendritic cells
Combo_AGACGTTGTTGAACTC-1,Monocytes
Combo_AGACGTTGTTGCTCCT-1,Dendritic cells
Combo_AGAGCGAAGGAGCGTT-1,Monocytes
Combo_AGAGCGACACATTCGA-1,Monocytes
Combo_AGAGCGACACCGAAAG-1,Dendritic cells
Combo_AGAGCGACACGGTGTC-1,Monocytes
Combo_AGAGCGACAGCCACCA-1,T cells
Combo_AGAGCGACATACGCTA-1,Granulocytes
Combo_AGAGCGAGTAGAGTGC-1,Monocytes
Combo_AGAGCGAGTCCGAAGA-1,Monocytes
Combo_AGAGCGAGTTCGAATC-1,Monocytes
Combo_AGAGCGAGTTCTGGTA-1,Monocytes
Combo_AGAGCGATCAGCACAT-1,Monocytes
Combo_AGAGCGATCGGCTTGG-1,Monocytes
Combo_AGAGCTTAGATCCCGC-1,Monocytes
Combo_AGAGCTTCAGCTGGCT-1,Monocytes
Combo_AGAGCTTCATTGTGCA-1,Monocytes
Combo_AGAGCTTGTAGGCTGA-1,Monocytes
Combo_AGAGCTTGTCAACATC-1,T cells
Combo_AGAGCTTGTCATTAGC-1,Monocytes
Combo_AGAGCTTGTTAGATGA-1,Monocytes
Combo_AGAGCTTTCCAGTATG-1,T cells
Combo_AGAGTGGAGACTTTCG-1,Monocytes
Combo_AGAGTGGAGGCCGAAT-1,Monocytes
Combo_AGAGTGGAGTAGATGT-1,Monocytes
Combo_AGAGTGGCACTACAGT-1,Monocytes
Combo_AGAGTGGGTCTCTTAT-1,Monocytes
Combo_AGAGTGGGTGCGAAAC-1,Monocytes
Combo_AGAGTGGTCAACGAAA-1,Monocytes
Combo_AGAGTGGTCAGTCCCT-1,Granulocytes
Combo_AGAGTGGTCGATCCCT-1,Monocytes
Combo_AGATCTGAGAGGGATA-1,Monocytes
Combo_AGATCTGAGATGTGTA-1,Dendritic cells
Combo_AGATCTGAGCTACCGC-1,Monocytes
Combo_AGATCTGAGGGAAACA-1,Monocytes
Combo_AGATCTGAGTATCGAA-1,Monocytes
Combo_AGATCTGAGTATTGGA-1,Monocytes
Combo_AGATCTGCACCGAATT-1,Monocytes
Combo_AGATCTGGTCGAAAGC-1,Monocytes
Combo_AGATCTGGTTGAGTTC-1,Monocytes
Combo_AGATCTGTCAGCGACC-1,Dendritic cells
Combo_AGATCTGTCTCAAACG-1,Granulocytes
Combo_AGATTGCAGCTAGTCT-1,Dendritic cells
Combo_AGATTGCCAAGTCATC-1,Dendritic cells
Combo_AGATTGCCACGTCTCT-1,Granulocytes
Combo_AGATTGCCAGGAACGT-1,Granulocytes
Combo_AGATTGCCATCTACGA-1,Monocytes
Combo_AGATTGCTCACAACGT-1,Monocytes
Combo_AGCAGCCAGATGTAAC-1,Monocytes
Combo_AGCAGCCAGGGATCTG-1,Monocytes
Combo_AGCAGCCAGGGATGGG-1,Dendritic cells
Combo_AGCAGCCAGTGGACGT-1,Monocytes
Combo_AGCAGCCCAAGGACTG-1,Granulocytes
Combo_AGCAGCCCACCACCAG-1,Dendritic cells
Combo_AGCAGCCCAGTATGCT-1,Granulocytes
Combo_AGCAGCCGTAGAAGGA-1,Dendritic cells
Combo_AGCAGCCGTTGGTGGA-1,Monocytes
Combo_AGCAGCCTCTTCGGTC-1,Monocytes
Combo_AGCAGCCTCTTGGGTA-1,Dendritic cells
Combo_AGCATACAGCTAAACA-1,Monocytes
Combo_AGCATACCACCTTGTC-1,Granulocytes
Combo_AGCATACCATTCCTGC-1,Monocytes
Combo_AGCATACTCCAGTAGT-1,Monocytes
Combo_AGCATACTCCGTAGGC-1,Monocytes
Combo_AGCATACTCTTGCAAG-1,Monocytes
Combo_AGCCTAAAGATCTGAA-1,Dendritic cells
Combo_AGCCTAAAGCTAGCCC-1,Granulocytes
Combo_AGCCTAAAGTGCAAGC-1,Dendritic cells
Combo_AGCCTAAGTCATCCCT-1,Monocytes
Combo_AGCCTAAGTGCGATAG-1,Granulocytes
Combo_AGCCTAATCATCTGCC-1,Monocytes
Combo_AGCCTAATCCGAATGT-1,Granulocytes
Combo_AGCGGTCAGAAGAAGC-1,Monocytes
Combo_AGCGGTCAGCAGGTCA-1,Granulocytes
Combo_AGCGGTCAGCTATGCT-1,Monocytes
Combo_AGCGGTCAGTTCGCGC-1,Monocytes
Combo_AGCGGTCCAGGGCATA-1,Granulocytes
Combo_AGCGGTCCATTCTTAC-1,Monocytes
Combo_AGCGGTCGTCAGAATA-1,Monocytes
Combo_AGCGGTCGTCTCGTTC-1,Dendritic cells
Combo_AGCGGTCGTCTTCAAG-1,Monocytes
Combo_AGCGGTCGTGACGGTA-1,Monocytes
Combo_AGCGGTCGTTAAAGAC-1,Monocytes
Combo_AGCGGTCTCAAACCAC-1,Monocytes
Combo_AGCGGTCTCACCTCGT-1,Monocytes
Combo_AGCGGTCTCTTGTATC-1,Dendritic cells
Combo_AGCGTATAGAGGGATA-1,Dendritic cells
Combo_AGCGTATAGGAATGGA-1,Monocytes
Combo_AGCGTATCAAAGGTGC-1,Monocytes
Combo_AGCGTATCAGATCGGA-1,Monocytes
Combo_AGCGTATCAGTAAGCG-1,T cells
Combo_AGCGTATGTGCCTGTG-1,Monocytes
Combo_AGCGTATGTTCCCTTG-1,Monocytes
Combo_AGCGTATTCGTCTGCT-1,Monocytes
Combo_AGCGTATTCTGATACG-1,Dendritic cells
Combo_AGCGTCGAGGTGATAT-1,Monocytes
Combo_AGCGTCGCAGCCTTTC-1,Monocytes
Combo_AGCGTCGTCCAAATGC-1,Dendritic cells
Combo_AGCGTCGTCGAACGGA-1,Monocytes
Combo_AGCTCCTAGCCCAGCT-1,Dendritic cells
Combo_AGCTCCTCAATGAAAC-1,Monocytes
Combo_AGCTCCTCACGTCAGC-1,Monocytes
Combo_AGCTCCTGTGCAGACA-1,Dendritic cells
Combo_AGCTCCTGTGGAAAGA-1,Monocytes
Combo_AGCTCCTTCGCATGAT-1,Monocytes
Combo_AGCTCTCAGAGCTGGT-1,Granulocytes
Combo_AGCTCTCAGTGGTAAT-1,Monocytes
Combo_AGCTCTCCATAGGATA-1,Dendritic cells
Combo_AGCTCTCCATTAGCCA-1,Dendritic cells
Combo_AGCTCTCGTTCCTCCA-1,Granulocytes
Combo_AGCTCTCTCAGTACGT-1,Dendritic cells
Combo_AGCTCTCTCGGCGGTT-1,Monocytes
Combo_AGCTCTCTCTATCCTA-1,Monocytes
Combo_AGCTCTCTCTTCTGGC-1,Monocytes
Combo_AGCTTGAAGACGCACA-1,Granulocytes
Combo_AGCTTGACAAGTCTGT-1,Monocytes
Combo_AGCTTGACATCCAACA-1,Monocytes
Combo_AGCTTGAGTACCTACA-1,Monocytes
Combo_AGCTTGAGTGAGGCTA-1,Dendritic cells
Combo_AGCTTGATCCTTGGTC-1,Monocytes
Combo_AGCTTGATCTGCTTGC-1,Monocytes
Combo_AGGCCACCAAACCCAT-1,Monocytes
Combo_AGGCCACCAAGTCTGT-1,Monocytes
Combo_AGGCCACGTCCCGACA-1,Monocytes
Combo_AGGCCACGTCGGCATC-1,Monocytes
Combo_AGGCCACTCACGCATA-1,Dendritic cells
Combo_AGGCCACTCCGGGTGT-1,Monocytes
Combo_AGGCCACTCCTACAGA-1,Macrophages
Combo_AGGCCACTCTCCTATA-1,Monocytes
Combo_AGGCCACTCTTATCTG-1,Dendritic cells
Combo_AGGCCGTAGGAGTCTG-1,Dendritic cells
Combo_AGGCCGTCACAGCCCA-1,Granulocytes
Combo_AGGCCGTCACCGTTGG-1,Monocytes
Combo_AGGCCGTGTCATATGC-1,Granulocytes
Combo_AGGCCGTGTGATGTCT-1,Dendritic cells
Combo_AGGCCGTTCCAGAGGA-1,Dendritic cells
Combo_AGGCCGTTCGCTTAGA-1,Granulocytes
Combo_AGGGAGTAGCCACGCT-1,Monocytes
Combo_AGGGAGTAGGCATGGT-1,Monocytes
Combo_AGGGAGTAGGGATACC-1,Monocytes
Combo_AGGGAGTAGTGGTAGC-1,Granulocytes
Combo_AGGGAGTCAACTGCTA-1,Dendritic cells
Combo_AGGGAGTCATCCCACT-1,Monocytes
Combo_AGGGAGTCATCGGAAG-1,Monocytes
Combo_AGGGAGTGTATGAAAC-1,Granulocytes
Combo_AGGGAGTGTCACTTCC-1,Monocytes
Combo_AGGGAGTGTCTCGTTC-1,Dendritic cells
Combo_AGGGAGTGTTGATTGC-1,Dendritic cells
Combo_AGGGAGTGTTTGGGCC-1,Monocytes
Combo_AGGGAGTGTTTGTGTG-1,Dendritic cells
Combo_AGGGAGTTCATGTAGC-1,Monocytes
Combo_AGGGAGTTCGACAGCC-1,Monocytes
Combo_AGGGATGAGCAGCCTC-1,Monocytes
Combo_AGGGATGAGGGTATCG-1,Monocytes
Combo_AGGGATGAGTACGATA-1,Monocytes
Combo_AGGGATGAGTCGCCGT-1,Granulocytes
Combo_AGGGATGCAGGATTGG-1,Monocytes
Combo_AGGGATGCATAACCTG-1,Dendritic cells
Combo_AGGGATGCATACGCCG-1,Monocytes
Combo_AGGGATGCATCTCCCA-1,Granulocytes
Combo_AGGGATGGTAAGTGTA-1,Dendritic cells
Combo_AGGGATGGTACATCCA-1,Monocytes
Combo_AGGGATGGTACCGTAT-1,Macrophages
Combo_AGGGATGGTCATATGC-1,Monocytes
Combo_AGGGATGGTCTGATTG-1,T cells
Combo_AGGGATGTCAAACCAC-1,Granulocytes
Combo_AGGGTGAAGAAACCGC-1,Monocytes
Combo_AGGGTGAAGATATGCA-1,Dendritic cells
Combo_AGGGTGAAGCAGCGTA-1,Monocytes
Combo_AGGGTGAAGCTACCGC-1,Monocytes
Combo_AGGGTGAAGCTAGCCC-1,Monocytes
Combo_AGGGTGAAGCTAGTTC-1,Monocytes
Combo_AGGGTGAAGGCCCTCA-1,Dendritic cells
Combo_AGGGTGACAAGCCCAC-1,Monocytes
Combo_AGGGTGAGTAGGACAC-1,Monocytes
Combo_AGGGTGAGTGTCCTCT-1,Dendritic cells
Combo_AGGGTGAGTGTGGTTT-1,Monocytes
Combo_AGGGTGAGTTCGAATC-1,Monocytes
Combo_AGGGTGAGTTGAGTTC-1,Dendritic cells
Combo_AGGGTGATCTGGCGTG-1,Monocytes
Combo_AGGTCATAGACCCACC-1,Monocytes
Combo_AGGTCATAGAGGACGG-1,Granulocytes
Combo_AGGTCATAGGCAAAGA-1,Granulocytes
Combo_AGGTCATAGTCGTACT-1,Dendritic cells
Combo_AGGTCATCAGCGTCCA-1,Monocytes
Combo_AGGTCATCAGGTCGTC-1,Monocytes
Combo_AGGTCATGTCTCCCTA-1,Dendritic cells
Combo_AGGTCATGTTCAGGCC-1,Monocytes
Combo_AGGTCATTCAGCTCTC-1,Monocytes
Combo_AGGTCATTCTTGCAAG-1,Dendritic cells
Combo_AGGTCCGAGAACTCGG-1,Dendritic cells
Combo_AGGTCCGAGGTGACCA-1,Monocytes
Combo_AGGTCCGCACCCAGTG-1,Granulocytes
Combo_AGGTCCGCAGCTCGCA-1,Dendritic cells
Combo_AGGTCCGCAGGACGTA-1,Dendritic cells
Combo_AGGTCCGCAGTGACAG-1,Monocytes
Combo_AGGTCCGGTCCGTCAG-1,Monocytes
Combo_AGGTCCGGTGGCGAAT-1,Dendritic cells
Combo_AGGTCCGTCAGAGACG-1,Monocytes
Combo_AGGTCCGTCTTGTATC-1,Monocytes
Combo_AGTAGTCAGACACGAC-1,Monocytes
Combo_AGTAGTCAGATCCCGC-1,Monocytes
Combo_AGTAGTCCACGGTTTA-1,Monocytes
Combo_AGTAGTCCAGATTGCT-1,Granulocytes
Combo_AGTAGTCCAGCTTAAC-1,Monocytes
Combo_AGTAGTCCAGTCCTTC-1,Monocytes
Combo_AGTAGTCGTGGAAAGA-1,Monocytes
Combo_AGTAGTCGTTCGTTGA-1,Monocytes
Combo_AGTAGTCTCCTTTCGG-1,Granulocytes
Combo_AGTCTTTAGGCCCGTT-1,Granulocytes
Combo_AGTCTTTAGTACACCT-1,Granulocytes
Combo_AGTCTTTCACTACAGT-1,Granulocytes
Combo_AGTCTTTCAGCCTATA-1,Granulocytes
Combo_AGTCTTTGTACCTACA-1,Monocytes
Combo_AGTCTTTTCAAGGCTT-1,Monocytes
Combo_AGTCTTTTCGATAGAA-1,Dendritic cells
Combo_AGTGAGGCAGTATGCT-1,Monocytes
Combo_AGTGAGGCATTCCTCG-1,Granulocytes
Combo_AGTGAGGGTACCATCA-1,Granulocytes
Combo_AGTGAGGGTCAACATC-1,Granulocytes
Combo_AGTGAGGGTGTTGGGA-1,Dendritic cells
Combo_AGTGAGGGTTCGGGCT-1,Monocytes
Combo_AGTGAGGTCAACACCA-1,Dendritic cells
Combo_AGTGGGAAGGATGCGT-1,Monocytes
Combo_AGTGGGAAGGCAGTCA-1,Monocytes
Combo_AGTGGGAAGGTGATTA-1,Monocytes
Combo_AGTGGGAAGGTGTTAA-1,Monocytes
Combo_AGTGGGAAGTATTGGA-1,Monocytes
Combo_AGTGGGAGTAGCGATG-1,Granulocytes
Combo_AGTGGGAGTAGGGACT-1,Monocytes
Combo_AGTGGGAGTTACCGAT-1,Monocytes
Combo_AGTGGGATCAAACGGG-1,Granulocytes
Combo_AGTGGGATCAGTGTTG-1,Dendritic cells
Combo_AGTGGGATCCACTCCA-1,Monocytes
Combo_AGTGTCAAGACGACGT-1,Monocytes
Combo_AGTGTCAAGCTAAGAT-1,Granulocytes
Combo_AGTGTCAAGTACTTGC-1,Monocytes
Combo_AGTGTCAAGTGGTAGC-1,Monocytes
Combo_AGTGTCACAAGCTGAG-1,T cells
Combo_AGTGTCAGTAGAAGGA-1,Dendritic cells
Combo_AGTGTCATCTTTAGTC-1,Monocytes
Combo_AGTTGGTAGGCAGTCA-1,Monocytes
Combo_AGTTGGTAGGCCATAG-1,Monocytes
Combo_AGTTGGTCAGTCACTA-1,Monocytes
Combo_AGTTGGTCATCGGACC-1,Granulocytes
Combo_AGTTGGTCATGGTTGT-1,Monocytes
Combo_AGTTGGTGTAAAGGAG-1,Monocytes
Combo_AGTTGGTGTCAATACC-1,Monocytes
Combo_AGTTGGTGTGAGGGTT-1,Monocytes
Combo_AGTTGGTTCAACGGGA-1,Granulocytes
Combo_AGTTGGTTCGCATGAT-1,Dendritic cells
Combo_ATAACGCAGAGCTATA-1,Dendritic cells
Combo_ATAACGCAGCACCGTC-1,Granulocytes
Combo_ATAACGCCAATGGAGC-1,Monocytes
Combo_ATAACGCCACTTAAGC-1,Monocytes
Combo_ATAACGCGTACCGCTG-1,Dendritic cells
Combo_ATAACGCGTCACCTAA-1,Granulocytes
Combo_ATAACGCGTCGAATCT-1,Dendritic cells
Combo_ATAACGCGTCGGCACT-1,Monocytes
Combo_ATAACGCTCAGCGATT-1,Monocytes
Combo_ATAAGAGAGAGCTATA-1,Dendritic cells
Combo_ATAAGAGAGCGCCTCA-1,Monocytes
Combo_ATAAGAGAGCTCCTCT-1,Fibroblasts
Combo_ATAAGAGAGGAATTAC-1,T cells
Combo_ATAAGAGCATCCGGGT-1,Dendritic cells
Combo_ATAAGAGGTAATAGCA-1,Dendritic cells
Combo_ATAAGAGGTCATACTG-1,Monocytes
Combo_ATAAGAGGTCCATCCT-1,Monocytes
Combo_ATAAGAGGTGCTTCTC-1,Dendritic cells
Combo_ATAAGAGGTTCGGCAC-1,Monocytes
Combo_ATAAGAGGTTGTCGCG-1,Monocytes
Combo_ATAGACCAGAGACGAA-1,Dendritic cells
Combo_ATAGACCAGCCGATTT-1,Monocytes
Combo_ATAGACCCAGACGTAG-1,Granulocytes
Combo_ATAGACCGTCTAGTGT-1,Dendritic cells
Combo_ATAGACCGTGCGGTAA-1,Monocytes
Combo_ATAGACCGTGGGTATG-1,Dendritic cells
Combo_ATAGACCTCACAATGC-1,Monocytes
Combo_ATAGACCTCCAAAGTC-1,Granulocytes
Combo_ATCACGAAGCCTATGT-1,Monocytes
Combo_ATCACGAAGCCTTGAT-1,Granulocytes
Combo_ATCACGAAGTCATCCA-1,Monocytes
Combo_ATCACGAAGTCCATAC-1,Dendritic cells
Combo_ATCACGACAACACCCG-1,Monocytes
Combo_ATCACGACACATGACT-1,Monocytes
Combo_ATCACGAGTAGCACGA-1,Granulocytes
Combo_ATCACGAGTCCAGTTA-1,Monocytes
Combo_ATCACGATCCCAACGG-1,Granulocytes
Combo_ATCACGATCCGTTGCT-1,Monocytes
Combo_ATCATCTAGCCTTGAT-1,Granulocytes
Combo_ATCATCTAGCTCCTCT-1,Monocytes
Combo_ATCATCTCAGCTATTG-1,Monocytes
Combo_ATCATCTGTATTACCG-1,Dendritic cells
Combo_ATCATCTGTCTTCTCG-1,Monocytes
Combo_ATCATCTGTGATGTCT-1,Monocytes
Combo_ATCATCTTCAGAAATG-1,Dendritic cells
Combo_ATCATCTTCAGTACGT-1,Dendritic cells
Combo_ATCATGGAGATGCCTT-1,Monocytes
Combo_ATCATGGAGGGTCGAT-1,Granulocytes
Combo_ATCATGGCACAGCGTC-1,Dendritic cells
Combo_ATCATGGCACGTTGGC-1,Monocytes
Combo_ATCATGGGTAGCTCCG-1,Monocytes
Combo_ATCATGGGTCAGCTAT-1,Monocytes
Combo_ATCATGGTCACCCGAG-1,Monocytes
Combo_ATCATGGTCAGGATCT-1,Monocytes
Combo_ATCCACCAGTCCCACG-1,Monocytes
Combo_ATCCACCCAATGACCT-1,Granulocytes
Combo_ATCCACCCATTACGAC-1,Monocytes
Combo_ATCCACCGTAATCGTC-1,Dendritic cells
Combo_ATCCACCGTCAGCTAT-1,Dendritic cells
Combo_ATCCACCGTTGTGGAG-1,Granulocytes
Combo_ATCCACCTCCATGAAC-1,Granulocytes
Combo_ATCCGAAAGAAGCCCA-1,Monocytes
Combo_ATCCGAAAGGGATCTG-1,Granulocytes
Combo_ATCCGAAGTCATATCG-1,Monocytes
Combo_ATCCGAAGTGTGGTTT-1,Monocytes
Combo_ATCCGAAGTTATCACG-1,Dendritic cells
Combo_ATCCGAATCAGCAACT-1,Monocytes
Combo_ATCCGAATCGGACAAG-1,Erythrocytes
Combo_ATCCGAATCTGGGCCA-1,Dendritic cells
Combo_ATCGAGTAGCTAGCCC-1,Monocytes
Combo_ATCGAGTAGGCAGTCA-1,Granulocytes
Combo_ATCGAGTAGGGTCTCC-1,Dendritic cells
Combo_ATCGAGTCAGTCAGCC-1,Dendritic cells
Combo_ATCGAGTCATGGTCTA-1,Monocytes
Combo_ATCGAGTGTAGCGCTC-1,Monocytes
Combo_ATCGAGTGTGTGTGCC-1,Monocytes
Combo_ATCGAGTGTTCAGTAC-1,Monocytes
Combo_ATCGAGTGTTTGTTTC-1,Monocytes
Combo_ATCGAGTTCAAACCAC-1,Monocytes
Combo_ATCGAGTTCCCGACTT-1,Granulocytes
Combo_ATCGAGTTCCTCAATT-1,Dendritic cells
Combo_ATCGAGTTCGCACTCT-1,Dendritic cells
Combo_ATCGAGTTCGTATCAG-1,Granulocytes
Combo_ATCTACTAGCTGGAAC-1,Monocytes
Combo_ATCTACTAGGGTTTCT-1,Dendritic cells
Combo_ATCTACTCAAGAAGAG-1,Monocytes
Combo_ATCTACTCACTAGTAC-1,Monocytes
Combo_ATCTACTCATGCAATC-1,Monocytes
Combo_ATCTACTCATGCCTAA-1,Granulocytes
Combo_ATCTACTCATGGATGG-1,Monocytes
Combo_ATCTACTGTAACGCGA-1,Granulocytes
Combo_ATCTACTGTCATACTG-1,Monocytes
Combo_ATCTGCCAGACACGAC-1,Granulocytes
Combo_ATCTGCCAGATAGGAG-1,Dendritic cells
Combo_ATCTGCCAGCCACGCT-1,Monocytes
Combo_ATCTGCCAGTCCATAC-1,Monocytes
Combo_ATCTGCCCACAGCCCA-1,Dendritic cells
Combo_ATCTGCCCAGCTATTG-1,T cells
Combo_ATCTGCCGTCGCATAT-1,Macrophages
Combo_ATCTGCCGTCTCCCTA-1,Monocytes
Combo_ATCTGCCTCCTATTCA-1,Monocytes
Combo_ATCTGCCTCGTCGTTC-1,Monocytes
Combo_ATGAGGGAGAAACCAT-1,Monocytes
Combo_ATGAGGGAGAAGGGTA-1,Monocytes
Combo_ATGAGGGAGCACCGTC-1,Monocytes
Combo_ATGAGGGAGCTCCTCT-1,Monocytes
Combo_ATGAGGGAGGACAGAA-1,Monocytes
Combo_ATGAGGGAGGGCATGT-1,T cells
Combo_ATGAGGGCAGATTGCT-1,Dendritic cells
Combo_ATGAGGGGTCCGAAGA-1,Dendritic cells
Combo_ATGAGGGGTCCGAATT-1,Dendritic cells
Combo_ATGAGGGGTGATAAGT-1,Monocytes
Combo_ATGAGGGGTTGATTCG-1,Dendritic cells
Combo_ATGAGGGTCAGCAACT-1,Monocytes
Combo_ATGAGGGTCAGGCCCA-1,Granulocytes
Combo_ATGAGGGTCTTGAGGT-1,Monocytes
Combo_ATGCGATAGTGGGTTG-1,T cells
Combo_ATGCGATCACGAGGTA-1,Dendritic cells
Combo_ATGCGATCATGCATGT-1,Monocytes
Combo_ATGCGATGTAAGGATT-1,Dendritic cells
Combo_ATGCGATGTCCAAGTT-1,Monocytes
Combo_ATGCGATGTCGTGGCT-1,Monocytes
Combo_ATGCGATGTCTTTCAT-1,Monocytes
Combo_ATGCGATGTTCAGGCC-1,Monocytes
Combo_ATGCGATTCCGAACGC-1,Monocytes
Combo_ATGGGAGAGAGAACAG-1,Monocytes
Combo_ATGGGAGAGGCCCTCA-1,Monocytes
Combo_ATGGGAGCAAGTTAAG-1,Granulocytes
Combo_ATGGGAGCAATGCCAT-1,Granulocytes
Combo_ATGGGAGGTCGCGTGT-1,Monocytes
Combo_ATGGGAGGTCTCAACA-1,Dendritic cells
Combo_ATGGGAGTCTGCAGTA-1,Dendritic cells
Combo_ATGGGAGTCTGCTGTC-1,Monocytes
Combo_ATGGGAGTCTGCTTGC-1,Monocytes
Combo_ATGTGTGAGGCGACAT-1,Granulocytes
Combo_ATGTGTGAGTCATCCA-1,Monocytes
Combo_ATGTGTGCACGAGGTA-1,Dendritic cells
Combo_ATGTGTGGTGTGCGTC-1,Monocytes
Combo_ATGTGTGGTTGTGGAG-1,Monocytes
Combo_ATGTGTGTCGACCAGC-1,Monocytes
Combo_ATGTGTGTCTCGAGTA-1,Granulocytes
Combo_ATTACTCAGTCCGGTC-1,Monocytes
Combo_ATTACTCCAAGTAATG-1,Monocytes
Combo_ATTACTCCATGACGGA-1,Granulocytes
Combo_ATTACTCGTCATACTG-1,Monocytes
Combo_ATTACTCGTGAAAGAG-1,Monocytes
Combo_ATTACTCTCACTGGGC-1,Monocytes
Combo_ATTACTCTCCAAAGTC-1,Monocytes
Combo_ATTACTCTCTAACTCT-1,Dendritic cells
Combo_ATTACTCTCTGCAAGT-1,Monocytes
Combo_ATTATCCAGGGTATCG-1,T cells
Combo_ATTATCCCACCGATAT-1,Dendritic cells
Combo_ATTATCCCACCTTGTC-1,Monocytes
Combo_ATTATCCGTAGAGTGC-1,Monocytes
Combo_ATTATCCGTATTCGTG-1,Monocytes
Combo_ATTATCCGTTGACGTT-1,Monocytes
Combo_ATTATCCTCACCAGGC-1,Monocytes
Combo_ATTATCCTCACCCTCA-1,Monocytes
Combo_ATTATCCTCCTTTACA-1,Granulocytes
Combo_ATTCTACAGATCTGAA-1,Granulocytes
Combo_ATTCTACAGGACATTA-1,Monocytes
Combo_ATTCTACAGGCCGAAT-1,Monocytes
Combo_ATTCTACAGGTAGCCA-1,Granulocytes
Combo_ATTCTACCAACGATGG-1,Monocytes
Combo_ATTCTACGTACTCAAC-1,Monocytes
Combo_ATTCTACGTCCGAGTC-1,T cells
Combo_ATTCTACGTCGGCTCA-1,Monocytes
Combo_ATTCTACGTTACAGAA-1,Dendritic cells
Combo_ATTGGACAGGACCACA-1,T cells
Combo_ATTGGACCACAGGAGT-1,Monocytes
Combo_ATTGGACCACCTCGGA-1,Granulocytes
Combo_ATTGGACCAGATCGGA-1,Monocytes
Combo_ATTGGACGTGATAAAC-1,Monocytes
Combo_ATTGGACGTTATCACG-1,Monocytes
Combo_ATTGGACTCAACGGGA-1,Monocytes
Combo_ATTGGACTCGGTTAAC-1,T cells
Combo_ATTGGACTCTGTCAAG-1,Monocytes
Combo_ATTGGTGAGAACAATC-1,Dendritic cells
Combo_ATTGGTGAGAATAGGG-1,Granulocytes
Combo_ATTGGTGAGCCAGGAT-1,Monocytes
Combo_ATTGGTGAGCGCTTAT-1,Monocytes
Combo_ATTGGTGAGGCTACGA-1,Macrophages
Combo_ATTGGTGAGGGAAACA-1,Monocytes
Combo_ATTGGTGAGTGCTGCC-1,Monocytes
Combo_ATTGGTGCAATGACCT-1,Granulocytes
Combo_ATTGGTGCACATTTCT-1,Monocytes
Combo_ATTGGTGCATGGTTGT-1,Monocytes
Combo_ATTGGTGTCACCTCGT-1,Monocytes
Combo_ATTGGTGTCCGTACAA-1,Monocytes
Combo_ATTGGTGTCCTGCTTG-1,Monocytes
Combo_ATTTCTGAGAAACCTA-1,Monocytes
Combo_ATTTCTGAGAAAGTGG-1,Monocytes
Combo_ATTTCTGAGATCACGG-1,Monocytes
Combo_ATTTCTGGTTAAGACA-1,Monocytes
Combo_ATTTCTGTCTGCTTGC-1,Monocytes
Combo_CAACCAACAATCTGCA-1,Granulocytes
Combo_CAACCAACAGCTGTAT-1,Monocytes
Combo_CAACCAAGTAATAGCA-1,Dendritic cells
Combo_CAACCAAGTCGGCACT-1,Monocytes
Combo_CAACCAAGTGTCCTCT-1,Monocytes
Combo_CAACCAATCCGAATGT-1,Dendritic cells
Combo_CAACCTCAGCTAGTCT-1,Dendritic cells
Combo_CAACCTCAGGGAGTAA-1,Monocytes
Combo_CAACCTCAGGTGACCA-1,Monocytes
Combo_CAACCTCAGTAGTGCG-1,Monocytes
Combo_CAACCTCCACATTTCT-1,Monocytes
Combo_CAACCTCGTCCCTACT-1,Granulocytes
Combo_CAACCTCGTCTAACGT-1,Granulocytes
Combo_CAACCTCTCAATAAGG-1,Monocytes
Combo_CAACTAGAGGCCCGTT-1,Granulocytes
Combo_CAACTAGAGGTGCAAC-1,Monocytes
Combo_CAACTAGCAAAGTCAA-1,Dendritic cells
Combo_CAACTAGCACAGGTTT-1,Monocytes
Combo_CAACTAGCAGATGGGT-1,Monocytes
Combo_CAACTAGCATATGCTG-1,Dendritic cells
Combo_CAACTAGCATCACCCT-1,Monocytes
Combo_CAACTAGGTACGACCC-1,Monocytes
Combo_CAACTAGGTTGTCGCG-1,Dendritic cells
Combo_CAACTAGGTTTACTCT-1,Monocytes
Combo_CAAGAAAAGAGCAATT-1,Monocytes
Combo_CAAGAAAAGCAAATCA-1,Dendritic cells
Combo_CAAGAAAAGGAGTTTA-1,Monocytes
Combo_CAAGAAAAGGTGCTTT-1,Monocytes
Combo_CAAGAAACAAGTCATC-1,Monocytes
Combo_CAAGAAACACAACGCC-1,Monocytes
Combo_CAAGAAAGTGAGTATA-1,Monocytes
Combo_CAAGAAAGTGCAGACA-1,Dendritic cells
Combo_CAAGAAAGTGTTTGTG-1,Monocytes
Combo_CAAGAAAGTTTGTGTG-1,Dendritic cells
Combo_CAAGAAATCCGTTGCT-1,Monocytes
Combo_CAAGAAATCTCGCATC-1,Monocytes
Combo_CAAGATCAGGCCGAAT-1,Granulocytes
Combo_CAAGATCCAAAGAATC-1,Granulocytes
Combo_CAAGATCCACATTAGC-1,Monocytes
Combo_CAAGATCCACTAAGTC-1,Monocytes
Combo_CAAGATCCAGCTCGAC-1,Monocytes
Combo_CAAGATCCATTATCTC-1,Monocytes
Combo_CAAGATCGTATGGTTC-1,Granulocytes
Combo_CAAGATCGTCACACGC-1,Dendritic cells
Combo_CAAGATCGTCTTTCAT-1,Monocytes
Combo_CAAGATCGTTGAGGTG-1,Dendritic cells
Combo_CAAGATCTCTTAGCCC-1,Monocytes
Combo_CAAGGCCAGAAGGTGA-1,Monocytes
Combo_CAAGGCCAGCCCTAAT-1,Monocytes
Combo_CAAGGCCAGTTGTAGA-1,Monocytes
Combo_CAAGGCCCAATGGAAT-1,Granulocytes
Combo_CAAGGCCGTACCGTAT-1,Monocytes
Combo_CAAGGCCGTCTAGGTT-1,Monocytes
Combo_CAAGGCCGTGAAATCA-1,Monocytes
Combo_CAAGGCCTCCCTTGCA-1,Monocytes
Combo_CAAGGCCTCGCAAACT-1,Dendritic cells
Combo_CAAGGCCTCTTGGGTA-1,Monocytes
Combo_CAAGTTGAGAGTACCG-1,Dendritic cells
Combo_CAAGTTGAGCAGGCTA-1,Granulocytes
Combo_CAAGTTGAGGAGTCTG-1,Dendritic cells
Combo_CAAGTTGGTACTCAAC-1,Monocytes
Combo_CAAGTTGGTCAGTGGA-1,Monocytes
Combo_CAAGTTGGTCATCCCT-1,Monocytes
Combo_CAAGTTGTCGGCTTGG-1,Monocytes
Combo_CAAGTTGTCTAGCACA-1,Monocytes
Combo_CACAAACAGAGTTGGC-1,Monocytes
Combo_CACAAACAGCCCAATT-1,Monocytes
Combo_CACAAACAGGAACTGC-1,Monocytes
Combo_CACAAACCAATAAGCA-1,Granulocytes
Combo_CACAAACCATCACGAT-1,Monocytes
Combo_CACAAACGTACCGAGA-1,Monocytes
Combo_CACAAACGTACTCTCC-1,Monocytes
Combo_CACAAACGTGAGGCTA-1,Monocytes
Combo_CACAAACTCATGTAGC-1,Monocytes
Combo_CACAAACTCCAACCAA-1,Monocytes
Combo_CACACAAAGAAGGTTT-1,Monocytes
Combo_CACACAAAGAGCTATA-1,Granulocytes
Combo_CACACAAAGGTGATTA-1,Monocytes
Combo_CACACAAAGGTGCTTT-1,Dendritic cells
Combo_CACACAACACGAAATA-1,Monocytes
Combo_CACACAACATTACGAC-1,Monocytes
Combo_CACACAAGTCAGAATA-1,Monocytes
Combo_CACACAATCAGCTCTC-1,Granulocytes
Combo_CACACCTAGGGAGTAA-1,Monocytes
Combo_CACACCTCAGCGTAAG-1,Granulocytes
Combo_CACACCTGTTAAGACA-1,Monocytes
Combo_CACACCTTCACGACTA-1,Macrophages
Combo_CACACTCAGTCAATAG-1,Dendritic cells
Combo_CACACTCCAAAGCGGT-1,Dendritic cells
Combo_CACACTCCAGGGCATA-1,Dendritic cells
Combo_CACACTCCATCACGAT-1,Dendritic cells
Combo_CACACTCCATTCTCAT-1,Dendritic cells
Combo_CACACTCGTGTCTGAT-1,Monocytes
Combo_CACACTCTCGGTGTTA-1,Monocytes
Combo_CACACTCTCGTTGACA-1,Monocytes
Combo_CACAGGCAGAGCTATA-1,Granulocytes
Combo_CACAGGCAGATCCTGT-1,Monocytes
Combo_CACAGGCCAAAGGAAG-1,Monocytes
Combo_CACAGGCCAAGCCATT-1,Monocytes
Combo_CACAGGCCAAGGCTCC-1,Monocytes
Combo_CACAGGCCACCTGGTG-1,Granulocytes
Combo_CACAGGCCAGCTGTGC-1,Dendritic cells
Combo_CACAGGCCAGGGAGAG-1,Monocytes
Combo_CACAGGCGTGCATCTA-1,Monocytes
Combo_CACAGGCGTTGGGACA-1,Dendritic cells
Combo_CACAGTAAGAACAATC-1,Monocytes
Combo_CACAGTAAGAGACTAT-1,Monocytes
Combo_CACAGTAAGGTTCCTA-1,Dendritic cells
Combo_CACAGTAAGTCGAGTG-1,Monocytes
Combo_CACAGTACAAACTGTC-1,Monocytes
Combo_CACAGTACAGCCAGAA-1,Monocytes
Combo_CACAGTACAGGATCGA-1,Monocytes
Combo_CACAGTAGTAGCCTCG-1,Monocytes
Combo_CACAGTAGTAGCTGCC-1,Monocytes
Combo_CACAGTATCACCGTAA-1,Monocytes
Combo_CACAGTATCCCTAACC-1,T cells
Combo_CACAGTATCGTGGGAA-1,Monocytes
Combo_CACAGTATCTAGAGTC-1,Monocytes
Combo_CACAGTATCTGCTGCT-1,Dendritic cells
Combo_CACATAGAGGTGCTTT-1,Monocytes
Combo_CACATAGTCAAACCGT-1,Monocytes
Combo_CACATAGTCAAAGACA-1,Granulocytes
Combo_CACATAGTCACGGTTA-1,Monocytes
Combo_CACATTTAGAGGGCTT-1,Dendritic cells
Combo_CACATTTAGCGTAGTG-1,Dendritic cells
Combo_CACATTTAGTGTACGG-1,Dendritic cells
Combo_CACATTTCACGAAAGC-1,Monocytes
Combo_CACATTTCACGACGAA-1,Monocytes
Combo_CACATTTCATCTATGG-1,Monocytes
Combo_CACATTTGTCTTTCAT-1,Dendritic cells
Combo_CACATTTGTTACGGAG-1,Monocytes
Combo_CACATTTGTTCATGGT-1,Monocytes
Combo_CACATTTTCGATCCCT-1,Granulocytes
Combo_CACATTTTCTACCTGC-1,Monocytes
Combo_CACATTTTCTGCGTAA-1,Dendritic cells
Combo_CACATTTTCTGGTTCC-1,Monocytes
Combo_CACCACTAGACAAAGG-1,Dendritic cells
Combo_CACCACTAGATGTCGG-1,Dendritic cells
Combo_CACCACTAGGAGCGTT-1,Dendritic cells
Combo_CACCACTCAGGACGTA-1,Monocytes
Combo_CACCACTGTATTCTCT-1,Dendritic cells
Combo_CACCACTGTGACTCAT-1,Monocytes
Combo_CACCACTGTGTTGGGA-1,Monocytes
Combo_CACCACTTCAACACTG-1,Granulocytes
Combo_CACCACTTCCCTAACC-1,Monocytes
Combo_CACCAGGAGACGACGT-1,Granulocytes
Combo_CACCAGGAGATGTAAC-1,Monocytes
Combo_CACCAGGAGCCAGTTT-1,Monocytes
Combo_CACCAGGAGCTATGCT-1,Monocytes
Combo_CACCAGGTCGCCAGCA-1,Monocytes
Combo_CACCTTGAGCAATCTC-1,Monocytes
Combo_CACCTTGAGCGATCCC-1,Monocytes
Combo_CACCTTGAGGTGCTTT-1,Dendritic cells
Combo_CACCTTGCAATAGAGT-1,Granulocytes
Combo_CACCTTGCAGCCACCA-1,Dendritic cells
Combo_CACTCCAAGAAACGCC-1,Monocytes
Combo_CACTCCAAGAAGGACA-1,Monocytes
Combo_CACTCCACAAAGGCGT-1,Monocytes
Combo_CACTCCACAGACGCCT-1,Monocytes
Combo_CACTCCAGTGCAGTAG-1,Monocytes
Combo_CACTCCAGTTTGGGCC-1,Monocytes
Combo_CACTCCATCATTGCGA-1,Monocytes
Combo_CAGAATCAGAGTCTGG-1,Granulocytes
Combo_CAGAATCCAAAGGCGT-1,Granulocytes
Combo_CAGAATCCACCAGCAC-1,Monocytes
Combo_CAGAATCCATAGACTC-1,Granulocytes
Combo_CAGAATCGTCATGCCG-1,Monocytes
Combo_CAGAATCGTGTCCTCT-1,Monocytes
Combo_CAGAATCGTGTTGGGA-1,Dendritic cells
Combo_CAGAATCGTTGTCGCG-1,Dendritic cells
Combo_CAGAATCTCACAGTAC-1,Dendritic cells
Combo_CAGAATCTCAGCATGT-1,Monocytes
Combo_CAGAATCTCTAGAGTC-1,Monocytes
Combo_CAGAGAGAGAGATGAG-1,Monocytes
Combo_CAGAGAGCAGATAATG-1,Dendritic cells
Combo_CAGAGAGCAGCATGAG-1,Granulocytes
Combo_CAGAGAGCATTCCTCG-1,Dendritic cells
Combo_CAGAGAGGTACAAGTA-1,Dendritic cells
Combo_CAGAGAGGTATCACCA-1,Dendritic cells
Combo_CAGAGAGGTCTCGTTC-1,Monocytes
Combo_CAGAGAGGTTGTGGCC-1,Dendritic cells
Combo_CAGATCAAGCTCCCAG-1,Monocytes
Combo_CAGATCAAGCTCTCGG-1,Monocytes
Combo_CAGATCACACGTCTCT-1,Dendritic cells
Combo_CAGATCACATGAGCGA-1,Monocytes
Combo_CAGATCACATGGAATA-1,Dendritic cells
Combo_CAGATCAGTATAAACG-1,Granulocytes
Combo_CAGATCAGTCTAAACC-1,Dendritic cells
Combo_CAGATCATCGCTTGTC-1,Dendritic cells
Combo_CAGCAGCAGATAGCAT-1,Monocytes
Combo_CAGCAGCAGATGCGAC-1,T cells
Combo_CAGCAGCAGCTTTGGT-1,Monocytes
Combo_CAGCAGCAGTTGAGTA-1,Macrophages
Combo_CAGCAGCGTCTCCCTA-1,Monocytes
Combo_CAGCAGCGTGGCGAAT-1,Dendritic cells
Combo_CAGCAGCGTTCAGTAC-1,Monocytes
Combo_CAGCAGCTCCAGATCA-1,Monocytes
Combo_CAGCATAAGACCTAGG-1,Monocytes
Combo_CAGCATAAGGTCGGAT-1,Monocytes
Combo_CAGCATAAGTGCCAGA-1,Monocytes
Combo_CAGCATACAAACCTAC-1,Monocytes
Combo_CAGCATACACATCCGG-1,Dendritic cells
Combo_CAGCATACAGATGGGT-1,Monocytes
Combo_CAGCATACATAAGACA-1,Dendritic cells
Combo_CAGCATACATCCGGGT-1,Dendritic cells
Combo_CAGCATAGTACTCAAC-1,Macrophages
Combo_CAGCATAGTCGACTAT-1,Dendritic cells
Combo_CAGCATAGTTATGTGC-1,Granulocytes
Combo_CAGCATAGTTCTGTTT-1,Granulocytes
Combo_CAGCATATCGTTGACA-1,Monocytes
Combo_CAGCCGAAGAAGAAGC-1,Monocytes
Combo_CAGCCGAAGTTACCCA-1,Dendritic cells
Combo_CAGCCGACACGTCAGC-1,Granulocytes
Combo_CAGCCGACATCCGTGG-1,Monocytes
Combo_CAGCCGACATGCTAGT-1,Monocytes
Combo_CAGCCGACATTGGTAC-1,Monocytes
Combo_CAGCCGAGTCAAAGAT-1,Monocytes
Combo_CAGCCGAGTTAGAACA-1,Granulocytes
Combo_CAGCCGAGTTATGTGC-1,Monocytes
Combo_CAGCCGAGTTGCTCCT-1,Monocytes
Combo_CAGCCGATCAGTCAGT-1,Granulocytes
Combo_CAGCCGATCGAATGGG-1,Granulocytes
Combo_CAGCCGATCGCGTAGC-1,Monocytes
Combo_CAGCCGATCTACCTGC-1,Monocytes
Combo_CAGCGACAGACGCAAC-1,Monocytes
Combo_CAGCGACAGAGTTGGC-1,Granulocytes
Combo_CAGCGACAGCTCTCGG-1,Monocytes
Combo_CAGCGACAGGATATAC-1,Monocytes
Combo_CAGCGACGTCATCGGC-1,Dendritic cells
Combo_CAGCGACTCAGTTAGC-1,Monocytes
Combo_CAGCTAAAGCTTCGCG-1,Monocytes
Combo_CAGCTAAAGGGCTTCC-1,Dendritic cells
Combo_CAGCTAAAGTATCGAA-1,Granulocytes
Combo_CAGCTAACACTAGTAC-1,Monocytes
Combo_CAGCTAACAGACAGGT-1,Monocytes
Combo_CAGCTAAGTCTCACCT-1,Dendritic cells
Combo_CAGCTAAGTGCAGACA-1,Monocytes
Combo_CAGCTAAGTTATCCGA-1,Dendritic cells
Combo_CAGCTAATCCTTGCCA-1,Monocytes
Combo_CAGCTGGAGCGTGAAC-1,Monocytes
Combo_CAGCTGGCAGATGGCA-1,Monocytes
Combo_CAGCTGGGTATAGGGC-1,Monocytes
Combo_CAGCTGGTCAAACCAC-1,Dendritic cells
Combo_CAGGTGCAGAACAATC-1,Macrophages
Combo_CAGGTGCAGGAGCGTT-1,Monocytes
Combo_CAGGTGCAGTATTGGA-1,Monocytes
Combo_CAGGTGCAGTTGAGAT-1,Granulocytes
Combo_CAGGTGCCAAGAGTCG-1,Dendritic cells
Combo_CAGGTGCCAGAGTGTG-1,Monocytes
Combo_CAGGTGCCAGATGGCA-1,Monocytes
Combo_CAGGTGCGTCAGATAA-1,Monocytes
Combo_CAGGTGCTCAGCAACT-1,Monocytes
Combo_CAGGTGCTCCAAACTG-1,Dendritic cells
Combo_CAGGTGCTCCACGCAG-1,Monocytes
Combo_CAGGTGCTCGCTTAGA-1,Monocytes
Combo_CAGTAACAGCGCCTCA-1,Granulocytes
Combo_CAGTAACAGCTTTGGT-1,Monocytes
Combo_CAGTAACCACGTCTCT-1,Monocytes
Combo_CAGTAACGTTACCGAT-1,Dendritic cells
Combo_CAGTAACGTTCCACAA-1,Monocytes
Combo_CAGTAACTCGAATCCA-1,Monocytes
Combo_CAGTAACTCGCATGGC-1,Monocytes
Combo_CAGTAACTCGCCGTGA-1,Monocytes
Combo_CAGTCCTAGGCTCTTA-1,Dendritic cells
Combo_CAGTCCTAGGGTATCG-1,Dendritic cells
Combo_CAGTCCTAGTAAGTAC-1,Monocytes
Combo_CAGTCCTCAGATGGCA-1,Monocytes
Combo_CAGTCCTCAGCCTTGG-1,Granulocytes
Combo_CAGTCCTTCTTTAGTC-1,Dendritic cells
Combo_CATATGGAGGCCATAG-1,Dendritic cells
Combo_CATATGGCACGTAAGG-1,Monocytes
Combo_CATATGGGTCAATGTC-1,Monocytes
Combo_CATATGGTCATTATCC-1,Monocytes
Combo_CATATGGTCTACTATC-1,Dendritic cells
Combo_CATATGGTCTCACATT-1,Granulocytes
Combo_CATATGGTCTGTCAAG-1,T cells
Combo_CATATTCAGATGTAAC-1,Dendritic cells
Combo_CATATTCAGCGATAGC-1,Granulocytes
Combo_CATATTCCAGATTGCT-1,Monocytes
Combo_CATATTCCATTTGCTT-1,Monocytes
Combo_CATATTCGTACATCCA-1,Monocytes
Combo_CATATTCGTACCGGCT-1,Dendritic cells
Combo_CATATTCGTGGCAAAC-1,Monocytes
Combo_CATATTCTCAAGCCTA-1,Dendritic cells
Combo_CATCAAGAGACTTGAA-1,Dendritic cells
Combo_CATCAAGAGATATACG-1,Monocytes
Combo_CATCAAGCACACATGT-1,Dendritic cells
Combo_CATCAAGCACGGTAAG-1,Dendritic cells
Combo_CATCAAGCAGGTGGAT-1,Monocytes
Combo_CATCAAGCATTCCTCG-1,Dendritic cells
Combo_CATCAAGGTGACTCAT-1,Dendritic cells
Combo_CATCAAGTCGGTGTTA-1,Granulocytes
Combo_CATCAAGTCGTCACGG-1,Granulocytes
Combo_CATCAGAAGGACAGAA-1,Granulocytes
Combo_CATCAGAAGTACGTTC-1,Monocytes
Combo_CATCAGACACTTAAGC-1,Dendritic cells
Combo_CATCAGACAGCTTCGG-1,Macrophages
Combo_CATCAGAGTTAAGATG-1,Monocytes
Combo_CATCAGATCCGAAGAG-1,Monocytes
Combo_CATCAGATCCGCATCT-1,Dendritic cells
Combo_CATCAGATCCTTAATC-1,Granulocytes
Combo_CATCAGATCGGCCGAT-1,Monocytes
Combo_CATCAGATCTACTCAT-1,Monocytes
Combo_CATCAGATCTGGTATG-1,Dendritic cells
Combo_CATCCACAGAGTCTGG-1,Monocytes
Combo_CATCCACAGCAAATCA-1,Monocytes
Combo_CATCCACCAAGGTGTG-1,Granulocytes
Combo_CATCCACGTCGACTGC-1,Dendritic cells
Combo_CATCCACGTCGCGGTT-1,Granulocytes
Combo_CATCCACGTGAAAGAG-1,Monocytes
Combo_CATCCACTCCGAAGAG-1,Monocytes
Combo_CATCGAAAGGCGATAC-1,Dendritic cells
Combo_CATCGAACACTTCTGC-1,Monocytes
Combo_CATCGAAGTCAAGCGA-1,Monocytes
Combo_CATCGAAGTCCTGCTT-1,Dendritic cells
Combo_CATCGAAGTGAGGGTT-1,Monocytes
Combo_CATCGAAGTTCCTCCA-1,Monocytes
Combo_CATCGAATCAACCAAC-1,Monocytes
Combo_CATCGAATCTTCGGTC-1,Granulocytes
Combo_CATCGGGAGACATAAC-1,Granulocytes
Combo_CATCGGGAGATCTGAA-1,Monocytes
Combo_CATCGGGAGCTCCTTC-1,Monocytes
Combo_CATCGGGAGTCATCCA-1,T cells
Combo_CATCGGGGTACCATCA-1,Dendritic cells
Combo_CATCGGGGTACCGTTA-1,Monocytes
Combo_CATCGGGGTCATATCG-1,Dendritic cells
Combo_CATCGGGGTTGGAGGT-1,Dendritic cells
Combo_CATCGGGTCAGAGACG-1,Dendritic cells
Combo_CATCGGGTCCCTCTTT-1,Monocytes
Combo_CATCGGGTCGGAGGTA-1,Monocytes
Combo_CATGACAAGGACATTA-1,Monocytes
Combo_CATGACAAGGGAAACA-1,Granulocytes
Combo_CATGACAAGGGATACC-1,Granulocytes
Combo_CATGACACACAGACTT-1,Monocytes
Combo_CATGACAGTCAGAATA-1,Granulocytes
Combo_CATGACAGTCATCGGC-1,Monocytes
Combo_CATGACAGTCGAGATG-1,Granulocytes
Combo_CATGACAGTGATAAAC-1,Dendritic cells
Combo_CATGACAGTTGGGACA-1,Monocytes
Combo_CATGACATCAGTACGT-1,Dendritic cells
Combo_CATGACATCCGATATG-1,Dendritic cells
Combo_CATGCCTAGCCGATTT-1,Monocytes
Combo_CATGCCTAGGACAGCT-1,Dendritic cells
Combo_CATGCCTAGTACACCT-1,Monocytes
Combo_CATGCCTAGTGGTAGC-1,Dendritic cells
Combo_CATGCCTCAGACTCGC-1,T cells
Combo_CATGCCTGTAATCACC-1,Monocytes
Combo_CATGCCTGTCTACCTC-1,Monocytes
Combo_CATGCCTGTGATGCCC-1,Dendritic cells
Combo_CATGGCGAGAAAGTGG-1,Monocytes
Combo_CATGGCGAGACAGAGA-1,Granulocytes
Combo_CATGGCGAGCCACGCT-1,Dendritic cells
Combo_CATGGCGAGGATATAC-1,Granulocytes
Combo_CATGGCGAGGCCCGTT-1,Monocytes
Combo_CATGGCGCATAAGACA-1,Dendritic cells
Combo_CATGGCGCATGACGGA-1,Granulocytes
Combo_CATGGCGGTGATAAAC-1,Monocytes
Combo_CATGGCGGTGTGAAAT-1,Monocytes
Combo_CATGGCGTCCATGAGT-1,Monocytes
Combo_CATGGCGTCCTCAATT-1,Monocytes
Combo_CATTATCAGCCCTAAT-1,Monocytes
Combo_CATTATCAGCTCCTCT-1,Granulocytes
Combo_CATTATCAGTGACATA-1,Granulocytes
Combo_CATTATCAGTGGTCCC-1,Dendritic cells
Combo_CATTATCCATACAGCT-1,Monocytes
Combo_CATTATCTCACTGGGC-1,Granulocytes
Combo_CATTATCTCCATTCTA-1,Granulocytes
Combo_CATTATCTCCCTAATT-1,Dendritic cells
Combo_CATTATCTCCCTGACT-1,Dendritic cells
Combo_CATTATCTCCTTTCGG-1,Monocytes
Combo_CATTATCTCGCTTGTC-1,Monocytes
Combo_CATTCGCAGAGCTGCA-1,Monocytes
Combo_CATTCGCAGATATGCA-1,Monocytes
Combo_CATTCGCAGCTATGCT-1,Monocytes
Combo_CATTCGCAGGGATGGG-1,Monocytes
Combo_CATTCGCCATTAGGCT-1,Monocytes
Combo_CATTCGCGTAAGGATT-1,Monocytes
Combo_CATTCGCGTCAAGCGA-1,Monocytes
Combo_CATTCGCGTCCAGTAT-1,Dendritic cells
Combo_CATTCGCGTCTCTCTG-1,Monocytes
Combo_CATTCGCGTTAAGTAG-1,Dendritic cells
Combo_CATTCGCTCTCCTATA-1,Monocytes
Combo_CATTCGCTCTTAGAGC-1,Monocytes
Combo_CCAATCCAGAATCTCC-1,Monocytes
Combo_CCAATCCAGCCCGAAA-1,Monocytes
Combo_CCAATCCAGCTAGTTC-1,Monocytes
Combo_CCAATCCAGGGTTCCC-1,Monocytes
Combo_CCAATCCCAATCTACG-1,Dendritic cells
Combo_CCAATCCCACCTTGTC-1,Granulocytes
Combo_CCAATCCCAGCTTAAC-1,Monocytes
Combo_CCAATCCGTACCAGTT-1,Monocytes
Combo_CCAATCCGTATATGGA-1,T cells
Combo_CCAATCCGTTCATGGT-1,Monocytes
Combo_CCAATCCGTTTAGCTG-1,Monocytes
Combo_CCACCTAAGGTGGGTT-1,Monocytes
Combo_CCACCTAAGTGGTAAT-1,Monocytes
Combo_CCACCTACAACTTGAC-1,Monocytes
Combo_CCACCTACAAGTAGTA-1,Dendritic cells
Combo_CCACCTACACGCATCG-1,Monocytes
Combo_CCACCTACAGGATCGA-1,Dendritic cells
Combo_CCACCTACATGTTCCC-1,Monocytes
Combo_CCACCTAGTCTCTCTG-1,Monocytes
Combo_CCACCTATCCGTCAAA-1,Granulocytes
Combo_CCACCTATCCTAAGTG-1,Dendritic cells
Combo_CCACCTATCTGTGCAA-1,Dendritic cells
Combo_CCACGGAAGAAACGAG-1,Monocytes
Combo_CCACGGAAGTGATCGG-1,Granulocytes
Combo_CCACGGACAGCTCGCA-1,Monocytes
Combo_CCACGGAGTACTTAGC-1,Dendritic cells
Combo_CCACGGAGTCGACTGC-1,Monocytes
Combo_CCACGGAGTCTCATCC-1,Granulocytes
Combo_CCACGGAGTGCCTGCA-1,Macrophages
Combo_CCACGGAGTGCGATAG-1,Monocytes
Combo_CCACGGAGTTTAGCTG-1,Monocytes
Combo_CCACGGATCAACACTG-1,Monocytes
Combo_CCACGGATCTACTTAC-1,Monocytes
Combo_CCACTACAGAAACCTA-1,Monocytes
Combo_CCACTACAGGTGCTAG-1,Monocytes
Combo_CCACTACCATCACAAC-1,Granulocytes
Combo_CCACTACCATTGTGCA-1,Granulocytes
Combo_CCACTACGTCCGAACC-1,Monocytes
Combo_CCACTACGTCTTTCAT-1,Dendritic cells
Combo_CCACTACGTTCCATGA-1,T cells
Combo_CCACTACTCAATAAGG-1,Dendritic cells
Combo_CCACTACTCGACAGCC-1,Granulocytes
Combo_CCACTACTCGTTTATC-1,Monocytes
Combo_CCACTACTCTTAGAGC-1,Monocytes
Combo_CCAGCGAAGTACCGGA-1,Granulocytes
Combo_CCAGCGACAGTGGGAT-1,Granulocytes
Combo_CCAGCGAGTAAGGGAA-1,Granulocytes
Combo_CCAGCGAGTACGAAAT-1,Monocytes
Combo_CCAGCGAGTCACTGGC-1,Monocytes
Combo_CCAGCGAGTGACTCAT-1,Monocytes
Combo_CCAGCGAGTTAGTGGG-1,Monocytes
Combo_CCATGTCAGAACTCGG-1,Monocytes
Combo_CCATGTCAGATCTGAA-1,Monocytes
Combo_CCATGTCAGATGCCTT-1,Granulocytes
Combo_CCATGTCAGGGCTCTC-1,Monocytes
Combo_CCATGTCAGTCATCCA-1,Monocytes
Combo_CCATGTCAGTCATGCT-1,Dendritic cells
Combo_CCATGTCGTCCTCCAT-1,Monocytes
Combo_CCATGTCGTCGGCACT-1,Monocytes
Combo_CCATGTCGTCTTTCAT-1,Dendritic cells
Combo_CCATGTCGTTACGTCA-1,Monocytes
Combo_CCATGTCTCCCAGGTG-1,Monocytes
Combo_CCATGTCTCCCTTGCA-1,Dendritic cells
Combo_CCATGTCTCGATAGAA-1,Granulocytes
Combo_CCATTCGAGATCTGAA-1,T cells
Combo_CCATTCGAGCATGGCA-1,Monocytes
Combo_CCATTCGCAAAGTCAA-1,Dendritic cells
Combo_CCATTCGCACTTAACG-1,Monocytes
Combo_CCATTCGGTAAGTTCC-1,Monocytes
Combo_CCATTCGGTAGGCATG-1,Monocytes
Combo_CCATTCGGTCATCGGC-1,Monocytes
Combo_CCATTCGGTTCGTCTC-1,Monocytes
Combo_CCATTCGTCATCTGCC-1,Monocytes
Combo_CCATTCGTCTTGTATC-1,Monocytes
Combo_CCCAATCAGAGACTAT-1,Monocytes
Combo_CCCAATCAGCAAATCA-1,Monocytes
Combo_CCCAATCAGCGATTCT-1,Monocytes
Combo_CCCAATCCATGGATGG-1,Dendritic cells
Combo_CCCAATCGTAACGCGA-1,Dendritic cells
Combo_CCCAATCGTCGTCTTC-1,Monocytes
Combo_CCCAATCGTCTTGATG-1,Monocytes
Combo_CCCAATCGTGACTCAT-1,Granulocytes
Combo_CCCAATCGTTGAGTTC-1,Monocytes
Combo_CCCAATCGTTTCGCTC-1,Monocytes
Combo_CCCAATCTCACTTACT-1,Monocytes
Combo_CCCAATCTCGGCCGAT-1,Monocytes
Combo_CCCAGTTAGAGTCTGG-1,Monocytes
Combo_CCCAGTTAGTACGCGA-1,Monocytes
Combo_CCCAGTTAGTTACCCA-1,Monocytes
Combo_CCCAGTTGTAGTGAAT-1,Monocytes
Combo_CCCAGTTGTCCGTTAA-1,Granulocytes
Combo_CCCAGTTGTCGCTTTC-1,Dendritic cells
Combo_CCCAGTTTCATGTCCC-1,Monocytes
Combo_CCCAGTTTCCGCGCAA-1,Monocytes
Combo_CCCAGTTTCCGGGTGT-1,Monocytes
Combo_CCCAGTTTCGATCCCT-1,Monocytes
Combo_CCCAGTTTCTCATTCA-1,Monocytes
Combo_CCCATACGTCCGTGAC-1,Monocytes
Combo_CCCATACGTCTCCCTA-1,Monocytes
Combo_CCCTCCTAGGTGATTA-1,Monocytes
Combo_CCCTCCTCACGTGAGA-1,Granulocytes
Combo_CCCTCCTGTCCGTTAA-1,Dendritic cells
Combo_CCCTCCTGTCTACCTC-1,Monocytes
Combo_CCCTCCTGTTAGGGTG-1,T cells
Combo_CCCTCCTTCAGTCAGT-1,Dendritic cells
Combo_CCCTCCTTCCTTTACA-1,Monocytes
Combo_CCGGGATAGCCGATTT-1,Monocytes
Combo_CCGGGATCACTGTCGG-1,Granulocytes
Combo_CCGGGATGTACATCCA-1,Monocytes
Combo_CCGGGATGTCACACGC-1,Dendritic cells
Combo_CCGGGATGTCTCACCT-1,Monocytes
Combo_CCGGGATGTTCCCGAG-1,Dendritic cells
Combo_CCGGGATGTTTAAGCC-1,Monocytes
Combo_CCGGGATTCAGTTGAC-1,Monocytes
Combo_CCGGGATTCCCAACGG-1,Granulocytes
Combo_CCGGTAGCATGCAACT-1,Granulocytes
Combo_CCGGTAGGTATAGTAG-1,Granulocytes
Combo_CCGGTAGGTTTCGCTC-1,Granulocytes
Combo_CCGGTAGTCGCATGAT-1,Monocytes
Combo_CCGTACTAGCCAGGAT-1,Granulocytes
Combo_CCGTACTAGGCAATTA-1,Monocytes
Combo_CCGTACTAGTGCTGCC-1,Dendritic cells
Combo_CCGTACTCAGCTGTAT-1,Monocytes
Combo_CCGTACTCAGTCGTGC-1,Granulocytes
Combo_CCGTACTCATGCAATC-1,Monocytes
Combo_CCGTACTGTGTATGGG-1,Granulocytes
Combo_CCGTACTTCAAACCAC-1,Monocytes
Combo_CCGTACTTCGGTTAAC-1,Macrophages
Combo_CCGTACTTCTCAACTT-1,Monocytes
Combo_CCGTGGAAGTGCCATT-1,Monocytes
Combo_CCGTGGAGTATAATGG-1,Monocytes
Combo_CCGTGGAGTCATATGC-1,Macrophages
Combo_CCGTTCAAGGATGTAT-1,Dendritic cells
Combo_CCGTTCAAGTTAGGTA-1,Monocytes
Combo_CCGTTCACACGGTGTC-1,Monocytes
Combo_CCGTTCACATATACGC-1,T cells
Combo_CCGTTCAGTAAGTGTA-1,Monocytes
Combo_CCGTTCATCCGAGCCA-1,Monocytes
Combo_CCGTTCATCTATGTGG-1,Dendritic cells
Combo_CCTAAAGAGAAGCCCA-1,Monocytes
Combo_CCTAAAGAGAGACGAA-1,T cells
Combo_CCTAAAGAGTGTACGG-1,Monocytes
Combo_CCTAAAGAGTGTGGCA-1,Monocytes
Combo_CCTAAAGCAGACGCCT-1,Monocytes
Combo_CCTAAAGCAGCTATTG-1,Dendritic cells
Combo_CCTAAAGCAGCTGGCT-1,Monocytes
Combo_CCTAAAGGTACGCACC-1,Monocytes
Combo_CCTAAAGGTTGAGGTG-1,Monocytes
Combo_CCTAAAGTCGGACAAG-1,T cells
Combo_CCTACACAGACTGGGT-1,Monocytes
Combo_CCTACACAGAGACTTA-1,Dendritic cells
Combo_CCTACACAGGATTCGG-1,Monocytes
Combo_CCTACACCAATCCGAT-1,Dendritic cells
Combo_CCTACACCAATCTACG-1,Dendritic cells
Combo_CCTACACGTAAGAGGA-1,Granulocytes
Combo_CCTACACGTAGAGTGC-1,Monocytes
Combo_CCTACACGTGCCTTGG-1,Monocytes
Combo_CCTACACGTTGATTGC-1,Dendritic cells
Combo_CCTACACTCCTACAGA-1,Monocytes
Combo_CCTACACTCCTGCCAT-1,Monocytes
Combo_CCTACACTCGTACCGG-1,Monocytes
Combo_CCTACACTCTATGTGG-1,T cells
Combo_CCTACCAAGAGGTTGC-1,Monocytes
Combo_CCTACCAAGGCAATTA-1,Monocytes
Combo_CCTACCACAAGGACTG-1,Monocytes
Combo_CCTACCACACAGACTT-1,Monocytes
Combo_CCTACCAGTATGGTTC-1,Dendritic cells
Combo_CCTACCAGTCCAAGTT-1,Monocytes
Combo_CCTACCATCATGCTCC-1,Granulocytes
Combo_CCTACCATCCTTTCGG-1,Monocytes
Combo_CCTACCATCGACAGCC-1,Monocytes
Combo_CCTAGCTAGGGTGTTG-1,Monocytes
Combo_CCTAGCTAGTCCATAC-1,Monocytes
Combo_CCTAGCTCATAAGACA-1,Monocytes
Combo_CCTAGCTGTAGCGTAG-1,Monocytes
Combo_CCTAGCTGTAGGCATG-1,Dendritic cells
Combo_CCTAGCTGTCCGTTAA-1,Monocytes
Combo_CCTAGCTTCTGCGACG-1,Monocytes
Combo_CCTATTAAGACCACGA-1,Monocytes
Combo_CCTATTAAGCGTCTAT-1,Monocytes
Combo_CCTATTACACCAGGCT-1,Dendritic cells
Combo_CCTATTACAGCCTTGG-1,Monocytes
Combo_CCTATTAGTCGGCACT-1,Monocytes
Combo_CCTATTAGTTAGTGGG-1,Granulocytes
Combo_CCTATTAGTTGCGCAC-1,Dendritic cells
Combo_CCTATTATCAAACAAG-1,Monocytes
Combo_CCTCAGTAGCCTATGT-1,Macrophages
Combo_CCTCAGTAGGAATGGA-1,Granulocytes
Combo_CCTCAGTCAATCCGAT-1,Monocytes
Combo_CCTCAGTCACCCATTC-1,Monocytes
Combo_CCTCAGTCATCCCACT-1,Dendritic cells
Combo_CCTCAGTGTCGTGGCT-1,Monocytes
Combo_CCTCAGTGTGCGCTTG-1,Monocytes
Combo_CCTCAGTGTGTATGGG-1,Monocytes
Combo_CCTCAGTGTTACGGAG-1,Monocytes
Combo_CCTCTGAAGCGATATA-1,Monocytes
Combo_CCTCTGAAGCTAGTCT-1,T cells
Combo_CCTCTGAAGTAGGCCA-1,Dendritic cells
Combo_CCTCTGACAAGGACAC-1,Fibroblasts
Combo_CCTCTGACACACCGCA-1,Monocytes
Combo_CCTCTGACAGTCGATT-1,Dendritic cells
Combo_CCTCTGACATGTTCCC-1,Monocytes
Combo_CCTCTGAGTAAGTGTA-1,Dendritic cells
Combo_CCTCTGAGTACCATCA-1,Monocytes
Combo_CCTCTGAGTATAAACG-1,Monocytes
Combo_CCTCTGAGTGCAACGA-1,Granulocytes
Combo_CCTCTGATCCAGTATG-1,Monocytes
Combo_CCTCTGATCCATGCTC-1,Dendritic cells
Combo_CCTCTGATCTGTCCGT-1,Monocytes
Combo_CCTTACGAGATCGATA-1,Monocytes
Combo_CCTTACGAGCCAGGAT-1,Dendritic cells
Combo_CCTTACGAGCTCAACT-1,Granulocytes
Combo_CCTTACGAGTCCATAC-1,Monocytes
Combo_CCTTACGCACTCTGTC-1,Macrophages
Combo_CCTTACGGTCTCATCC-1,Monocytes
Combo_CCTTACGTCCTATGTT-1,Monocytes
Combo_CCTTACGTCGCTAGCG-1,Monocytes
Combo_CCTTACGTCTTGTTTG-1,Granulocytes
Combo_CCTTCCCAGCGTAATA-1,Monocytes
Combo_CCTTCCCCACCTGGTG-1,Macrophages
Combo_CCTTCCCGTTGGTAAA-1,Monocytes
Combo_CCTTCCCTCCAAATGC-1,Granulocytes
Combo_CCTTCCCTCGCATGAT-1,Monocytes
Combo_CCTTCGAAGCCAGGAT-1,Monocytes
Combo_CCTTCGAAGCTCCCAG-1,Monocytes
Combo_CCTTCGAAGGCTCTTA-1,T cells
Combo_CCTTCGACATCTGGTA-1,Monocytes
Combo_CCTTCGAGTGACGGTA-1,Monocytes
Combo_CCTTCGATCCAAGTAC-1,Monocytes
Combo_CCTTCGATCTCACATT-1,Granulocytes
Combo_CCTTTCTAGCCACCTG-1,Monocytes
Combo_CCTTTCTAGTACGCCC-1,Monocytes
Combo_CCTTTCTCAGCTCCGA-1,Monocytes
Combo_CCTTTCTCATGTAGTC-1,Dendritic cells
Combo_CCTTTCTGTGAAAGAG-1,Granulocytes
Combo_CCTTTCTTCTGCGGCA-1,Monocytes
Combo_CGAACATAGATGTTAG-1,Monocytes
Combo_CGAACATAGCTGATAA-1,Monocytes
Combo_CGAACATCACGGTTTA-1,Monocytes
Combo_CGAACATCAGCTGGCT-1,Monocytes
Combo_CGAACATCATGCCTAA-1,Monocytes
Combo_CGAACATGTAGCGTAG-1,Monocytes
Combo_CGAACATGTGGGTATG-1,Monocytes
Combo_CGAACATGTGTCAATC-1,Monocytes
Combo_CGAACATTCATGTAGC-1,Monocytes
Combo_CGAACATTCTAAGCCA-1,Granulocytes
Combo_CGAATGTAGACTCGGA-1,Monocytes
Combo_CGAATGTAGCAGATCG-1,Monocytes
Combo_CGAATGTAGCTGAACG-1,Monocytes
Combo_CGAATGTAGTAGATGT-1,Monocytes
Combo_CGAATGTAGTAGGCCA-1,Dendritic cells
Combo_CGAATGTAGTGGAGTC-1,Monocytes
Combo_CGAATGTCAAACTGTC-1,Granulocytes
Combo_CGAATGTCAGTATGCT-1,Monocytes
Combo_CGAATGTCATCCGTGG-1,Granulocytes
Combo_CGAATGTGTAGCTCCG-1,Monocytes
Combo_CGAATGTGTCTAGGTT-1,Dendritic cells
Combo_CGAATGTGTGTAATGA-1,Granulocytes
Combo_CGAATGTTCACAATGC-1,Monocytes
Combo_CGAATGTTCGGAATCT-1,Monocytes
Combo_CGAATGTTCTAACTCT-1,Dendritic cells
Combo_CGACCTTAGGCTACGA-1,Monocytes
Combo_CGACCTTAGGGCATGT-1,Granulocytes
Combo_CGACCTTCAAACCCAT-1,Monocytes
Combo_CGACCTTCAAGCTGAG-1,Granulocytes
Combo_CGACCTTCAGGGAGAG-1,Monocytes
Combo_CGACCTTGTAATTGGA-1,Monocytes
Combo_CGACCTTGTGCCTGGT-1,Granulocytes
Combo_CGACCTTGTTAAAGTG-1,Monocytes
Combo_CGACCTTGTTCAGGCC-1,Monocytes
Combo_CGACCTTTCGGTCTAA-1,T cells
Combo_CGACTTCCAAACGCGA-1,Monocytes
Combo_CGACTTCGTGGTGTAG-1,Monocytes
Combo_CGACTTCGTTCTGTTT-1,Monocytes
Combo_CGAGAAGAGTCGTACT-1,Monocytes
Combo_CGAGAAGAGTTGTAGA-1,Monocytes
Combo_CGAGAAGCACATCCGG-1,Granulocytes
Combo_CGAGAAGCACTTGGAT-1,Monocytes
Combo_CGAGAAGCATCACCCT-1,Monocytes
Combo_CGAGAAGGTACCGTTA-1,Dendritic cells
Combo_CGAGAAGGTCCATGAT-1,Monocytes
Combo_CGAGAAGGTCCGAACC-1,Dendritic cells
Combo_CGAGAAGGTCGGCACT-1,Monocytes
Combo_CGAGAAGGTCGTCTTC-1,Monocytes
Combo_CGAGAAGGTCTTCAAG-1,Monocytes
Combo_CGAGAAGGTCTTTCAT-1,Monocytes
Combo_CGAGAAGTCCGTACAA-1,Granulocytes
Combo_CGAGCACAGACTCGGA-1,T cells
Combo_CGAGCACAGCTGCGAA-1,Dendritic cells
Combo_CGAGCACAGTACACCT-1,Monocytes
Combo_CGAGCACCAGCTCGCA-1,Dendritic cells
Combo_CGAGCACCATAGTAAG-1,Granulocytes
Combo_CGAGCACGTACCATCA-1,Granulocytes
Combo_CGAGCACTCCACTCCA-1,Granulocytes
Combo_CGAGCACTCTAAGCCA-1,Monocytes
Combo_CGAGCCAAGTAATCCC-1,Monocytes
Combo_CGAGCCACACGTGAGA-1,T cells
Combo_CGAGCCACAGAGCCAA-1,Monocytes
Combo_CGAGCCACATAGACTC-1,Monocytes
Combo_CGAGCCAGTCTCAACA-1,Monocytes
Combo_CGAGCCAGTGTCGCTG-1,Monocytes
Combo_CGAGCCAGTTCACGGC-1,Monocytes
Combo_CGAGCCATCAAACAAG-1,Monocytes
Combo_CGAGCCATCTCCAGGG-1,Dendritic cells
Combo_CGATCGGCAAAGCAAT-1,Granulocytes
Combo_CGATCGGCACCGTTGG-1,Monocytes
Combo_CGATCGGCAGGATCGA-1,Monocytes
Combo_CGATCGGGTGGTAACG-1,Monocytes
Combo_CGATCGGGTTTAAGCC-1,Monocytes
Combo_CGATCGGTCAGGTAAA-1,Monocytes
Combo_CGATCGGTCGGCGCAT-1,Monocytes
Combo_CGATCGGTCTCTGCTG-1,Granulocytes
Combo_CGATCGGTCTGGGCCA-1,Monocytes
Combo_CGATGGCGTAAGTAGT-1,Monocytes
Combo_CGATGGCGTAGCGTGA-1,Monocytes
Combo_CGATGGCTCATAACCG-1,Dendritic cells
Combo_CGATGGCTCTCCAGGG-1,Monocytes
Combo_CGATGTACAAGCGAGT-1,Monocytes
Combo_CGATGTACACGGATAG-1,Monocytes
Combo_CGATGTACAGGTGCCT-1,Monocytes
Combo_CGATGTAGTAGAAGGA-1,Monocytes
Combo_CGATGTAGTAGCGCTC-1,Monocytes
Combo_CGATGTAGTATGGTTC-1,Monocytes
Combo_CGATGTAGTCTCCCTA-1,Monocytes
Combo_CGATGTAGTTCCAACA-1,Monocytes
Combo_CGATGTATCACATACG-1,Monocytes
Combo_CGATGTATCGGAAATA-1,Monocytes
Combo_CGATGTATCGTTACAG-1,Dendritic cells
Combo_CGATGTATCTCAAACG-1,Granulocytes
Combo_CGATGTATCTTGTCAT-1,Monocytes
Combo_CGATTGAAGCGCCTCA-1,Monocytes
Combo_CGATTGAAGTGCCATT-1,Monocytes
Combo_CGATTGAAGTTGAGTA-1,Monocytes
Combo_CGATTGAGTGCGGTAA-1,Monocytes
Combo_CGATTGAGTTGCGCAC-1,Monocytes
Combo_CGATTGAGTTGGTGGA-1,Monocytes
Combo_CGATTGATCAGCTGGC-1,Granulocytes
Combo_CGATTGATCGAATGGG-1,Dendritic cells
Combo_CGATTGATCTTGCAAG-1,Monocytes
Combo_CGCCAAGAGACAGACC-1,Granulocytes
Combo_CGCCAAGAGACCACGA-1,Monocytes
Combo_CGCCAAGAGACGCAAC-1,Monocytes
Combo_CGCCAAGCAATGACCT-1,Granulocytes
Combo_CGCCAAGCAGACGTAG-1,Monocytes
Combo_CGCCAAGCAGCGTTCG-1,Granulocytes
Combo_CGCCAAGCATTTCAGG-1,Monocytes
Combo_CGCCAAGTCGCGATCG-1,Granulocytes
Combo_CGCGGTAAGCTTCGCG-1,Granulocytes
Combo_CGCGGTAAGGTAAACT-1,Dendritic cells
Combo_CGCGGTACAAACGCGA-1,Monocytes
Combo_CGCGGTACAAATTGCC-1,Monocytes
Combo_CGCGGTAGTACATGTC-1,Dendritic cells
Combo_CGCGGTAGTGCATCTA-1,Monocytes
Combo_CGCGTTTAGCTTATCG-1,Granulocytes
Combo_CGCGTTTAGGACATTA-1,Granulocytes
Combo_CGCGTTTCAAAGCGGT-1,Dendritic cells
Combo_CGCGTTTCAGCTCGCA-1,Monocytes
Combo_CGCGTTTCATCACGTA-1,Granulocytes
Combo_CGCGTTTGTAAGCACG-1,Dendritic cells
Combo_CGCGTTTGTGCGAAAC-1,Granulocytes
Combo_CGCGTTTGTTACGCGC-1,Monocytes
Combo_CGCGTTTGTTTGCATG-1,Monocytes
Combo_CGCGTTTGTTTGGGCC-1,Dendritic cells
Combo_CGCGTTTTCAAACAAG-1,Monocytes
Combo_CGCGTTTTCCAAGCCG-1,Dendritic cells
Combo_CGCGTTTTCCAGTAGT-1,Macrophages
Combo_CGCGTTTTCTTGTTTG-1,Dendritic cells
Combo_CGCTATCAGCCAGTAG-1,Monocytes
Combo_CGCTATCCAAGCCTAT-1,Monocytes
Combo_CGCTATCCAAGCTGGA-1,Monocytes
Combo_CGCTATCCACGGCGTT-1,Dendritic cells
Combo_CGCTATCCAGACACTT-1,Granulocytes
Combo_CGCTATCCATGGGAAC-1,Monocytes
Combo_CGCTATCGTCCAACTA-1,Dendritic cells
Combo_CGCTATCTCAAGCCTA-1,Granulocytes
Combo_CGCTATCTCCGAACGC-1,Dendritic cells
Combo_CGCTATCTCTTGGGTA-1,Dendritic cells
Combo_CGCTGGAAGAAGCCCA-1,Dendritic cells
Combo_CGCTGGAAGAATCTCC-1,Dendritic cells
Combo_CGCTGGAAGAGACTTA-1,Dendritic cells
Combo_CGCTGGAAGTGGGATC-1,Monocytes
Combo_CGCTGGACAACGCACC-1,Monocytes
Combo_CGCTGGACAGTGAGTG-1,Dendritic cells
Combo_CGCTGGAGTCGACTAT-1,Monocytes
Combo_CGCTGGAGTTAAGTAG-1,Monocytes
Combo_CGCTTCAAGACTAGAT-1,Granulocytes
Combo_CGCTTCAAGATGTTAG-1,Monocytes
Combo_CGCTTCAAGGTAGCCA-1,Monocytes
Combo_CGCTTCACAAGCCGTC-1,Granulocytes
Combo_CGCTTCACAATGGATA-1,Dendritic cells
Combo_CGCTTCACACAAGCCC-1,Monocytes
Combo_CGCTTCACATATACGC-1,Dendritic cells
Combo_CGCTTCAGTCAAAGAT-1,Monocytes
Combo_CGCTTCAGTGGTCCGT-1,Monocytes
Combo_CGGACACCATTAGCCA-1,Monocytes
Combo_CGGACACGTATAAACG-1,Monocytes
Combo_CGGACACGTCAGTGGA-1,Granulocytes
Combo_CGGACACTCCGAGCCA-1,Monocytes
Combo_CGGACACTCGGTCCGA-1,Monocytes
Combo_CGGACGTAGACAAGCC-1,Monocytes
Combo_CGGACGTAGGACAGCT-1,T cells
Combo_CGGACGTAGTGACTCT-1,Monocytes
Combo_CGGACGTCACGAAGCA-1,Monocytes
Combo_CGGACGTCATGATCCA-1,Monocytes
Combo_CGGACGTCATGCCTTC-1,Dendritic cells
Combo_CGGACGTGTTATGCGT-1,Dendritic cells
Combo_CGGACGTTCACGATGT-1,Granulocytes
Combo_CGGACGTTCTTGAGGT-1,Dendritic cells
Combo_CGGACTGAGAGGACGG-1,Monocytes
Combo_CGGACTGAGCTACCGC-1,Dendritic cells
Combo_CGGACTGAGGAGTCTG-1,Granulocytes
Combo_CGGACTGAGGGCTCTC-1,Monocytes
Combo_CGGACTGAGTACCGGA-1,Dendritic cells
Combo_CGGACTGCAGGTGGAT-1,Monocytes
Combo_CGGACTGGTAGAGCTG-1,Monocytes
Combo_CGGACTGGTAGCGTAG-1,Monocytes
Combo_CGGACTGGTCTAGTCA-1,Monocytes
Combo_CGGACTGGTGCCTGGT-1,Monocytes
Combo_CGGACTGGTGTCGCTG-1,Dendritic cells
Combo_CGGACTGGTTCCCGAG-1,Dendritic cells
Combo_CGGACTGTCAATACCG-1,Granulocytes
Combo_CGGAGCTAGACAAGCC-1,Monocytes
Combo_CGGAGCTAGTGGACGT-1,Dendritic cells
Combo_CGGAGCTCAAGCGTAG-1,Monocytes
Combo_CGGAGCTGTAAACACA-1,Monocytes
Combo_CGGAGCTGTCCGTCAG-1,Dendritic cells
Combo_CGGAGCTGTGTTGAGG-1,Monocytes
Combo_CGGAGCTTCAGGCCCA-1,Monocytes
Combo_CGGAGTCAGTGTCTCA-1,Granulocytes
Combo_CGGAGTCTCAACCATG-1,Monocytes
Combo_CGGAGTCTCAATAAGG-1,Dendritic cells
Combo_CGGAGTCTCATTCACT-1,Dendritic cells
Combo_CGGAGTCTCGTGGGAA-1,Dendritic cells
Combo_CGGAGTCTCTATGTGG-1,Dendritic cells
Combo_CGGAGTCTCTTAACCT-1,Monocytes
Combo_CGGCTAGGTTACGCGC-1,Monocytes
Combo_CGGCTAGTCGAGCCCA-1,Monocytes
Combo_CGGCTAGTCGCATGAT-1,Monocytes
Combo_CGGCTAGTCTCAAACG-1,Dendritic cells
Combo_CGGGTCAAGATCTGAA-1,Monocytes
Combo_CGGGTCAAGGTCATCT-1,Monocytes
Combo_CGGGTCAAGTCCTCCT-1,Granulocytes
Combo_CGGGTCACAAACCCAT-1,Granulocytes
Combo_CGGGTCACAGTTCCCT-1,Dendritic cells
Combo_CGGGTCACATCACGTA-1,Granulocytes
Combo_CGGGTCAGTCGCCATG-1,Monocytes
Combo_CGGGTCAGTCGGATCC-1,Dendritic cells
Combo_CGGGTCATCCTCAACC-1,Monocytes
Combo_CGGGTCATCTTGAGGT-1,Dendritic cells
Combo_CGGTTAAGTAAGTGGC-1,Monocytes
Combo_CGGTTAAGTAGCGTAG-1,Dendritic cells
Combo_CGGTTAAGTGCCTGGT-1,Monocytes
Combo_CGGTTAAGTTAGTGGG-1,Monocytes
Combo_CGGTTAAGTTCGGCAC-1,Monocytes
Combo_CGTAGCGAGCTCAACT-1,Monocytes
Combo_CGTAGCGAGGCCGAAT-1,Monocytes
Combo_CGTAGCGAGTCCATAC-1,Monocytes
Combo_CGTAGCGCAATCGGTT-1,Monocytes
Combo_CGTAGCGCATTCTTAC-1,Dendritic cells
Combo_CGTAGCGGTACAGTGG-1,Monocytes
Combo_CGTAGCGGTCCAGTGC-1,Monocytes
Combo_CGTAGCGGTCGGCATC-1,Granulocytes
Combo_CGTAGCGGTCTCCCTA-1,Monocytes
Combo_CGTAGCGTCGTACCGG-1,Dendritic cells
Combo_CGTAGCGTCTGGTATG-1,Monocytes
Combo_CGTAGGCAGAGCCTAG-1,Monocytes
Combo_CGTAGGCAGATCCCAT-1,Dendritic cells
Combo_CGTAGGCAGGATGCGT-1,Granulocytes
Combo_CGTAGGCGTACAGCAG-1,Dendritic cells
Combo_CGTAGGCGTACTTAGC-1,Monocytes
Combo_CGTAGGCGTCAGATAA-1,Dendritic cells
Combo_CGTAGGCGTGAGTGAC-1,Monocytes
Combo_CGTAGGCTCAGAGGTG-1,Granulocytes
Combo_CGTAGGCTCTGCCAGG-1,Dendritic cells
Combo_CGTCACTAGTACGACG-1,Monocytes
Combo_CGTCACTAGTGGGCTA-1,Monocytes
Combo_CGTCACTCAATGACCT-1,Granulocytes
Combo_CGTCACTCAGTGGAGT-1,Monocytes
Combo_CGTCACTCATGTTGAC-1,Monocytes
Combo_CGTCACTTCCCGGATG-1,Granulocytes
Combo_CGTCACTTCGTCTGAA-1,Monocytes
Combo_CGTCACTTCTGATACG-1,Dendritic cells
Combo_CGTCAGGAGAACTCGG-1,Monocytes
Combo_CGTCAGGAGGCCCGTT-1,Monocytes
Combo_CGTCAGGAGTTAAGTG-1,Monocytes
Combo_CGTCAGGCAGTAACGG-1,Monocytes
Combo_CGTCAGGCATAGAAAC-1,Granulocytes
Combo_CGTCAGGCATGTTGAC-1,Granulocytes
Combo_CGTCAGGGTAAATGTG-1,Dendritic cells
Combo_CGTCAGGTCGCATGAT-1,Dendritic cells
Combo_CGTCAGGTCGCCGTGA-1,Granulocytes
Combo_CGTCCATAGCGACGTA-1,Monocytes
Combo_CGTCCATAGGATATAC-1,Monocytes
Combo_CGTCCATGTTATCACG-1,Monocytes
Combo_CGTCCATTCAACCATG-1,Monocytes
Combo_CGTCCATTCAATACCG-1,Dendritic cells
Combo_CGTCTACAGCTTTGGT-1,Monocytes
Combo_CGTCTACAGGACAGAA-1,Granulocytes
Combo_CGTCTACAGGCTCTTA-1,Dendritic cells
Combo_CGTCTACAGTCAAGCG-1,Monocytes
Combo_CGTCTACAGTGCCATT-1,Dendritic cells
Combo_CGTCTACAGTTTAGGA-1,Macrophages
Combo_CGTCTACCAAGTTAAG-1,Monocytes
Combo_CGTCTACCACAAGCCC-1,Monocytes
Combo_CGTCTACCATGGATGG-1,Monocytes
Combo_CGTCTACGTAAGGGCT-1,Granulocytes
Combo_CGTCTACTCGAGAGCA-1,Dendritic cells
Combo_CGTCTACTCGCAGGCT-1,Monocytes
Combo_CGTCTACTCGTTTGCC-1,Monocytes
Combo_CGTCTACTCTATGTGG-1,Monocytes
Combo_CGTCTACTCTGAAAGA-1,Granulocytes
Combo_CGTGAGCAGCCACGCT-1,Monocytes
Combo_CGTGAGCAGCTGCGAA-1,Monocytes
Combo_CGTGAGCAGGTAAACT-1,Monocytes
Combo_CGTGAGCAGTCATCCA-1,Monocytes
Combo_CGTGAGCCAAAGAATC-1,Dendritic cells
Combo_CGTGAGCCAAGCTGGA-1,Granulocytes
Combo_CGTGAGCCAATAAGCA-1,Dendritic cells
Combo_CGTGAGCGTGCCTGTG-1,Dendritic cells
Combo_CGTGAGCGTGGCCCTA-1,Dendritic cells
Combo_CGTGAGCGTTTCGCTC-1,Monocytes
Combo_CGTGAGCTCAACGCTA-1,Granulocytes
Combo_CGTGAGCTCATATCGG-1,Monocytes
Combo_CGTGAGCTCCTATTCA-1,Monocytes
Combo_CGTGTAAAGACGACGT-1,Monocytes
Combo_CGTGTAAAGCGTGAGT-1,Monocytes
Combo_CGTGTAAAGGCCCTCA-1,Monocytes
Combo_CGTGTAAAGTACGATA-1,Monocytes
Combo_CGTGTAACATCGATGT-1,Monocytes
Combo_CGTGTAAGTGTTGGGA-1,Monocytes
Combo_CGTGTAAGTTAGGGTG-1,Monocytes
Combo_CGTGTAATCTCTTATG-1,NK cells
Combo_CGTGTAATCTGTGCAA-1,Monocytes
Combo_CGTGTAATCTTGACGA-1,Monocytes
Combo_CGTGTCTAGATCTGAA-1,Monocytes
Combo_CGTGTCTAGCGTTTAC-1,Monocytes
Combo_CGTGTCTAGGCAAAGA-1,Granulocytes
Combo_CGTGTCTCAATCTACG-1,Monocytes
Combo_CGTGTCTGTAACGACG-1,Monocytes
Combo_CGTTAGAAGCATCATC-1,Monocytes
Combo_CGTTAGAAGCGATATA-1,Monocytes
Combo_CGTTAGAAGCGTAGTG-1,Monocytes
Combo_CGTTAGAAGGGATCTG-1,Granulocytes
Combo_CGTTAGAAGTACTTGC-1,Dendritic cells
Combo_CGTTAGAAGTGGTAAT-1,Monocytes
Combo_CGTTAGACAAGTTGTC-1,Monocytes
Combo_CGTTAGACAGCATACT-1,Monocytes
Combo_CGTTAGAGTAAGTTCC-1,Dendritic cells
Combo_CGTTAGAGTATATGAG-1,Dendritic cells
Combo_CGTTAGAGTGTTTGGT-1,Granulocytes
Combo_CGTTAGATCAGGTTCA-1,Monocytes
Combo_CGTTAGATCCCAAGTA-1,Granulocytes
Combo_CGTTAGATCGTGACAT-1,T cells
Combo_CGTTCTGAGAATTGTG-1,Dendritic cells
Combo_CGTTCTGAGATATGGT-1,Dendritic cells
Combo_CGTTCTGCACTAAGTC-1,Monocytes
Combo_CGTTCTGCAGATCCAT-1,Monocytes
Combo_CGTTCTGGTCAAACTC-1,Monocytes
Combo_CGTTCTGGTCAGTGGA-1,Granulocytes
Combo_CGTTCTGGTCCGAACC-1,Monocytes
Combo_CGTTCTGGTGGCCCTA-1,Granulocytes
Combo_CGTTCTGTCATCTGCC-1,Monocytes
Combo_CGTTCTGTCCCTCAGT-1,Monocytes
Combo_CGTTCTGTCCTGCAGG-1,Monocytes
Combo_CGTTGGGAGCTGGAAC-1,Monocytes
Combo_CGTTGGGAGGCCGAAT-1,Granulocytes
Combo_CGTTGGGAGGGTGTGT-1,Monocytes
Combo_CGTTGGGCAAATCCGT-1,Monocytes
Combo_CGTTGGGCATGGTTGT-1,Monocytes
Combo_CGTTGGGGTAAGGGAA-1,Monocytes
Combo_CGTTGGGGTAGCGTAG-1,Granulocytes
Combo_CGTTGGGGTGTAATGA-1,Dendritic cells
Combo_CGTTGGGTCCTTGACC-1,Monocytes
Combo_CTAACTTAGAAGGTTT-1,Dendritic cells
Combo_CTAACTTAGCTAGTCT-1,Monocytes
Combo_CTAACTTAGTTCGCGC-1,Granulocytes
Combo_CTAACTTAGTTGTAGA-1,Monocytes
Combo_CTAACTTCAGCATACT-1,Monocytes
Combo_CTAACTTCAGTTAACC-1,Dendritic cells
Combo_CTAACTTCATACTCTT-1,Monocytes
Combo_CTAACTTGTAATCGTC-1,Granulocytes
Combo_CTAACTTTCACCAGGC-1,Monocytes
Combo_CTAACTTTCATGCTCC-1,T cells
Combo_CTAACTTTCGTCCGTT-1,Dendritic cells
Combo_CTAAGACAGCTGGAAC-1,Monocytes
Combo_CTAAGACAGGGATGGG-1,Granulocytes
Combo_CTAAGACCAGTAACGG-1,Dendritic cells
Combo_CTAAGACGTACAGACG-1,Monocytes
Combo_CTAAGACGTACCTACA-1,Monocytes
Combo_CTAAGACGTCGTGGCT-1,Monocytes
Combo_CTAAGACGTGCGATAG-1,Monocytes
Combo_CTAATGGAGATGGCGT-1,Monocytes
Combo_CTAATGGCAACGATCT-1,Granulocytes
Combo_CTAATGGCATCCCATC-1,Monocytes
Combo_CTAATGGGTCAGGACA-1,Monocytes
Combo_CTAATGGTCATATCGG-1,Monocytes
Combo_CTAATGGTCTTGTTTG-1,Monocytes
Combo_CTACACCAGAGGTACC-1,Monocytes
Combo_CTACACCAGCTAGTCT-1,Monocytes
Combo_CTACACCCATCTCGCT-1,Monocytes
Combo_CTACACCGTACCATCA-1,Monocytes
Combo_CTACACCGTCTCATCC-1,Monocytes
Combo_CTACACCGTTCCTCCA-1,Monocytes
Combo_CTACACCTCAGTGTTG-1,Monocytes
Combo_CTACACCTCCTGTACC-1,Dendritic cells
Combo_CTACACCTCTCCCTGA-1,T cells
Combo_CTACATTAGCGCCTTG-1,Dendritic cells
Combo_CTACATTAGCGTAGTG-1,Monocytes
Combo_CTACATTAGGGTCGAT-1,Granulocytes
Combo_CTACATTAGGTACTCT-1,Monocytes
Combo_CTACATTAGTTACCCA-1,Granulocytes
Combo_CTACATTCAGGAATGC-1,Monocytes
Combo_CTACATTGTGTAACGG-1,Macrophages
Combo_CTACATTTCACATAGC-1,Monocytes
Combo_CTACCCACAAGAAAGG-1,Monocytes
Combo_CTACCCACATCTGGTA-1,Monocytes
Combo_CTACCCAGTCAATACC-1,Granulocytes
Combo_CTACCCAGTGAAAGAG-1,Monocytes
Combo_CTACCCATCAGCGACC-1,Monocytes
Combo_CTACCCATCGGGAGTA-1,Dendritic cells
Combo_CTACCCATCTTCGGTC-1,Monocytes
Combo_CTACGTCAGACAGACC-1,Monocytes
Combo_CTACGTCAGCTACCGC-1,Dendritic cells
Combo_CTACGTCAGGACGAAA-1,Dendritic cells
Combo_CTACGTCCAATCGAAA-1,Monocytes
Combo_CTACGTCGTAAGAGAG-1,Monocytes
Combo_CTACGTCGTAGAGTGC-1,Monocytes
Combo_CTACGTCGTAGCTAAA-1,Monocytes
Combo_CTACGTCGTCACTGGC-1,Monocytes
Combo_CTACGTCGTCGCGAAA-1,Monocytes
Combo_CTACGTCGTTCCAACA-1,Granulocytes
Combo_CTACGTCGTTCCACAA-1,Monocytes
Combo_CTACGTCGTTTAAGCC-1,Monocytes
Combo_CTACGTCTCCAAGCCG-1,Monocytes
Combo_CTAGAGTAGATCTGAA-1,Monocytes
Combo_CTAGAGTCACATAACC-1,Dendritic cells
Combo_CTAGAGTCATACGCTA-1,Granulocytes
Combo_CTAGAGTGTCTAGCGC-1,Monocytes
Combo_CTAGAGTTCATAGCAC-1,Monocytes
Combo_CTAGCCTAGACTTGAA-1,Granulocytes
Combo_CTAGCCTAGAGGTAGA-1,Dendritic cells
Combo_CTAGCCTAGGAGTAGA-1,Monocytes
Combo_CTAGCCTAGTACGTTC-1,Monocytes
Combo_CTAGCCTCAGTCTTCC-1,Dendritic cells
Combo_CTAGCCTGTAGCGTAG-1,Dendritic cells
Combo_CTAGCCTGTCCTAGCG-1,Dendritic cells
Combo_CTAGCCTTCAGGCAAG-1,Monocytes
Combo_CTAGTGAAGCGTGAAC-1,Monocytes
Combo_CTAGTGAAGGTGCACA-1,Dendritic cells
Combo_CTAGTGAAGTGAATTG-1,Granulocytes
Combo_CTAGTGAGTAAGTGTA-1,Dendritic cells
Combo_CTAGTGAGTCGGCACT-1,Monocytes
Combo_CTAGTGAGTCTAGTCA-1,Monocytes
Combo_CTAGTGAGTCTCTTAT-1,Granulocytes
Combo_CTAGTGATCCCAAGAT-1,Monocytes
Combo_CTAGTGATCGCTGATA-1,Monocytes
Combo_CTAGTGATCGGTTCGG-1,Monocytes
Combo_CTAGTGATCTCGTTTA-1,Dendritic cells
Combo_CTCACACAGCGATTCT-1,Dendritic cells
Combo_CTCACACAGTGACATA-1,Monocytes
Combo_CTCACACCAAACAACA-1,Monocytes
Combo_CTCACACGTACCCAAT-1,Dendritic cells
Combo_CTCACACGTCAACATC-1,Monocytes
Combo_CTCACACGTCTAGAGG-1,Monocytes
Combo_CTCACACGTTAAGGGC-1,Monocytes
Combo_CTCACACTCCGTACAA-1,Monocytes
Combo_CTCACACTCGACGGAA-1,Dendritic cells
Combo_CTCAGAAAGAGTGACC-1,Monocytes
Combo_CTCAGAACAGCCAATT-1,Granulocytes
Combo_CTCAGAACATCACGAT-1,Granulocytes
Combo_CTCAGAACATGCAATC-1,Dendritic cells
Combo_CTCAGAAGTATAGGGC-1,Monocytes
Combo_CTCAGAAGTCCTCCAT-1,Granulocytes
Combo_CTCAGAAGTTCCACAA-1,Monocytes
Combo_CTCAGAAGTTGGGACA-1,Dendritic cells
Combo_CTCAGAATCGTCTGAA-1,Granulocytes
Combo_CTCAGAATCTTGAGAC-1,Granulocytes
Combo_CTCATTAAGACTCGGA-1,Monocytes
Combo_CTCATTAAGCGTAGTG-1,Monocytes
Combo_CTCATTAAGTGGAGAA-1,Monocytes
Combo_CTCATTACAGACACTT-1,Monocytes
Combo_CTCATTAGTACCTACA-1,T cells
Combo_CTCATTAGTAGAAAGG-1,Monocytes
Combo_CTCATTAGTTCAGACT-1,Dendritic cells
Combo_CTCATTAGTTCAGTAC-1,Monocytes
Combo_CTCATTATCCATGAGT-1,Monocytes
Combo_CTCATTATCCGTAGTA-1,Granulocytes
Combo_CTCATTATCCTGCTTG-1,Dendritic cells
Combo_CTCATTATCGTCTGAA-1,Monocytes
Combo_CTCATTATCTAACCGA-1,Monocytes
Combo_CTCCTAGAGCGAGAAA-1,Dendritic cells
Combo_CTCCTAGAGGGATGGG-1,Dendritic cells
Combo_CTCCTAGAGTTAGGTA-1,Dendritic cells
Combo_CTCCTAGCAGCTCCGA-1,Monocytes
Combo_CTCCTAGCATGTCTCC-1,T cells
Combo_CTCCTAGGTGCAGGTA-1,Monocytes
Combo_CTCCTAGGTTCATGGT-1,Dendritic cells
Combo_CTCCTAGTCAGCGACC-1,Monocytes
Combo_CTCGAAAAGTCACGCC-1,Monocytes
Combo_CTCGAAAAGTCATCCA-1,Dendritic cells
Combo_CTCGAAAAGTGCAAGC-1,T cells
Combo_CTCGAAAAGTGGGATC-1,Monocytes
Combo_CTCGAAACAGAGCCAA-1,Monocytes
Combo_CTCGAAAGTACCGTTA-1,Monocytes
Combo_CTCGAAAGTACTTGAC-1,Granulocytes
Combo_CTCGAAAGTAGCGCTC-1,Monocytes
Combo_CTCGAAAGTCAATACC-1,Dendritic cells
Combo_CTCGAAAGTGGTCCGT-1,Monocytes
Combo_CTCGAAAGTTGGTGGA-1,Macrophages
Combo_CTCGAAATCCGCGGTA-1,Monocytes
Combo_CTCGAGGAGCAGGCTA-1,Monocytes
Combo_CTCGAGGAGTAGGCCA-1,Dendritic cells
Combo_CTCGAGGAGTGAAGAG-1,Monocytes
Combo_CTCGAGGCAGCATGAG-1,Monocytes
Combo_CTCGAGGCATACTCTT-1,Granulocytes
Combo_CTCGAGGTCCCAAGAT-1,Granulocytes
Combo_CTCGAGGTCGTGACAT-1,Monocytes
Combo_CTCGGAGAGAAGAAGC-1,Monocytes
Combo_CTCGGAGAGAAGATTC-1,Granulocytes
Combo_CTCGGAGAGAGTTGGC-1,Monocytes
Combo_CTCGGAGAGTACGTAA-1,Monocytes
Combo_CTCGGAGCATACCATG-1,Monocytes
Combo_CTCGGAGCATCGGACC-1,Monocytes
Combo_CTCGGAGCATGGGACA-1,Dendritic cells
Combo_CTCGGAGTCTACTCAT-1,Monocytes
Combo_CTCGGAGTCTGTCAAG-1,Monocytes
Combo_CTCGGGAAGATGAGAG-1,Monocytes
Combo_CTCGGGAAGGCGCTCT-1,Dendritic cells
Combo_CTCGGGAAGTGACTCT-1,Monocytes
Combo_CTCGGGACAGACACTT-1,Monocytes
Combo_CTCGGGAGTCAAAGAT-1,Monocytes
Combo_CTCGGGAGTCCGCTGA-1,Monocytes
Combo_CTCGGGAGTGGCTCCA-1,Monocytes
Combo_CTCGGGAGTTTCCACC-1,Monocytes
Combo_CTCGTACAGAGGTAGA-1,Macrophages
Combo_CTCGTACAGCGTAATA-1,Dendritic cells
Combo_CTCGTACCACATCTTT-1,T cells
Combo_CTCGTACCATCCGCGA-1,Monocytes
Combo_CTCGTACGTATAAACG-1,Monocytes
Combo_CTCGTACGTCGAGATG-1,Dendritic cells
Combo_CTCGTACGTCGCCATG-1,Dendritic cells
Combo_CTCGTACGTGACGCCT-1,Monocytes
Combo_CTCGTACGTGAGGGAG-1,Dendritic cells
Combo_CTCGTACGTTCGTGAT-1,Dendritic cells
Combo_CTCGTACTCTTATCTG-1,Monocytes
Combo_CTCGTCAAGCACACAG-1,Dendritic cells
Combo_CTCGTCAAGCTGTTCA-1,Dendritic cells
Combo_CTCGTCAAGTGTTAGA-1,Monocytes
Combo_CTCGTCACATCGACGC-1,Monocytes
Combo_CTCGTCAGTACCGTAT-1,Monocytes
Combo_CTCGTCAGTAGTACCT-1,Monocytes
Combo_CTCGTCAGTCTAGCGC-1,Dendritic cells
Combo_CTCGTCATCAAACAAG-1,Monocytes
Combo_CTCGTCATCACAACGT-1,Dendritic cells
Combo_CTCGTCATCCAAGTAC-1,Dendritic cells
Combo_CTCGTCATCGTATCAG-1,Dendritic cells
Combo_CTCTAATAGACACGAC-1,Granulocytes
Combo_CTCTAATAGTATTGGA-1,Monocytes
Combo_CTCTAATCACTGAAGG-1,Monocytes
Combo_CTCTAATCAGCCACCA-1,Monocytes
Combo_CTCTAATGTACTCTCC-1,Dendritic cells
Combo_CTCTAATGTAGCCTCG-1,Monocytes
Combo_CTCTAATGTCTCGTTC-1,Dendritic cells
Combo_CTCTAATGTGCATCTA-1,Monocytes
Combo_CTCTAATGTTAAAGTG-1,Monocytes
Combo_CTCTAATGTTGTGGCC-1,Monocytes
Combo_CTCTAATTCACTTACT-1,Monocytes
Combo_CTCTAATTCATTGCGA-1,Macrophages
Combo_CTCTAATTCGTCGTTC-1,Monocytes
Combo_CTCTACGAGAGGTTGC-1,Monocytes
Combo_CTCTACGAGTTCGCAT-1,Monocytes
Combo_CTCTACGCACTCGACG-1,Monocytes
Combo_CTCTACGCATGGATGG-1,Monocytes
Combo_CTCTACGTCCCTTGCA-1,Monocytes
Combo_CTCTACGTCCGAATGT-1,Monocytes
Combo_CTCTACGTCTGGCGAC-1,Monocytes
Combo_CTCTGGTAGAAGCCCA-1,Monocytes
Combo_CTCTGGTAGAGCTTCT-1,Monocytes
Combo_CTCTGGTAGTGAATTG-1,Monocytes
Combo_CTCTGGTAGTGTACGG-1,Monocytes
Combo_CTCTGGTCAGCTTCGG-1,Monocytes
Combo_CTCTGGTGTAGCTTGT-1,Monocytes
Combo_CTCTGGTGTCCATGAT-1,Monocytes
Combo_CTCTGGTGTGAAAGAG-1,Dendritic cells
Combo_CTCTGGTGTTGTGGCC-1,Dendritic cells
Combo_CTCTGGTTCAGCGATT-1,Monocytes
Combo_CTCTGGTTCCGCGTTT-1,Dendritic cells
Combo_CTCTGGTTCCTCCTAG-1,Dendritic cells
Combo_CTGAAACAGATCTGCT-1,Monocytes
Combo_CTGAAACCACATGGGA-1,Dendritic cells
Combo_CTGAAACCACCCAGTG-1,Monocytes
Combo_CTGAAACGTAATCGTC-1,Monocytes
Combo_CTGAAACGTTCCGGCA-1,Dendritic cells
Combo_CTGAAACTCCACTGGG-1,Monocytes
Combo_CTGAAGTAGGTCGGAT-1,Monocytes
Combo_CTGAAGTGTCGTTGTA-1,Dendritic cells
Combo_CTGAAGTTCGCTTGTC-1,Monocytes
Combo_CTGAAGTTCTATCCTA-1,Monocytes
Combo_CTGAAGTTCTCCAGGG-1,Monocytes
Combo_CTGATAGAGTCCAGGA-1,Granulocytes
Combo_CTGATAGCACGGTGTC-1,Monocytes
Combo_CTGATAGCATGTCGAT-1,Dendritic cells
Combo_CTGATAGTCCTTCAAT-1,Dendritic cells
Combo_CTGATAGTCCTTTACA-1,Dendritic cells
Combo_CTGATAGTCTCGCATC-1,Granulocytes
Combo_CTGATAGTCTTGACGA-1,Dendritic cells
Combo_CTGATCCAGATGCGAC-1,Monocytes
Combo_CTGATCCAGGCTAGCA-1,Dendritic cells
Combo_CTGATCCAGGTGACCA-1,Granulocytes
Combo_CTGATCCAGTCAAGGC-1,Monocytes
Combo_CTGATCCGTAAGAGAG-1,Dendritic cells
Combo_CTGATCCGTAGGCTGA-1,Dendritic cells
Combo_CTGATCCGTCCCTACT-1,Dendritic cells
Combo_CTGATCCTCACGACTA-1,Monocytes
Combo_CTGATCCTCGTTTAGG-1,Granulocytes
Combo_CTGCCTAAGAGGGATA-1,Dendritic cells
Combo_CTGCCTAAGAGTACAT-1,Granulocytes
Combo_CTGCCTAAGATGGCGT-1,Dendritic cells
Combo_CTGCCTAAGGAATCGC-1,Monocytes
Combo_CTGCCTACAATGGAAT-1,Monocytes
Combo_CTGCCTACACATGACT-1,Granulocytes
Combo_CTGCCTAGTAGGCTGA-1,Monocytes
Combo_CTGCCTAGTCGCTTCT-1,Granulocytes
Combo_CTGCCTAGTTGATTGC-1,Monocytes
Combo_CTGCCTATCCTAGAAC-1,Granulocytes
Combo_CTGCGGAAGGTTCCTA-1,T cells
Combo_CTGCGGAAGTGCTGCC-1,Monocytes
Combo_CTGCGGAAGTGTCCCG-1,Monocytes
Combo_CTGCGGACAACTGGCC-1,Monocytes
Combo_CTGCGGACACGGTTTA-1,Dendritic cells
Combo_CTGCGGACAGTGGAGT-1,Dendritic cells
Combo_CTGCGGAGTACCGTAT-1,Monocytes
Combo_CTGCGGAGTCTAAACC-1,Dendritic cells
Combo_CTGCGGATCAGAAATG-1,Dendritic cells
Combo_CTGCGGATCCGAGCCA-1,Monocytes
Combo_CTGCTGTAGTCATGCT-1,Monocytes
Combo_CTGCTGTAGTGACATA-1,T cells
Combo_CTGCTGTAGTTTAGGA-1,Monocytes
Combo_CTGCTGTCACGGTAAG-1,Monocytes
Combo_CTGCTGTCATCCGGGT-1,Monocytes
Combo_CTGCTGTGTACCGCTG-1,Monocytes
Combo_CTGCTGTGTACTTCTT-1,Monocytes
Combo_CTGCTGTGTCGAATCT-1,Dendritic cells
Combo_CTGCTGTGTCTAAAGA-1,Granulocytes
Combo_CTGCTGTGTTAAGGGC-1,Monocytes
Combo_CTGCTGTTCAGGCAAG-1,Granulocytes
Combo_CTGCTGTTCGGACAAG-1,Monocytes
Combo_CTGGTCTAGAATGTGT-1,Granulocytes
Combo_CTGGTCTAGAATTCCC-1,Monocytes
Combo_CTGGTCTAGGCTCTTA-1,Monocytes
Combo_CTGGTCTAGTGCGATG-1,Monocytes
Combo_CTGGTCTCACACAGAG-1,Monocytes
Combo_CTGGTCTCACGGTAAG-1,Monocytes
Combo_CTGGTCTCAGGGAGAG-1,Monocytes
Combo_CTGGTCTCAGTAGAGC-1,Granulocytes
Combo_CTGGTCTGTCGGATCC-1,Monocytes
Combo_CTGGTCTGTCTCTCGT-1,Monocytes
Combo_CTGGTCTGTGAGTGAC-1,Monocytes
Combo_CTGGTCTTCATCACCC-1,Granulocytes
Combo_CTGGTCTTCCTTTCGG-1,Monocytes
Combo_CTGGTCTTCGCGCCAA-1,Dendritic cells
Combo_CTGTGCTAGACACTAA-1,Dendritic cells
Combo_CTGTGCTAGATCCTGT-1,Monocytes
Combo_CTGTGCTAGGAATTAC-1,Dendritic cells
Combo_CTGTGCTCAGATGGCA-1,Monocytes
Combo_CTGTGCTGTAACGCGA-1,Dendritic cells
Combo_CTGTGCTGTCTTTCAT-1,Dendritic cells
Combo_CTGTGCTTCCGTCATC-1,Monocytes
Combo_CTGTGCTTCTACTATC-1,Dendritic cells
Combo_CTGTTTAAGAAACCGC-1,Dendritic cells
Combo_CTGTTTACAGCTGTTA-1,Dendritic cells
Combo_CTGTTTACATGCATGT-1,Monocytes
Combo_CTGTTTAGTCAATACC-1,Monocytes
Combo_CTGTTTAGTTGATTCG-1,Dendritic cells
Combo_CTGTTTATCGACAGCC-1,Monocytes
Combo_CTTAACTAGACGACGT-1,Monocytes
Combo_CTTAACTAGATGTGTA-1,Monocytes
Combo_CTTAACTAGTACCGGA-1,Monocytes
Combo_CTTAACTCAAAGTGCG-1,Monocytes
Combo_CTTAACTCAGCGATCC-1,Dendritic cells
Combo_CTTAACTCAGGGTATG-1,Monocytes
Combo_CTTAACTCATACGCCG-1,Monocytes
Combo_CTTAACTGTAACGACG-1,Dendritic cells
Combo_CTTAACTGTACAGTGG-1,Dendritic cells
Combo_CTTAACTGTACTCAAC-1,Dendritic cells
Combo_CTTAACTGTATGAAAC-1,Monocytes
Combo_CTTAACTGTCCGAAGA-1,Macrophages
Combo_CTTAACTGTCTAGCGC-1,Dendritic cells
Combo_CTTAACTGTTACGGAG-1,Monocytes
Combo_CTTAACTTCAGTTAGC-1,Dendritic cells
Combo_CTTACCGAGATGTGTA-1,Monocytes
Combo_CTTACCGAGCTGATAA-1,Dendritic cells
Combo_CTTACCGAGGAGTTTA-1,Monocytes
Combo_CTTACCGCACTTCTGC-1,Monocytes
Combo_CTTACCGCAGATAATG-1,Dendritic cells
Combo_CTTACCGCATCAGTAC-1,Granulocytes
Combo_CTTACCGCATTAGCCA-1,Macrophages
Combo_CTTACCGGTAAGGATT-1,Granulocytes
Combo_CTTACCGGTTACTGAC-1,Dendritic cells
Combo_CTTACCGGTTCTGGTA-1,Dendritic cells
Combo_CTTACCGTCACAAACC-1,Monocytes
Combo_CTTAGGAAGGCTAGAC-1,Monocytes
Combo_CTTAGGAGTTCCCTTG-1,Monocytes
Combo_CTTAGGATCATTGCGA-1,Monocytes
Combo_CTTAGGATCCCTCAGT-1,Monocytes
Combo_CTTAGGATCTGTCTCG-1,Monocytes
Combo_CTTCTCTAGGAGCGTT-1,Monocytes
Combo_CTTCTCTAGGCTACGA-1,Granulocytes
Combo_CTTCTCTAGTTACCCA-1,Granulocytes
Combo_CTTCTCTCAAGCCATT-1,Granulocytes
Combo_CTTCTCTCACCTCGGA-1,Granulocytes
Combo_CTTCTCTCATGAAGTA-1,Granulocytes
Combo_CTTCTCTGTCACCTAA-1,Dendritic cells
Combo_CTTCTCTGTCATATCG-1,Monocytes
Combo_CTTCTCTTCACTCCTG-1,Monocytes
Combo_CTTCTCTTCACTGGGC-1,Monocytes
Combo_CTTCTCTTCCTTCAAT-1,Monocytes
Combo_CTTCTCTTCGTCGTTC-1,T cells
Combo_CTTCTCTTCTGATTCT-1,Monocytes
Combo_CTTGGCTAGACATAAC-1,Granulocytes
Combo_CTTGGCTAGAGACTAT-1,Monocytes
Combo_CTTGGCTAGCAGGTCA-1,Monocytes
Combo_CTTGGCTAGCGATATA-1,Monocytes
Combo_CTTGGCTCACATTAGC-1,Granulocytes
Combo_CTTGGCTGTGAGGGTT-1,Granulocytes
Combo_CTTGGCTGTTACGGAG-1,Dendritic cells
Combo_CTTGGCTTCATTTGGG-1,Granulocytes
Combo_CTTGGCTTCTGCAAGT-1,Dendritic cells
Combo_CTTTGCGAGGCTCTTA-1,Monocytes
Combo_CTTTGCGCACTGAAGG-1,Monocytes
Combo_CTTTGCGCAGATGGGT-1,Granulocytes
Combo_CTTTGCGCAGGTGGAT-1,Dendritic cells
Combo_GAAACTCAGCAGATCG-1,Granulocytes
Combo_GAAACTCAGGACTGGT-1,Granulocytes
Combo_GAAACTCAGGATGTAT-1,Monocytes
Combo_GAAACTCAGTCCCACG-1,Monocytes
Combo_GAAACTCGTCAGAAGC-1,Dendritic cells
Combo_GAAACTCGTGCTTCTC-1,Monocytes
Combo_GAAACTCTCAGCAACT-1,Granulocytes
Combo_GAAACTCTCTACTATC-1,Monocytes
Combo_GAAATGAAGCCCTAAT-1,Monocytes
Combo_GAAATGAAGTCTCCTC-1,Monocytes
Combo_GAAATGAAGTTGAGTA-1,Monocytes
Combo_GAAATGAGTCCAGTAT-1,Dendritic cells
Combo_GAAATGAGTGTAACGG-1,Monocytes
Combo_GAAATGATCAAGGTAA-1,Monocytes
Combo_GAAATGATCATATCGG-1,Monocytes
Combo_GAACATCCAAGAAAGG-1,Monocytes
Combo_GAACATCCAGTGGGAT-1,Dendritic cells
Combo_GAACATCCATAGACTC-1,Dendritic cells
Combo_GAACATCGTCTAGAGG-1,Monocytes
Combo_GAACATCGTCTGCCAG-1,Monocytes
Combo_GAACATCTCGCCTGTT-1,Dendritic cells
Combo_GAACATCTCGTTGCCT-1,Monocytes
Combo_GAACCTAAGACCTTTG-1,Dendritic cells
Combo_GAACCTAAGCCTCGTG-1,Monocytes
Combo_GAACCTAAGCGCCTCA-1,Granulocytes
Combo_GAACCTAAGGAGCGTT-1,Monocytes
Combo_GAACCTAAGTCACGCC-1,Monocytes
Combo_GAACCTACAAGCCGTC-1,Monocytes
Combo_GAACCTACACCGATAT-1,Monocytes
Combo_GAACCTAGTACTTGAC-1,Granulocytes
Combo_GAACCTAGTGATAAAC-1,Monocytes
Combo_GAACCTATCCACGAAT-1,Granulocytes
Combo_GAACCTATCGCTTGTC-1,Monocytes
Combo_GAACCTATCGTTTAGG-1,Monocytes
Combo_GAACGGAGTACACCGC-1,Dendritic cells
Combo_GAACGGAGTCCAAGTT-1,Dendritic cells
Combo_GAACGGAGTTCCACTC-1,Granulocytes
Combo_GAACGGAGTTTGACTG-1,Monocytes
Combo_GAACGGATCATACGGT-1,Dendritic cells
Combo_GAACGGATCGAGAGCA-1,Monocytes
Combo_GAACGGATCTCACATT-1,Monocytes
Combo_GAAGCAGAGACAAGCC-1,Monocytes
Combo_GAAGCAGAGGTAGCCA-1,Monocytes
Combo_GAAGCAGCACTTAACG-1,Dendritic cells
Combo_GAAGCAGCAGATCGGA-1,Monocytes
Combo_GAAGCAGTCACCGTAA-1,Monocytes
Combo_GAAGCAGTCATTGCCC-1,Granulocytes
Combo_GAAGCAGTCCACTGGG-1,Monocytes
Combo_GAAGCAGTCTATCGCC-1,Macrophages
Combo_GAAGCAGTCTGCAAGT-1,Dendritic cells
Combo_GAATAAGAGATTACCC-1,Monocytes
Combo_GAATAAGAGTAGGTGC-1,Granulocytes
Combo_GAATAAGCATCCCATC-1,Monocytes
Combo_GAATAAGGTCAACATC-1,Monocytes
Combo_GAATAAGGTCCGTTAA-1,Dendritic cells
Combo_GAATAAGTCACTTCAT-1,Dendritic cells
Combo_GAATAAGTCAGTCAGT-1,Granulocytes
Combo_GAATAAGTCCGTCATC-1,Monocytes
Combo_GAATAAGTCTCCGGTT-1,Granulocytes
Combo_GAATGAAAGGCGTACA-1,Dendritic cells
Combo_GAATGAACAAGGACAC-1,Granulocytes
Combo_GAATGAACACAACTGT-1,Monocytes
Combo_GAATGAAGTAAGGATT-1,Dendritic cells
Combo_GAATGAAGTATGGTTC-1,Monocytes
Combo_GAATGAAGTCTGATCA-1,Monocytes
Combo_GAATGAATCACATGCA-1,Monocytes
Combo_GAATGAATCTAGAGTC-1,Monocytes
Combo_GAATGAATCTGTCTAT-1,Dendritic cells
Combo_GACACGCAGCCAACAG-1,Monocytes
Combo_GACACGCCATCGGAAG-1,Monocytes
Combo_GACACGCGTAGAGTGC-1,Monocytes
Combo_GACACGCGTTTCCACC-1,Monocytes
Combo_GACACGCTCATGTCCC-1,Monocytes
Combo_GACACGCTCCCGGATG-1,Dendritic cells
Combo_GACAGAGAGAATCTCC-1,Granulocytes
Combo_GACAGAGAGAGCTGCA-1,Monocytes
Combo_GACAGAGAGCAGATCG-1,Monocytes
Combo_GACAGAGAGGCACATG-1,Granulocytes
Combo_GACAGAGGTCAGAAGC-1,Monocytes
Combo_GACAGAGGTCTTTCAT-1,Dendritic cells
Combo_GACAGAGGTTCGGCAC-1,Monocytes
Combo_GACAGAGGTTGACGTT-1,Monocytes
Combo_GACAGAGTCTGATTCT-1,Dendritic cells
Combo_GACCAATAGCACAGGT-1,Monocytes
Combo_GACCAATAGCTAAACA-1,Monocytes
Combo_GACCAATAGTACGCGA-1,Granulocytes
Combo_GACCAATCAAGGACAC-1,Dendritic cells
Combo_GACCAATGTCTTTCAT-1,Dendritic cells
Combo_GACCAATGTTCGCGAC-1,Monocytes
Combo_GACCTGGCAAGGACAC-1,Dendritic cells
Combo_GACCTGGCACACCGCA-1,Monocytes
Combo_GACCTGGCAGCCTGTG-1,Monocytes
Combo_GACCTGGCATCCGTGG-1,Dendritic cells
Combo_GACCTGGGTGACAAAT-1,Dendritic cells
Combo_GACCTGGGTGATGATA-1,Dendritic cells
Combo_GACCTGGGTGGAAAGA-1,Dendritic cells
Combo_GACCTGGTCACGCGGT-1,Monocytes
Combo_GACCTGGTCAGCGATT-1,Dendritic cells
Combo_GACCTGGTCCTGCCAT-1,Monocytes
Combo_GACCTGGTCGGATGGA-1,Granulocytes
Combo_GACGCGTAGACTCGGA-1,Monocytes
Combo_GACGCGTAGAGAACAG-1,Monocytes
Combo_GACGCGTAGGCTACGA-1,Dendritic cells
Combo_GACGCGTAGGGCTTCC-1,Monocytes
Combo_GACGCGTCAATGGATA-1,Monocytes
Combo_GACGCGTCATCGACGC-1,Monocytes
Combo_GACGCGTCATGGGACA-1,Monocytes
Combo_GACGCGTGTCATATCG-1,Monocytes
Combo_GACGCGTGTCTAGTCA-1,Macrophages
Combo_GACGCGTTCGACAGCC-1,Monocytes
Combo_GACGCGTTCGCCTGAG-1,Monocytes
Combo_GACGCGTTCGTCGTTC-1,Granulocytes
Combo_GACGCGTTCTTGTACT-1,Dendritic cells
Combo_GACGGCTAGAGTGACC-1,Monocytes
Combo_GACGGCTAGCTGCCCA-1,Granulocytes
Combo_GACGGCTAGGAGTTGC-1,Monocytes
Combo_GACGGCTCACCAGCAC-1,Dendritic cells
Combo_GACGGCTCACGAGGTA-1,Dendritic cells
Combo_GACGGCTCATGCCACG-1,Monocytes
Combo_GACGGCTGTCATTAGC-1,Monocytes
Combo_GACGGCTGTGGTGTAG-1,Monocytes
Combo_GACGGCTGTGTTGGGA-1,Monocytes
Combo_GACGGCTTCATGTCCC-1,Granulocytes
Combo_GACGGCTTCGGTGTCG-1,Dendritic cells
Combo_GACGTGCAGGCTAGGT-1,Monocytes
Combo_GACGTGCAGGTGATAT-1,Granulocytes
Combo_GACGTGCCACGAAAGC-1,Monocytes
Combo_GACGTGCCACTTACGA-1,Monocytes
Combo_GACGTGCCATTCCTCG-1,Dendritic cells
Combo_GACGTGCGTTCACGGC-1,Monocytes
Combo_GACGTGCTCTAACTTC-1,Monocytes
Combo_GACGTTAAGTTGAGAT-1,Monocytes
Combo_GACGTTACATCCGTGG-1,Monocytes
Combo_GACGTTAGTCTGCCAG-1,Monocytes
Combo_GACGTTATCCGTAGGC-1,Monocytes
Combo_GACGTTATCCTTGGTC-1,Dendritic cells
Combo_GACGTTATCGCCGTGA-1,T cells
Combo_GACTAACAGCTCAACT-1,Dendritic cells
Combo_GACTAACCAAGCTGTT-1,Dendritic cells
Combo_GACTAACCACACTGCG-1,Dendritic cells
Combo_GACTAACCATCCCATC-1,Granulocytes
Combo_GACTAACGTCTTCGTC-1,Monocytes
Combo_GACTAACTCTGATTCT-1,Monocytes
Combo_GACTACAAGAATAGGG-1,Monocytes
Combo_GACTACAAGATCACGG-1,Granulocytes
Combo_GACTACAAGTCCATAC-1,Dendritic cells
Combo_GACTACACAGATGGGT-1,Monocytes
Combo_GACTACAGTCAAACTC-1,Monocytes
Combo_GACTACAGTCGACTAT-1,T cells
Combo_GACTACATCGAATCCA-1,Monocytes
Combo_GACTGCGAGAGACTAT-1,Granulocytes
Combo_GACTGCGAGAGGACGG-1,Dendritic cells
Combo_GACTGCGAGATACACA-1,Dendritic cells
Combo_GACTGCGAGCGTCTAT-1,Monocytes
Combo_GACTGCGCAAGTTGTC-1,Monocytes
Combo_GACTGCGGTCAGAGGT-1,Granulocytes
Combo_GACTGCGGTGCCTGCA-1,T cells
Combo_GACTGCGGTGCGATAG-1,T cells
Combo_GACTGCGGTTAGGGTG-1,Monocytes
Combo_GACTGCGTCCCAGGTG-1,Monocytes
Combo_GACTGCGTCCTAAGTG-1,Monocytes
Combo_GACTGCGTCTCTTATG-1,Monocytes
Combo_GAGCAGAAGACGCTTT-1,Monocytes
Combo_GAGCAGAAGGATGGTC-1,Dendritic cells
Combo_GAGCAGACAATGGTCT-1,Monocytes
Combo_GAGCAGACACACATGT-1,Dendritic cells
Combo_GAGCAGACACGCTTTC-1,Monocytes
Combo_GAGCAGACACGTAAGG-1,Monocytes
Combo_GAGCAGACATGCCTTC-1,Monocytes
Combo_GAGCAGACATTAGGCT-1,Granulocytes
Combo_GAGCAGAGTAAATGAC-1,Dendritic cells
Combo_GAGCAGAGTTCCGGCA-1,Dendritic cells
Combo_GAGCAGATCAATCACG-1,Monocytes
Combo_GAGCAGATCAGCTGGC-1,Monocytes
Combo_GAGCAGATCTCTAAGG-1,Dendritic cells
Combo_GAGGTGAAGACCACGA-1,Dendritic cells
Combo_GAGGTGAAGGTGCTTT-1,Granulocytes
Combo_GAGGTGACACAACTGT-1,Monocytes
Combo_GAGGTGAGTATCTGCA-1,Dendritic cells
Combo_GAGGTGAGTTCCTCCA-1,Monocytes
Combo_GAGGTGATCCACGAAT-1,Monocytes
Combo_GAGGTGATCCTATGTT-1,Dendritic cells
Combo_GAGGTGATCGCCAAAT-1,Monocytes
Combo_GAGGTGATCGGCATCG-1,Dendritic cells
Combo_GAGGTGATCTATCGCC-1,Monocytes
Combo_GAGTCCGCACCAACCG-1,Monocytes
Combo_GAGTCCGCACGAAATA-1,Dendritic cells
Combo_GAGTCCGGTCTGCCAG-1,Monocytes
Combo_GAGTCCGTCTGTGCAA-1,Macrophages
Combo_GAGTCCGTCTTTAGGG-1,Monocytes
Combo_GATCAGTAGGCCGAAT-1,Dendritic cells
Combo_GATCAGTCATCGTCGG-1,Monocytes
Combo_GATCAGTGTCGGATCC-1,Monocytes
Combo_GATCAGTTCACGATGT-1,Granulocytes
Combo_GATCAGTTCTCAAACG-1,Monocytes
Combo_GATCGATAGACAAGCC-1,Monocytes
Combo_GATCGATAGAGTGACC-1,Dendritic cells
Combo_GATCGATAGCGATGAC-1,Monocytes
Combo_GATCGATAGGCAAAGA-1,Monocytes
Combo_GATCGATCAACTTGAC-1,Monocytes
Combo_GATCGATGTAGAGCTG-1,Monocytes
Combo_GATCGATTCTCGATGA-1,Macrophages
Combo_GATCGCGAGATGCCAG-1,Dendritic cells
Combo_GATCGCGAGGCAGTCA-1,Monocytes
Combo_GATCGTAAGAAACCAT-1,Granulocytes
Combo_GATCGTAGTACCCAAT-1,Monocytes
Combo_GATCGTAGTATATCCG-1,Monocytes
Combo_GATCGTAGTATCGCAT-1,Monocytes
Combo_GATCGTAGTATGCTTG-1,Monocytes
Combo_GATCGTAGTCTAGAGG-1,Monocytes
Combo_GATCGTATCCTAGGGC-1,Monocytes
Combo_GATCTAGAGCGTTCCG-1,Monocytes
Combo_GATCTAGAGGGTTTCT-1,Monocytes
Combo_GATCTAGCACCCATGG-1,Monocytes
Combo_GATCTAGCACGCATCG-1,Monocytes
Combo_GATCTAGCAGTGAGTG-1,Dendritic cells
Combo_GATCTAGCATCTACGA-1,Monocytes
Combo_GATCTAGGTCGATTGT-1,Monocytes
Combo_GATCTAGTCGGCGCTA-1,Granulocytes
Combo_GATGAAAAGACGCTTT-1,Dendritic cells
Combo_GATGAAAAGAGGTTAT-1,Monocytes
Combo_GATGAAAAGATATGGT-1,Monocytes
Combo_GATGAAAAGGACAGAA-1,Monocytes
Combo_GATGAAACAGACGCTC-1,Dendritic cells
Combo_GATGAAAGTGTGACCC-1,Granulocytes
Combo_GATGAAAGTGTTTGTG-1,Dendritic cells
Combo_GATGAAAGTTCCACGG-1,Monocytes
Combo_GATGAAAGTTTGACTG-1,Monocytes
Combo_GATGAAATCTTATCTG-1,Granulocytes
Combo_GATGAGGAGAGCAATT-1,Dendritic cells
Combo_GATGAGGAGATGCCAG-1,Granulocytes
Combo_GATGAGGAGCCGCCTA-1,Dendritic cells
Combo_GATGAGGAGCGCCTCA-1,Monocytes
Combo_GATGAGGAGGTCGGAT-1,Monocytes
Combo_GATGAGGAGTGCCAGA-1,Monocytes
Combo_GATGAGGAGTTAGCGG-1,Monocytes
Combo_GATGAGGCAACTTGAC-1,Dendritic cells
Combo_GATGAGGCAGACGCTC-1,Granulocytes
Combo_GATGAGGGTATGAAAC-1,Monocytes
Combo_GATGAGGTCCCAAGAT-1,Monocytes
Combo_GATGAGGTCCCAGGTG-1,Monocytes
Combo_GATGAGGTCGGAGCAA-1,Monocytes
Combo_GATGCTAAGCAACGGT-1,Monocytes
Combo_GATGCTAAGTGGTAGC-1,Monocytes
Combo_GATGCTAAGTTAAGTG-1,Monocytes
Combo_GATGCTAGTACTTCTT-1,Dendritic cells
Combo_GATGCTAGTCTAGTCA-1,Monocytes
Combo_GATGCTATCGTCACGG-1,Monocytes
Combo_GATGCTATCTCACATT-1,Monocytes
Combo_GATTCAGAGCGTTGCC-1,Monocytes
Combo_GATTCAGAGTAGGCCA-1,Dendritic cells
Combo_GATTCAGAGTCGAGTG-1,Dendritic cells
Combo_GATTCAGCACACCGCA-1,Monocytes
Combo_GATTCAGTCAGCAACT-1,T cells
Combo_GATTCAGTCTGGTGTA-1,Monocytes
Combo_GCAAACTAGATGCGAC-1,Monocytes
Combo_GCAAACTAGCAGATCG-1,Monocytes
Combo_GCAAACTAGCGCCTCA-1,Monocytes
Combo_GCAAACTAGGGTTTCT-1,Granulocytes
Combo_GCAAACTCAAGTTAAG-1,Monocytes
Combo_GCAAACTCAGTTCATG-1,Granulocytes
Combo_GCAAACTCATCGGGTC-1,Dendritic cells
Combo_GCAAACTGTAGAAGGA-1,Granulocytes
Combo_GCAAACTGTCAGGACA-1,Dendritic cells
Combo_GCAATCAAGACTAAGT-1,Dendritic cells
Combo_GCAATCAAGCCGTCGT-1,Granulocytes
Combo_GCAATCAAGTCGAGTG-1,Monocytes
Combo_GCAATCAAGTTAGCGG-1,Dendritic cells
Combo_GCAATCACAATCCAAC-1,Dendritic cells
Combo_GCAATCACACATTCGA-1,Dendritic cells
Combo_GCAATCAGTAAGGGAA-1,Dendritic cells
Combo_GCAATCAGTCAGCTAT-1,Monocytes
Combo_GCAATCATCAACACCA-1,Monocytes
Combo_GCAATCATCAGTTCGA-1,Monocytes
Combo_GCAATCATCATGGTCA-1,Monocytes
Combo_GCAATCATCGGTGTCG-1,Granulocytes
Combo_GCAATCATCTGTCAAG-1,Monocytes
Combo_GCACATAAGCTAGTGG-1,Dendritic cells
Combo_GCACATAAGTCTCCTC-1,Monocytes
Combo_GCACATACACACTGCG-1,Monocytes
Combo_GCACATACATGGATGG-1,Monocytes
Combo_GCACATAGTAAACCTC-1,Monocytes
Combo_GCACATAGTCATCGGC-1,Monocytes
Combo_GCACATAGTTCGAATC-1,Granulocytes
Combo_GCACATATCACGGTTA-1,Monocytes
Combo_GCACATATCATCTGTT-1,Monocytes
Combo_GCACATATCTAACTCT-1,Dendritic cells
Combo_GCACTCTAGAAACCTA-1,Monocytes
Combo_GCACTCTAGCAGCCTC-1,Monocytes
Combo_GCACTCTCATCCCATC-1,Dendritic cells
Combo_GCACTCTTCGAGAACG-1,Granulocytes
Combo_GCAGCCAAGCCTATGT-1,Dendritic cells
Combo_GCAGCCAAGGGAACGG-1,Monocytes
Combo_GCAGCCACACCGTTGG-1,Granulocytes
Combo_GCAGCCACAGGACGTA-1,Dendritic cells
Combo_GCAGCCACAGGTGGAT-1,Monocytes
Combo_GCAGCCACATCTCCCA-1,Monocytes
Combo_GCAGCCAGTTAAGAAC-1,Monocytes
Combo_GCAGCCATCATCTGTT-1,T cells
Combo_GCAGCCATCCTTTACA-1,Monocytes
Combo_GCAGCCATCTACTATC-1,Granulocytes
Combo_GCAGTTAAGAGGGATA-1,Monocytes
Combo_GCAGTTACAATCTGCA-1,Monocytes
Combo_GCAGTTACATTCTTAC-1,Monocytes
Combo_GCAGTTAGTGGTCCGT-1,Monocytes
Combo_GCAGTTATCATCTGCC-1,Monocytes
Combo_GCAGTTATCCGCAGTG-1,Monocytes
Combo_GCAGTTATCTTCGGTC-1,Monocytes
Combo_GCATACAAGCTGCAAG-1,T cells
Combo_GCATACACAACGATCT-1,Monocytes
Combo_GCATACACACAGACTT-1,Monocytes
Combo_GCATACACAGCTGTAT-1,Dendritic cells
Combo_GCATACAGTGGCAAAC-1,T cells
Combo_GCATGATAGATCGATA-1,Monocytes
Combo_GCATGATAGCCAGGAT-1,Monocytes
Combo_GCATGATAGTGGGCTA-1,Dendritic cells
Combo_GCATGATCAACTGCGC-1,Monocytes
Combo_GCATGATCACCAACCG-1,Monocytes
Combo_GCATGATCAGTCGTGC-1,Monocytes
Combo_GCATGATGTACCATCA-1,Granulocytes
Combo_GCATGATGTCGCGGTT-1,Dendritic cells
Combo_GCATGATGTGGTCCGT-1,Monocytes
Combo_GCATGATTCGGAGGTA-1,Monocytes
Combo_GCATGCGAGAGCCCAA-1,Monocytes
Combo_GCATGCGAGCAGACTG-1,Monocytes
Combo_GCATGCGAGGCTAGCA-1,Monocytes
Combo_GCATGCGCATTAGGCT-1,T cells
Combo_GCATGCGGTCTACCTC-1,Monocytes
Combo_GCATGCGGTTAAGGGC-1,Monocytes
Combo_GCATGCGTCAGCATGT-1,Dendritic cells
Combo_GCATGCGTCGGCGCTA-1,Monocytes
Combo_GCATGTAAGACTAAGT-1,Monocytes
Combo_GCATGTACACTTGGAT-1,Dendritic cells
Combo_GCATGTATCAAGGCTT-1,Granulocytes
Combo_GCCAAATAGATATACG-1,Dendritic cells
Combo_GCCAAATAGCTGCAAG-1,Monocytes
Combo_GCCAAATAGGGCTTGA-1,Dendritic cells
Combo_GCCAAATAGGTGGGTT-1,Granulocytes
Combo_GCCAAATCATCTCGCT-1,Monocytes
Combo_GCCAAATCATTGTGCA-1,Monocytes
Combo_GCCAAATGTAAACCTC-1,Monocytes
Combo_GCCAAATGTAAATGAC-1,Monocytes
Combo_GCCAAATGTCAACATC-1,Granulocytes
Combo_GCCAAATGTCTTGCGG-1,Dendritic cells
Combo_GCCAAATGTGTGGCTC-1,Monocytes
Combo_GCCAAATTCAAACAAG-1,Monocytes
Combo_GCCAAATTCACCCGAG-1,Dendritic cells
Combo_GCCAAATTCCGCAAGC-1,Monocytes
Combo_GCCAAATTCCTATGTT-1,Dendritic cells
Combo_GCCTCTAAGACATAAC-1,Monocytes
Combo_GCCTCTAAGGTGCTAG-1,Granulocytes
Combo_GCCTCTAAGTGACATA-1,Granulocytes
Combo_GCCTCTAAGTGACTCT-1,Monocytes
Combo_GCCTCTACACTGAAGG-1,Monocytes
Combo_GCCTCTACATGCCTAA-1,Granulocytes
Combo_GCCTCTAGTCCAGTGC-1,Monocytes
Combo_GCCTCTAGTCTAGCCG-1,Dendritic cells
Combo_GCCTCTAGTCTCTCGT-1,Dendritic cells
Combo_GCCTCTAGTTATTCTC-1,Granulocytes
Combo_GCGACCAAGACTAGAT-1,Monocytes
Combo_GCGACCAAGCCTCGTG-1,Monocytes
Combo_GCGACCACAAGTTCTG-1,Dendritic cells
Combo_GCGACCACAGACGCAA-1,Monocytes
Combo_GCGACCACATCTCGCT-1,Monocytes
Combo_GCGACCAGTCATACTG-1,Dendritic cells
Combo_GCGACCATCATGTCCC-1,Monocytes
Combo_GCGACCATCTACTTAC-1,Monocytes
Combo_GCGACCATCTGGCGAC-1,Dendritic cells
Combo_GCGAGAAAGCTGATAA-1,Monocytes
Combo_GCGAGAAAGGCTAGCA-1,Monocytes
Combo_GCGAGAACAAGTTGTC-1,Monocytes
Combo_GCGAGAAGTAGTAGTA-1,Granulocytes
Combo_GCGAGAAGTCTAGGTT-1,Dendritic cells
Combo_GCGAGAATCCACGTGG-1,Monocytes
Combo_GCGAGAATCCGCAGTG-1,Dendritic cells
Combo_GCGAGAATCTTGACGA-1,Dendritic cells
Combo_GCGCAACAGATGAGAG-1,Monocytes
Combo_GCGCAACAGTTTAGGA-1,Dendritic cells
Combo_GCGCAACCACACTGCG-1,Dendritic cells
Combo_GCGCAACCACGTCTCT-1,Dendritic cells
Combo_GCGCAACGTTCTGTTT-1,Monocytes
Combo_GCGCAACTCATGTCTT-1,T cells
Combo_GCGCAACTCGACGGAA-1,Monocytes
Combo_GCGCAACTCGCGCCAA-1,Granulocytes
Combo_GCGCAACTCGTATCAG-1,Monocytes
Combo_GCGCAACTCTGCAAGT-1,Granulocytes
Combo_GCGCAACTCTGTGCAA-1,Monocytes
Combo_GCGCAACTCTTGAGGT-1,Monocytes
Combo_GCGCAGTCAATCGGTT-1,Granulocytes
Combo_GCGCAGTCACATGGGA-1,Dendritic cells
Combo_GCGCAGTGTAGAAAGG-1,Granulocytes
Combo_GCGCAGTTCACAGTAC-1,Monocytes
Combo_GCGCAGTTCTCCTATA-1,Dendritic cells
Combo_GCGCAGTTCTTGTCAT-1,Monocytes
Combo_GCGCCAAAGCGTGTCC-1,Monocytes
Combo_GCGCCAAAGGTGCTAG-1,Monocytes
Combo_GCGCCAACAACTGCGC-1,Monocytes
Combo_GCGCCAACACAACGTT-1,Granulocytes
Combo_GCGCCAACATACGCCG-1,Monocytes
Combo_GCGCCAAGTCATGCCG-1,Granulocytes
Combo_GCGCCAAGTTAAGTAG-1,Monocytes
Combo_GCGCCAAGTTGAACTC-1,Monocytes
Combo_GCGCGATCAGAGTGTG-1,Granulocytes
Combo_GCGCGATCAGATTGCT-1,Monocytes
Combo_GCGCGATCATAGAAAC-1,Dendritic cells
Combo_GCGCGATTCACCACCT-1,Monocytes
Combo_GCGCGATTCATACGGT-1,Dendritic cells
Combo_GCGCGATTCCGCAGTG-1,Monocytes
Combo_GCGGGTTGTAAAGGAG-1,Dendritic cells
Combo_GCGGGTTTCTGAGGGA-1,Monocytes
Combo_GCGGGTTTCTGGTTCC-1,Granulocytes
Combo_GCGGGTTTCTTCAACT-1,Monocytes
Combo_GCTCCTAAGCTGTTCA-1,Dendritic cells
Combo_GCTCCTAGTAAATGAC-1,Monocytes
Combo_GCTCCTAGTGAGGCTA-1,Monocytes
Combo_GCTCCTAGTGATGTCT-1,Monocytes
Combo_GCTCCTAGTGTGAATA-1,Monocytes
Combo_GCTCCTATCGGAAATA-1,Dendritic cells
Combo_GCTCTGTCAACGATGG-1,Granulocytes
Combo_GCTCTGTCAAGAGGCT-1,Granulocytes
Combo_GCTCTGTGTAAAGTCA-1,Monocytes
Combo_GCTCTGTGTCGCCATG-1,Monocytes
Combo_GCTCTGTGTTACCGAT-1,Monocytes
Combo_GCTCTGTTCTTACCTA-1,Dendritic cells
Combo_GCTGCAGAGACTAAGT-1,Monocytes
Combo_GCTGCAGAGCGATTCT-1,Monocytes
Combo_GCTGCAGAGCGTCTAT-1,Monocytes
Combo_GCTGCAGCAGTCTTCC-1,Monocytes
Combo_GCTGCAGGTAGTAGTA-1,Monocytes
Combo_GCTGCAGGTATAGTAG-1,Dendritic cells
Combo_GCTGCAGGTTGGTAAA-1,Monocytes
Combo_GCTGCAGTCATGCATG-1,Monocytes
Combo_GCTGCAGTCGACCAGC-1,Granulocytes
Combo_GCTGCGAAGAGCTGGT-1,Dendritic cells
Combo_GCTGCGAAGCTAACAA-1,Granulocytes
Combo_GCTGCGAAGGCATTGG-1,Monocytes
Combo_GCTGCGAGTCCGTCAG-1,Monocytes
Combo_GCTGCGATCCGGCACA-1,Dendritic cells
Combo_GCTGCGATCGGCGCTA-1,Monocytes
Combo_GCTGCTTAGGTGGGTT-1,Monocytes
Combo_GCTGCTTCACCCAGTG-1,Granulocytes
Combo_GCTGCTTGTCACAAGG-1,Monocytes
Combo_GCTGCTTTCCCTAACC-1,Dendritic cells
Combo_GCTGGGTCAGCTGCTG-1,Dendritic cells
Combo_GCTGGGTCATACGCTA-1,Monocytes
Combo_GCTGGGTGTACCATCA-1,Monocytes
Combo_GCTGGGTGTACTTCTT-1,Dendritic cells
Combo_GCTGGGTTCACCACCT-1,Monocytes
Combo_GCTGGGTTCACTCTTA-1,Monocytes
Combo_GCTTCCAAGTAGCCGA-1,Monocytes
Combo_GCTTCCACAAACTGTC-1,Dendritic cells
Combo_GCTTCCACAATGAATG-1,Granulocytes
Combo_GCTTCCAGTATATCCG-1,Monocytes
Combo_GCTTCCAGTGAGTGAC-1,Monocytes
Combo_GCTTCCAGTTACGCGC-1,Monocytes
Combo_GCTTCCAGTTTGGGCC-1,Monocytes
Combo_GCTTGAAAGAAGGCCT-1,Monocytes
Combo_GCTTGAAAGGGTGTGT-1,Dendritic cells
Combo_GCTTGAAAGTTTAGGA-1,Monocytes
Combo_GCTTGAACAACACGCC-1,T cells
Combo_GCTTGAACACAGCCCA-1,Monocytes
Combo_GCTTGAACACCGCTAG-1,Monocytes
Combo_GCTTGAACACGCTTTC-1,Dendritic cells
Combo_GCTTGAACATGCTAGT-1,Dendritic cells
Combo_GCTTGAAGTCGTGGCT-1,Dendritic cells
Combo_GCTTGAAGTGACTCAT-1,Monocytes
Combo_GCTTGAATCAATAAGG-1,T cells
Combo_GGAAAGCAGAAGCCCA-1,Monocytes
Combo_GGAAAGCAGAAGGCCT-1,Granulocytes
Combo_GGAAAGCCAACTGCGC-1,Monocytes
Combo_GGAAAGCCATGCGCAC-1,Monocytes
Combo_GGAAAGCGTGTAATGA-1,Monocytes
Combo_GGAAAGCGTTTCCACC-1,Monocytes
Combo_GGAAAGCTCAAACCAC-1,Monocytes
Combo_GGAAAGCTCAGTACGT-1,Granulocytes
Combo_GGAAAGCTCTTACCGC-1,Monocytes
Combo_GGAACTTAGAGAACAG-1,Granulocytes
Combo_GGAACTTAGAGTAATC-1,Monocytes
Combo_GGAACTTGTCGCATAT-1,T cells
Combo_GGAACTTGTCGTCTTC-1,Granulocytes
Combo_GGAACTTTCGTATCAG-1,Granulocytes
Combo_GGAATAAAGGCTATCT-1,Monocytes
Combo_GGAATAAAGTGACTCT-1,Monocytes
Combo_GGAATAACACTCTGTC-1,Monocytes
Combo_GGAATAACATGATCCA-1,Monocytes
Combo_GGAATAAGTCGAGTTT-1,Dendritic cells
Combo_GGAATAAGTGCACGAA-1,Granulocytes
Combo_GGAATAATCAAAGACA-1,Monocytes
Combo_GGACAAGAGCCTTGAT-1,Monocytes
Combo_GGACAAGAGCGATCCC-1,Monocytes
Combo_GGACAAGAGGAGTACC-1,Granulocytes
Combo_GGACAAGCAAATTGCC-1,Dendritic cells
Combo_GGACAAGCACATCCAA-1,Granulocytes
Combo_GGACAAGCATGCAATC-1,Dendritic cells
Combo_GGACAAGGTAAGCACG-1,Monocytes
Combo_GGACAAGGTACGCACC-1,Dendritic cells
Combo_GGACAAGGTATTCGTG-1,Monocytes
Combo_GGACAAGGTATTCTCT-1,Dendritic cells
Combo_GGACAAGGTGAAAGAG-1,Monocytes
Combo_GGACAAGGTTACAGAA-1,Granulocytes
Combo_GGACAGAAGCACGCCT-1,Monocytes
Combo_GGACAGAGTCGCATAT-1,Monocytes
Combo_GGACAGAGTTTGCATG-1,Monocytes
Combo_GGACAGATCATGCATG-1,Monocytes
Combo_GGACAGATCGCCATAA-1,Dendritic cells
Combo_GGACATTAGACTTGAA-1,Monocytes
Combo_GGACATTAGCGATCCC-1,Dendritic cells
Combo_GGACATTAGCGGCTTC-1,Granulocytes
Combo_GGACATTGTACGCTGC-1,Dendritic cells
Combo_GGACATTGTCCGTTAA-1,Dendritic cells
Combo_GGACATTTCATGCATG-1,Granulocytes
Combo_GGACATTTCGGTGTCG-1,Monocytes
Combo_GGACGTCAGGGATACC-1,Monocytes
Combo_GGACGTCAGTGGGATC-1,Dendritic cells
Combo_GGACGTCCATAAGACA-1,Monocytes
Combo_GGACGTCGTAGGACAC-1,Granulocytes
Combo_GGACGTCTCCACGCAG-1,Dendritic cells
Combo_GGACGTCTCGCCAGCA-1,Dendritic cells
Combo_GGACGTCTCGCCTGAG-1,Monocytes
Combo_GGACGTCTCGGCGGTT-1,Monocytes
Combo_GGAGCAAAGAGACTAT-1,Monocytes
Combo_GGAGCAAAGAGTAAGG-1,Granulocytes
Combo_GGAGCAAAGCGTTGCC-1,Monocytes
Combo_GGAGCAAAGGAACTGC-1,Monocytes
Combo_GGAGCAACACGAAAGC-1,Granulocytes
Combo_GGAGCAACAGATCCAT-1,Dendritic cells
Combo_GGAGCAAGTTAAGTAG-1,Monocytes
Combo_GGAGCAATCGCCGTGA-1,NK cells
Combo_GGAGCAATCTCGAGTA-1,Dendritic cells
Combo_GGATGTTAGATCCCGC-1,Monocytes
Combo_GGATGTTAGCCACGTC-1,Granulocytes
Combo_GGATGTTGTACCGAGA-1,Granulocytes
Combo_GGATGTTGTCGCCATG-1,Monocytes
Combo_GGATGTTGTTACGCGC-1,Monocytes
Combo_GGATGTTTCATCACCC-1,Dendritic cells
Combo_GGATGTTTCATCGATG-1,Monocytes
Combo_GGATTACAGATAGCAT-1,Granulocytes
Combo_GGATTACAGATGCCTT-1,Monocytes
Combo_GGATTACCAAGCGCTC-1,Monocytes
Combo_GGATTACGTACGCTGC-1,Dendritic cells
Combo_GGATTACTCGTGACAT-1,Dendritic cells
Combo_GGCAATTAGGGCTCTC-1,Dendritic cells
Combo_GGCAATTAGGTCGGAT-1,Monocytes
Combo_GGCAATTAGTCGTACT-1,Dendritic cells
Combo_GGCAATTAGTGGTCCC-1,Monocytes
Combo_GGCAATTGTATAAACG-1,Monocytes
Combo_GGCAATTGTCTCTCTG-1,Dendritic cells
Combo_GGCAATTGTGCTTCTC-1,Monocytes
Combo_GGCAATTGTTGAACTC-1,Monocytes
Combo_GGCCGATAGGCGATAC-1,Granulocytes
Combo_GGCCGATAGGGATACC-1,Monocytes
Combo_GGCCGATCATGAGCGA-1,Monocytes
Combo_GGCCGATGTTCGGGCT-1,Granulocytes
Combo_GGCCGATGTTTCCACC-1,Dendritic cells
Combo_GGCGACTAGCTGATAA-1,Dendritic cells
Combo_GGCGACTAGCTTTGGT-1,Monocytes
Combo_GGCGACTAGGAGTACC-1,Monocytes
Combo_GGCGACTCAGTTTACG-1,Monocytes
Combo_GGCGACTCATGGTCTA-1,Monocytes
Combo_GGCGACTCATTGCGGC-1,Monocytes
Combo_GGCGACTGTCGACTGC-1,Dendritic cells
Combo_GGCGACTGTGATGATA-1,Monocytes
Combo_GGCGACTTCATTGCCC-1,Granulocytes
Combo_GGCGACTTCCTAGAAC-1,Monocytes
Combo_GGCGACTTCGTAGGTT-1,Dendritic cells
Combo_GGCGTGTAGCGTGTCC-1,Monocytes
Combo_GGCGTGTAGGTGACCA-1,Monocytes
Combo_GGCGTGTAGTCGAGTG-1,Dendritic cells
Combo_GGCGTGTCACGGCTAC-1,Monocytes
Combo_GGCGTGTCATTCCTGC-1,Monocytes
Combo_GGCGTGTGTCCAACTA-1,Granulocytes
Combo_GGCGTGTGTCGATTGT-1,Monocytes
Combo_GGCGTGTGTCTCATCC-1,Dendritic cells
Combo_GGCGTGTGTGTAACGG-1,Dendritic cells
Combo_GGCGTGTTCTGGGCCA-1,Granulocytes
Combo_GGCTCGAAGACGACGT-1,Dendritic cells
Combo_GGCTCGAGTTATCACG-1,Monocytes
Combo_GGCTCGATCAACGGCC-1,Dendritic cells
Combo_GGCTCGATCAGCAACT-1,Monocytes
Combo_GGCTCGATCCGTTGCT-1,Monocytes
Combo_GGCTGGTAGTGAACAT-1,Monocytes
Combo_GGCTGGTCAAGCCATT-1,Monocytes
Combo_GGCTGGTGTCCAAGTT-1,Monocytes
Combo_GGCTGGTGTGTCGCTG-1,Granulocytes
Combo_GGCTGGTGTTCTCATT-1,Dendritic cells
Combo_GGCTGGTGTTTAGGAA-1,Monocytes
Combo_GGCTGGTTCCTTTCGG-1,Granulocytes
Combo_GGGAATGAGACAAGCC-1,Dendritic cells
Combo_GGGAATGAGACTGTAA-1,Monocytes
Combo_GGGAATGAGTGACTCT-1,Granulocytes
Combo_GGGAATGGTGGAAAGA-1,Monocytes
Combo_GGGAATGGTGTGACGA-1,Monocytes
Combo_GGGAATGTCGGTCTAA-1,Granulocytes
Combo_GGGAATGTCTATCCTA-1,Dendritic cells
Combo_GGGACCTAGAACAATC-1,Dendritic cells
Combo_GGGACCTAGAATAGGG-1,Monocytes
Combo_GGGACCTCACTTCGAA-1,Granulocytes
Combo_GGGACCTCAGTAGAGC-1,Dendritic cells
Combo_GGGACCTGTAATCGTC-1,Monocytes
Combo_GGGACCTGTACGACCC-1,Dendritic cells
Combo_GGGACCTGTAGTGAAT-1,Monocytes
Combo_GGGACCTGTCTTCGTC-1,Monocytes
Combo_GGGACCTTCTCGATGA-1,Dendritic cells
Combo_GGGAGATAGCGTAATA-1,Monocytes
Combo_GGGAGATAGTACTTGC-1,Dendritic cells
Combo_GGGAGATAGTCAAGCG-1,Monocytes
Combo_GGGAGATCATTGGGCC-1,T cells
Combo_GGGAGATGTGCAGACA-1,Monocytes
Combo_GGGATGAAGACATAAC-1,Dendritic cells
Combo_GGGATGAAGTCAAGCG-1,Monocytes
Combo_GGGATGACAATCCAAC-1,Dendritic cells
Combo_GGGATGAGTACCGGCT-1,Monocytes
Combo_GGGATGAGTTGTACAC-1,Monocytes
Combo_GGGATGATCATAACCG-1,T cells
Combo_GGGATGATCCCTCAGT-1,Granulocytes
Combo_GGGATGATCTGATTCT-1,Dendritic cells
Combo_GGGCACTCAGGATTGG-1,Monocytes
Combo_GGGCACTGTCCAGTTA-1,Monocytes
Combo_GGGCACTGTTTGGCGC-1,Dendritic cells
Combo_GGGCACTTCACGAAGG-1,Dendritic cells
Combo_GGGCATCAGATGGCGT-1,Monocytes
Combo_GGGCATCAGTACGCGA-1,Monocytes
Combo_GGGCATCCATACAGCT-1,Monocytes
Combo_GGGCATCCATCACGTA-1,Granulocytes
Combo_GGGCATCGTAATCGTC-1,Dendritic cells
Combo_GGGCATCGTAGGCTGA-1,Monocytes
Combo_GGGCATCGTCATCGGC-1,Dendritic cells
Combo_GGGCATCGTCGCATCG-1,Monocytes
Combo_GGGCATCTCACCATAG-1,Monocytes
Combo_GGGCATCTCGCTTAGA-1,Granulocytes
Combo_GGGTCTGAGAAGGTTT-1,Monocytes
Combo_GGGTCTGAGCTAGTCT-1,Monocytes
Combo_GGGTCTGAGGACATTA-1,Dendritic cells
Combo_GGGTCTGAGGGTGTGT-1,Monocytes
Combo_GGGTCTGCAGCCTTTC-1,Granulocytes
Combo_GGGTCTGGTACATGTC-1,Granulocytes
Combo_GGGTCTGGTCACAAGG-1,Dendritic cells
Combo_GGGTCTGGTCGTGGCT-1,Granulocytes
Combo_GGGTCTGGTGAAAGAG-1,Monocytes
Combo_GGGTCTGGTGATGATA-1,Dendritic cells
Combo_GGGTCTGTCGTACGGC-1,Granulocytes
Combo_GGGTCTGTCTCAAGTG-1,Granulocytes
Combo_GGGTCTGTCTTAACCT-1,Monocytes
Combo_GGGTTGCAGATGTCGG-1,Granulocytes
Combo_GGGTTGCCAGGGATTG-1,Dendritic cells
Combo_GGGTTGCGTATAGGGC-1,Monocytes
Combo_GGGTTGCGTCCGCTGA-1,Monocytes
Combo_GGGTTGCGTTAGGGTG-1,Dendritic cells
Combo_GGGTTGCGTTTCCACC-1,Granulocytes
Combo_GGGTTGCTCAAAGTAG-1,Monocytes
Combo_GGTATTGCAAGCCTAT-1,Granulocytes
Combo_GGTATTGCATACCATG-1,Monocytes
Combo_GGTATTGCATCAGTAC-1,Monocytes
Combo_GGTATTGGTAGCTCCG-1,Monocytes
Combo_GGTATTGGTCTAAAGA-1,Monocytes
Combo_GGTATTGGTCTTTCAT-1,Monocytes
Combo_GGTATTGGTTCCTCCA-1,Dendritic cells
Combo_GGTATTGTCTTCTGGC-1,Monocytes
Combo_GGTGAAGAGAGTACAT-1,Monocytes
Combo_GGTGAAGAGATATGCA-1,Dendritic cells
Combo_GGTGAAGAGGGCATGT-1,Dendritic cells
Combo_GGTGAAGAGTGCTGCC-1,Dendritic cells
Combo_GGTGAAGCAGACGCCT-1,Dendritic cells
Combo_GGTGAAGGTACCGCTG-1,Monocytes
Combo_GGTGAAGGTTCCCGAG-1,Monocytes
Combo_GGTGAAGTCACTTCAT-1,Macrophages
Combo_GGTGAAGTCTCGTTTA-1,Granulocytes
Combo_GGTGCGTAGGCAATTA-1,Dendritic cells
Combo_GGTGCGTAGGCAGGTT-1,Monocytes
Combo_GGTGCGTAGTTGAGAT-1,Monocytes
Combo_GGTGCGTCAATAGCGG-1,Monocytes
Combo_GGTGCGTCAGACGCCT-1,Monocytes
Combo_GGTGCGTGTCTAGGTT-1,Monocytes
Combo_GGTGCGTGTTCCCTTG-1,Monocytes
Combo_GGTGCGTTCACGGTTA-1,Monocytes
Combo_GGTGCGTTCCGATATG-1,Macrophages
Combo_GGTGCGTTCGTGGACC-1,Dendritic cells
Combo_GGTGTTAAGCGAGAAA-1,Monocytes
Combo_GGTGTTACATTCTTAC-1,Monocytes
Combo_GGTGTTAGTTATCACG-1,T cells
Combo_GGTGTTATCCGCATAA-1,Granulocytes
Combo_GGTGTTATCGTTTGCC-1,Granulocytes
Combo_GTAACGTAGTTTGCGT-1,Dendritic cells
Combo_GTAACGTCAACTGCGC-1,Granulocytes
Combo_GTAACGTCAAGTTGTC-1,Monocytes
Combo_GTAACGTCAGCTGTTA-1,Granulocytes
Combo_GTAACGTGTTATCCGA-1,Monocytes
Combo_GTAACGTTCCAAGCCG-1,Granulocytes
Combo_GTAACGTTCGCCATAA-1,Granulocytes
Combo_GTAACTGAGATATACG-1,Monocytes
Combo_GTAACTGAGCGATCCC-1,Granulocytes
Combo_GTAACTGCAACGCACC-1,Monocytes
Combo_GTAACTGCAAGGTTTC-1,Monocytes
Combo_GTAACTGCACGCCAGT-1,Monocytes
Combo_GTAACTGGTAGAGCTG-1,Monocytes
Combo_GTAACTGGTCGAGTTT-1,Monocytes
Combo_GTACGTAAGAGAACAG-1,Dendritic cells
Combo_GTACGTAAGCGTCTAT-1,Granulocytes
Combo_GTACGTAAGTATGACA-1,Granulocytes
Combo_GTACGTACAATAGCAA-1,Granulocytes
Combo_GTACGTACACCGAAAG-1,Dendritic cells
Combo_GTACGTACACGTCTCT-1,Monocytes
Combo_GTACGTAGTAGCACGA-1,Dendritic cells
Combo_GTACGTAGTATGAAAC-1,Dendritic cells
Combo_GTACGTAGTCTGCAAT-1,Dendritic cells
Combo_GTACGTATCGCAGGCT-1,Dendritic cells
Combo_GTACTCCAGGAACTGC-1,Monocytes
Combo_GTACTCCAGGATATAC-1,Monocytes
Combo_GTACTCCAGTGGGTTG-1,Monocytes
Combo_GTACTCCCAAGAAGAG-1,Monocytes
Combo_GTACTCCCACCCAGTG-1,Monocytes
Combo_GTACTCCGTAGCAAAT-1,Dendritic cells
Combo_GTACTCCTCATCGGAT-1,Monocytes
Combo_GTACTCCTCCCTCTTT-1,Monocytes
Combo_GTACTCCTCTGCAAGT-1,Monocytes
Combo_GTACTTTAGCGCCTTG-1,Monocytes
Combo_GTACTTTAGTGATCGG-1,Monocytes
Combo_GTACTTTAGTGCAAGC-1,Granulocytes
Combo_GTACTTTCACCGCTAG-1,Dendritic cells
Combo_GTACTTTCACGTCAGC-1,Granulocytes
Combo_GTACTTTCACTGTCGG-1,Monocytes
Combo_GTACTTTCAGAGTGTG-1,T cells
Combo_GTACTTTGTAGGCTGA-1,T cells
Combo_GTACTTTTCGGCATCG-1,Dendritic cells
Combo_GTAGGCCAGTACGACG-1,Monocytes
Combo_GTAGGCCCACGACGAA-1,Dendritic cells
Combo_GTAGGCCCACGTAAGG-1,Monocytes
Combo_GTAGGCCGTCAAACTC-1,Dendritic cells
Combo_GTAGGCCGTCCAACTA-1,Macrophages
Combo_GTAGGCCTCCGCGGTA-1,Monocytes
Combo_GTAGTCAAGACCGGAT-1,Monocytes
Combo_GTAGTCACACGAGGTA-1,Monocytes
Combo_GTAGTCACACGGCCAT-1,Monocytes
Combo_GTAGTCACATATACGC-1,Monocytes
Combo_GTAGTCACATCCGGGT-1,Monocytes
Combo_GTAGTCACATCGACGC-1,T cells
Combo_GTAGTCAGTCAGCTAT-1,Monocytes
Combo_GTAGTCATCACCTCGT-1,Monocytes
Combo_GTAGTCATCGGATGGA-1,Dendritic cells
Combo_GTATCTTAGACTACAA-1,Monocytes
Combo_GTATCTTAGGGCATGT-1,Monocytes
Combo_GTATCTTAGGGTCTCC-1,Monocytes
Combo_GTATCTTAGTAATCCC-1,Monocytes
Combo_GTATCTTAGTGTCTCA-1,Monocytes
Combo_GTATCTTCAATTGCTG-1,Dendritic cells
Combo_GTATCTTCAGCTTAAC-1,Dendritic cells
Combo_GTATCTTCATAACCTG-1,Dendritic cells
Combo_GTATCTTGTTGCTCCT-1,Granulocytes
Combo_GTATCTTTCTTCAACT-1,Granulocytes
Combo_GTATTCTAGCTAGTGG-1,Monocytes
Combo_GTATTCTCAGCTGGCT-1,Monocytes
Combo_GTATTCTCAGGATTGG-1,Dendritic cells
Combo_GTATTCTCATTAGCCA-1,Monocytes
Combo_GTATTCTGTACAGCAG-1,Monocytes
Combo_GTATTCTGTACGAAAT-1,Granulocytes
Combo_GTATTCTGTAGTGAAT-1,Monocytes
Combo_GTATTCTGTTATGCGT-1,Monocytes
Combo_GTATTCTGTTTACTCT-1,Dendritic cells
Combo_GTATTCTTCAACTCTT-1,Granulocytes
Combo_GTATTCTTCAGAAATG-1,Monocytes
Combo_GTATTCTTCCCTGACT-1,Dendritic cells
Combo_GTATTCTTCGCCATAA-1,Monocytes
Combo_GTATTCTTCGTAGGAG-1,Granulocytes
Combo_GTCAAGTAGACTACAA-1,Monocytes
Combo_GTCAAGTGTATATGAG-1,Granulocytes
Combo_GTCAAGTGTATTCGTG-1,Dendritic cells
Combo_GTCACAAAGACCTTTG-1,Granulocytes
Combo_GTCACAAAGGAGTAGA-1,Monocytes
Combo_GTCACAAAGGCCCGTT-1,Monocytes
Combo_GTCACAACACTGTTAG-1,Granulocytes
Combo_GTCACAACATGTTCCC-1,Granulocytes
Combo_GTCACAAGTCAGATAA-1,Granulocytes
Combo_GTCACAAGTGTCGCTG-1,Monocytes
Combo_GTCACAAGTTAAGACA-1,Dendritic cells
Combo_GTCACAATCAGTTGAC-1,Monocytes
Combo_GTCACAATCATCGCTC-1,Dendritic cells
Combo_GTCACAATCCGCAGTG-1,Granulocytes
Combo_GTCACAATCTATGTGG-1,Dendritic cells
Combo_GTCACAATCTTACCTA-1,Granulocytes
Combo_GTCACGGAGCCGATTT-1,Monocytes
Combo_GTCACGGGTGGACGAT-1,Monocytes
Combo_GTCACGGTCTGGCGTG-1,Granulocytes
Combo_GTCATTTAGCTGATAA-1,Dendritic cells
Combo_GTCATTTAGTCCAGGA-1,Monocytes
Combo_GTCATTTCACAGGCCT-1,Monocytes
Combo_GTCATTTCAGCGTAAG-1,Monocytes
Combo_GTCATTTCATAGACTC-1,Granulocytes
Combo_GTCATTTGTCGAACAG-1,Dendritic cells
Combo_GTCATTTTCAAACCAC-1,Granulocytes
Combo_GTCATTTTCAACGAAA-1,Monocytes
Combo_GTCATTTTCAGGCAAG-1,Dendritic cells
Combo_GTCATTTTCATTTGGG-1,Dendritic cells
Combo_GTCATTTTCCTGCTTG-1,Monocytes
Combo_GTCATTTTCGCTTGTC-1,Monocytes
Combo_GTCATTTTCTGCGTAA-1,Monocytes
Combo_GTCATTTTCTTTAGGG-1,Monocytes
Combo_GTCCTCAAGAAGGCCT-1,Monocytes
Combo_GTCCTCAAGGATGGAA-1,Monocytes
Combo_GTCCTCAAGGCATGTG-1,Monocytes
Combo_GTCCTCAAGGCGTACA-1,Monocytes
Combo_GTCCTCAAGTAGTGCG-1,Monocytes
Combo_GTCCTCAAGTCATGCT-1,Monocytes
Combo_GTCCTCACATCAGTCA-1,Dendritic cells
Combo_GTCCTCACATTTCAGG-1,Granulocytes
Combo_GTCCTCAGTCCTAGCG-1,Monocytes
Combo_GTCCTCAGTCTCCACT-1,Monocytes
Combo_GTCCTCATCATTCACT-1,Dendritic cells
Combo_GTCGGGTAGCGTAATA-1,Monocytes
Combo_GTCGGGTCATAGAAAC-1,Granulocytes
Combo_GTCGGGTCATTCACTT-1,T cells
Combo_GTCGGGTGTGATGTCT-1,Dendritic cells
Combo_GTCGGGTGTGTCCTCT-1,Monocytes
Combo_GTCGGGTGTTCTGTTT-1,Monocytes
Combo_GTCGTAAAGCGCCTTG-1,Dendritic cells
Combo_GTCGTAAAGTGCCATT-1,Dendritic cells
Combo_GTCGTAACAAGCCTAT-1,Granulocytes
Combo_GTCGTAATCCGATATG-1,Monocytes
Combo_GTCGTAATCTATCCTA-1,Monocytes
Combo_GTCTCGTAGTGTTAGA-1,Dendritic cells
Combo_GTCTCGTCAAAGGTGC-1,Dendritic cells
Combo_GTCTCGTCAATCCGAT-1,Monocytes
Combo_GTCTCGTCAGGCTCAC-1,Dendritic cells
Combo_GTCTCGTCATGTTCCC-1,Granulocytes
Combo_GTCTCGTGTTCAGCGC-1,Granulocytes
Combo_GTCTTCGAGAAGGACA-1,Granulocytes
Combo_GTCTTCGAGTCACGCC-1,Monocytes
Combo_GTCTTCGCAAGCCATT-1,Dendritic cells
Combo_GTCTTCGCACAGATTC-1,Dendritic cells
Combo_GTCTTCGCACGGCGTT-1,Monocytes
Combo_GTCTTCGGTTAAGTAG-1,Monocytes
Combo_GTCTTCGTCATAACCG-1,Granulocytes
Combo_GTCTTCGTCGTTGCCT-1,Dendritic cells
Combo_GTGAAGGAGACCACGA-1,Dendritic cells
Combo_GTGAAGGAGCAAATCA-1,Monocytes
Combo_GTGAAGGAGCGGCTTC-1,Monocytes
Combo_GTGAAGGAGCTCAACT-1,Monocytes
Combo_GTGAAGGAGCTTCGCG-1,Monocytes
Combo_GTGAAGGAGGCAATTA-1,Monocytes
Combo_GTGAAGGAGGGCATGT-1,Monocytes
Combo_GTGAAGGAGTCTCCTC-1,Dendritic cells
Combo_GTGAAGGGTAGCGATG-1,Dendritic cells
Combo_GTGAAGGGTCCTCCAT-1,Granulocytes
Combo_GTGAAGGGTTCCAACA-1,Monocytes
Combo_GTGAAGGTCAACCAAC-1,Monocytes
Combo_GTGAAGGTCAAGGCTT-1,Monocytes
Combo_GTGAAGGTCGGATGTT-1,Monocytes
Combo_GTGAAGGTCGGCGGTT-1,Monocytes
Combo_GTGAAGGTCTAACCGA-1,Monocytes
Combo_GTGCAGCAGACTACAA-1,Monocytes
Combo_GTGCAGCAGCTACCGC-1,Monocytes
Combo_GTGCAGCCACGAAGCA-1,Monocytes
Combo_GTGCAGCCAGTTAACC-1,Granulocytes
Combo_GTGCAGCGTCGCGAAA-1,Monocytes
Combo_GTGCAGCTCACGATGT-1,Granulocytes
Combo_GTGCAGCTCGAGCCCA-1,Dendritic cells
Combo_GTGCAGCTCGGCCGAT-1,Dendritic cells
Combo_GTGCATAAGAGCAATT-1,Monocytes
Combo_GTGCATACACCAGGCT-1,Dendritic cells
Combo_GTGCATACACTCAGGC-1,Monocytes
Combo_GTGCATACATATGAGA-1,Dendritic cells
Combo_GTGCATAGTAGGACAC-1,Dendritic cells
Combo_GTGCATAGTCCAGTAT-1,Monocytes
Combo_GTGCATATCATCTGTT-1,Monocytes
Combo_GTGCATATCGCATGAT-1,Monocytes
Combo_GTGCGGTCAAGCCGTC-1,Monocytes
Combo_GTGCGGTCAGTCGATT-1,Monocytes
Combo_GTGCGGTCATCCGCGA-1,Monocytes
Combo_GTGCGGTGTATGCTTG-1,Monocytes
Combo_GTGCGGTGTCGAGATG-1,Monocytes
Combo_GTGCGGTGTCTAGGTT-1,Monocytes
Combo_GTGCGGTTCAGTTTGG-1,Monocytes
Combo_GTGCTTCAGAAGGTGA-1,Granulocytes
Combo_GTGCTTCCAACTGCTA-1,Monocytes
Combo_GTGCTTCCACATTCGA-1,Monocytes
Combo_GTGCTTCCATCTGGTA-1,Monocytes
Combo_GTGCTTCGTAAACACA-1,Dendritic cells
Combo_GTGCTTCTCAGCAACT-1,Monocytes
Combo_GTGCTTCTCTACTATC-1,Monocytes
Combo_GTGGGTCAGATGTGGC-1,Monocytes
Combo_GTGGGTCAGGTGTGGT-1,Monocytes
Combo_GTGGGTCAGTCCATAC-1,Monocytes
Combo_GTGGGTCCACGAGAGT-1,Monocytes
Combo_GTGGGTCGTAGCTCCG-1,Monocytes
Combo_GTGGGTCGTTACGCGC-1,Monocytes
Combo_GTGGGTCGTTGTTTGG-1,Monocytes
Combo_GTGGGTCTCCTTTACA-1,Dendritic cells
Combo_GTGGGTCTCTCTAAGG-1,Monocytes
Combo_GTGTGCGAGGCGTACA-1,Monocytes
Combo_GTGTGCGAGGGTCTCC-1,Dendritic cells
Combo_GTGTGCGAGTACGTAA-1,Dendritic cells
Combo_GTGTGCGAGTAGGCCA-1,Dendritic cells
Combo_GTGTGCGCATGCCACG-1,Monocytes
Combo_GTGTGCGGTACCTACA-1,Monocytes
Combo_GTGTGCGGTCGTTGTA-1,Monocytes
Combo_GTGTTAGCACGACGAA-1,Granulocytes
Combo_GTGTTAGCACTGTGTA-1,Granulocytes
Combo_GTGTTAGCATGCCACG-1,Dendritic cells
Combo_GTGTTAGGTAATCGTC-1,Granulocytes
Combo_GTGTTAGGTGATGTGG-1,Monocytes
Combo_GTGTTAGGTGGTCCGT-1,Dendritic cells
Combo_GTGTTAGTCAGCACAT-1,Monocytes
Combo_GTTAAGCAGCATGGCA-1,Dendritic cells
Combo_GTTAAGCAGCTGCCCA-1,Monocytes
Combo_GTTAAGCGTAGCGCAA-1,Monocytes
Combo_GTTAAGCGTCGAATCT-1,Monocytes
Combo_GTTAAGCGTCTAGAGG-1,Monocytes
Combo_GTTAAGCGTGTTTGGT-1,Monocytes
Combo_GTTAAGCGTTAAAGTG-1,Monocytes
Combo_GTTAAGCGTTAAGATG-1,Monocytes
Combo_GTTAAGCGTTGGTGGA-1,Granulocytes
Combo_GTTAAGCGTTGTTTGG-1,Granulocytes
Combo_GTTAAGCTCTAACTCT-1,Monocytes
Combo_GTTAAGCTCTCGATGA-1,Monocytes
Combo_GTTACAGAGAACTCGG-1,Monocytes
Combo_GTTACAGAGCCGGTAA-1,Granulocytes
Combo_GTTACAGAGGTGTTAA-1,Dendritic cells
Combo_GTTCATTAGCAGGCTA-1,Granulocytes
Combo_GTTCATTAGGAATGGA-1,Monocytes
Combo_GTTCATTCAATAGCGG-1,Monocytes
Combo_GTTCATTCATACCATG-1,Monocytes
Combo_GTTCATTCATCCTTGC-1,Monocytes
Combo_GTTCATTGTAAATACG-1,Dendritic cells
Combo_GTTCATTGTCACTTCC-1,Monocytes
Combo_GTTCATTGTGATGATA-1,Monocytes
Combo_GTTCATTGTGATGCCC-1,Monocytes
Combo_GTTCGGGAGCTGCAAG-1,Monocytes
Combo_GTTCGGGAGGGAACGG-1,Monocytes
Combo_GTTCGGGGTCGCATCG-1,Dendritic cells
Combo_GTTCGGGTCAAGGTAA-1,Monocytes
Combo_GTTCGGGTCACCGGGT-1,Monocytes
Combo_GTTCGGGTCGAGAACG-1,Monocytes
Combo_GTTCGGGTCGCCGTGA-1,Granulocytes
Combo_GTTCTCGAGGTTCCTA-1,Monocytes
Combo_GTTCTCGCAAGGCTCC-1,Monocytes
Combo_GTTCTCGCACTTAAGC-1,Dendritic cells
Combo_GTTCTCGCAGGAATCG-1,Dendritic cells
Combo_GTTCTCGCATCGATTG-1,Monocytes
Combo_GTTCTCGCATGCCTTC-1,Monocytes
Combo_GTTCTCGGTAGCGATG-1,Monocytes
Combo_GTTCTCGGTCCAAGTT-1,Granulocytes
Combo_GTTCTCGTCATTTGGG-1,Monocytes
Combo_GTTCTCGTCCAGAAGG-1,Monocytes
Combo_GTTCTCGTCGTAGATC-1,Dendritic cells
Combo_GTTTCTAGTACGAAAT-1,Dendritic cells
Combo_GTTTCTATCGGCGCTA-1,Monocytes
Combo_GTTTCTATCTAACCGA-1,Dendritic cells
Combo_TAAACCGAGAGACGAA-1,Monocytes
Combo_TAAACCGAGCTAGTGG-1,Granulocytes
Combo_TAAACCGCACTAGTAC-1,Monocytes
Combo_TAAACCGCAGAGCCAA-1,Monocytes
Combo_TAAACCGCATGCCACG-1,Granulocytes
Combo_TAAACCGGTATTCGTG-1,Monocytes
Combo_TAAACCGGTGATGATA-1,Monocytes
Combo_TAAACCGGTGCAACTT-1,Dendritic cells
Combo_TAAACCGGTGGTGTAG-1,T cells
Combo_TAAACCGGTGTGCCTG-1,Monocytes
Combo_TAAACCGGTGTTAAGA-1,T cells
Combo_TAAACCGTCAATCTCT-1,Monocytes
Combo_TAAACCGTCACATACG-1,Monocytes
Combo_TAAACCGTCATTGCCC-1,Granulocytes
Combo_TAAACCGTCCGCAAGC-1,Monocytes
Combo_TAAGAGAAGAATTGTG-1,Monocytes
Combo_TAAGAGAAGTGACATA-1,Dendritic cells
Combo_TAAGAGACAGGGAGAG-1,Monocytes
Combo_TAAGAGACATTCGACA-1,Dendritic cells
Combo_TAAGAGAGTCCCTACT-1,Granulocytes
Combo_TAAGAGAGTCTCTTTA-1,Monocytes
Combo_TAAGAGAGTTATCCGA-1,Monocytes
Combo_TAAGAGATCCACGAAT-1,Monocytes
Combo_TAAGCGTAGCACAGGT-1,Granulocytes
Combo_TAAGCGTCATTCTCAT-1,T cells
Combo_TAAGCGTGTTTAGCTG-1,Granulocytes
Combo_TAAGCGTTCCCAAGAT-1,Dendritic cells
Combo_TAAGTGCAGAGTGACC-1,T cells
Combo_TAAGTGCAGATCTGCT-1,Monocytes
Combo_TAAGTGCAGCGTCTAT-1,Granulocytes
Combo_TAAGTGCAGGCCCGTT-1,Monocytes
Combo_TAAGTGCAGTTCCACA-1,Monocytes
Combo_TAAGTGCCACAGCCCA-1,Granulocytes
Combo_TAAGTGCCAGTGACAG-1,Monocytes
Combo_TAAGTGCGTAGCGATG-1,Monocytes
Combo_TAAGTGCGTGACCAAG-1,Dendritic cells
Combo_TAAGTGCGTGGTCTCG-1,Granulocytes
Combo_TAAGTGCGTTACGACT-1,Monocytes
Combo_TACACGAAGGCATTGG-1,Monocytes
Combo_TACACGACACTGCCAG-1,Dendritic cells
Combo_TACACGAGTCGCTTTC-1,Dendritic cells
Combo_TACACGAGTGTGCCTG-1,Monocytes
Combo_TACACGATCCTCGCAT-1,Dendritic cells
Combo_TACAGTGAGCCCGAAA-1,Monocytes
Combo_TACAGTGGTCATACTG-1,Monocytes
Combo_TACAGTGGTGAAATCA-1,Dendritic cells
Combo_TACAGTGGTGTGAAAT-1,Dendritic cells
Combo_TACAGTGGTTACCGAT-1,Granulocytes
Combo_TACAGTGGTTCGCTAA-1,Monocytes
Combo_TACAGTGTCGTTACAG-1,Granulocytes
Combo_TACCTATAGATGGGTC-1,Dendritic cells
Combo_TACCTATAGCTGGAAC-1,Macrophages
Combo_TACCTATAGTGCGATG-1,Monocytes
Combo_TACCTATCAAGCCGTC-1,Monocytes
Combo_TACCTATCACCACGTG-1,Dendritic cells
Combo_TACCTATCACTCAGGC-1,Monocytes
Combo_TACCTATCAGGGCATA-1,Dendritic cells
Combo_TACCTATGTATTACCG-1,Granulocytes
Combo_TACCTATTCGGGAGTA-1,Monocytes
Combo_TACCTTAAGTCACGCC-1,Monocytes
Combo_TACCTTAAGTCCCACG-1,Monocytes
Combo_TACCTTACAAGCTGGA-1,Monocytes
Combo_TACCTTACACCGGAAA-1,Monocytes
Combo_TACCTTACAGCCTATA-1,Dendritic cells
Combo_TACCTTACATCAGTCA-1,Monocytes
Combo_TACCTTAGTAAACACA-1,Monocytes
Combo_TACCTTAGTCCCGACA-1,Dendritic cells
Combo_TACCTTAGTTGGTGGA-1,Granulocytes
Combo_TACCTTATCAGCAACT-1,Monocytes
Combo_TACCTTATCAGTGCAT-1,Monocytes
Combo_TACCTTATCGCTAGCG-1,Monocytes
Combo_TACCTTATCTACTTAC-1,Granulocytes
Combo_TACGGATAGAAGGGTA-1,Monocytes
Combo_TACGGATAGCGTAATA-1,Dendritic cells
Combo_TACGGATAGTCCGGTC-1,Monocytes
Combo_TACGGATGTGACTACT-1,Granulocytes
Combo_TACGGATTCACCTTAT-1,Monocytes
Combo_TACGGATTCAGCTCGG-1,Monocytes
Combo_TACGGATTCCGCAAGC-1,Monocytes
Combo_TACGGATTCGGCTTGG-1,Monocytes
Combo_TACGGATTCGTGGACC-1,Monocytes
Combo_TACGGATTCTCCTATA-1,Granulocytes
Combo_TACGGGCAGATCCCAT-1,Granulocytes
Combo_TACGGGCAGGAATGGA-1,Granulocytes
Combo_TACGGGCCATTGGCGC-1,Monocytes
Combo_TACGGGCGTACCGTTA-1,Dendritic cells
Combo_TACGGGCTCCACGTTC-1,Monocytes
Combo_TACGGGCTCGCCAAAT-1,Monocytes
Combo_TACGGGCTCTCAAGTG-1,Monocytes
Combo_TACGGGCTCTTAACCT-1,Monocytes
Combo_TACGGGCTCTTAGAGC-1,T cells
Combo_TACGGTAAGCGGCTTC-1,Monocytes
Combo_TACGGTAAGGGTGTTG-1,NK cells
Combo_TACGGTAAGTAGCCGA-1,Monocytes
Combo_TACGGTACATACTACG-1,Dendritic cells
Combo_TACGGTAGTGTGACCC-1,Monocytes
Combo_TACGGTAGTTGTACAC-1,Granulocytes
Combo_TACGGTAGTTGTGGAG-1,Monocytes
Combo_TACGGTATCAAACAAG-1,Granulocytes
Combo_TACTCATAGATCCTGT-1,Dendritic cells
Combo_TACTCATAGCCTTGAT-1,Monocytes
Combo_TACTCATAGGCGACAT-1,Granulocytes
Combo_TACTCATCACAACTGT-1,Monocytes
Combo_TACTCATCACGTCTCT-1,Dendritic cells
Combo_TACTCATGTAAGCACG-1,Granulocytes
Combo_TACTCATGTCCTAGCG-1,Monocytes
Combo_TACTCATGTCGGCATC-1,Monocytes
Combo_TACTCATGTGGTACAG-1,Monocytes
Combo_TACTCATTCCAATGGT-1,Granulocytes
Combo_TACTCGCAGAGCTATA-1,Granulocytes
Combo_TACTCGCAGAGTACAT-1,Monocytes
Combo_TACTCGCAGATATGCA-1,Monocytes
Combo_TACTCGCAGCACACAG-1,Dendritic cells
Combo_TACTCGCAGTCCGGTC-1,Monocytes
Combo_TACTCGCCAATGGACG-1,Dendritic cells
Combo_TACTCGCCACCGTTGG-1,Monocytes
Combo_TACTCGCGTAGCGTGA-1,Monocytes
Combo_TACTCGCGTCCTAGCG-1,Monocytes
Combo_TACTCGCGTGCAGGTA-1,Monocytes
Combo_TACTCGCTCATGTCTT-1,Dendritic cells
Combo_TACTTACAGAACAATC-1,Macrophages
Combo_TACTTACAGCAGGTCA-1,Granulocytes
Combo_TACTTACAGGAGTTGC-1,Monocytes
Combo_TACTTACAGTCATGCT-1,Dendritic cells
Combo_TACTTACCAACGATGG-1,Dendritic cells
Combo_TACTTACCAATTCCTT-1,Dendritic cells
Combo_TACTTACGTAAGTGTA-1,Monocytes
Combo_TACTTACGTGCAGTAG-1,Monocytes
Combo_TACTTACGTTGGAGGT-1,Monocytes
Combo_TACTTGTAGAATCTCC-1,Monocytes
Combo_TACTTGTAGCACACAG-1,Dendritic cells
Combo_TACTTGTAGTTAGCGG-1,Monocytes
Combo_TACTTGTGTAAAGTCA-1,Monocytes
Combo_TACTTGTGTGCGATAG-1,Granulocytes
Combo_TAGACCAAGAGTCTGG-1,Monocytes
Combo_TAGACCAAGTAAGTAC-1,Granulocytes
Combo_TAGACCAAGTGATCGG-1,Monocytes
Combo_TAGACCAAGTGTGGCA-1,Monocytes
Combo_TAGACCACAAGCTGAG-1,Monocytes
Combo_TAGACCACATCACCCT-1,Monocytes
Combo_TAGACCATCAATCACG-1,Dendritic cells
Combo_TAGACCATCCTGCTTG-1,Monocytes
Combo_TAGACCATCGAACGGA-1,Dendritic cells
Combo_TAGACCATCGAGGTAG-1,Granulocytes
Combo_TAGACCATCGCTTAGA-1,Monocytes
Combo_TAGACCATCTGCGGCA-1,Granulocytes
Combo_TAGAGCTCAAGGACTG-1,Dendritic cells
Combo_TAGAGCTCATTAACCG-1,Dendritic cells
Combo_TAGAGCTGTCGCGAAA-1,Monocytes
Combo_TAGAGCTGTGCTGTAT-1,Monocytes
Combo_TAGAGCTGTTAAGATG-1,Monocytes
Combo_TAGAGCTGTTTGTGTG-1,Monocytes
Combo_TAGCCGGAGATAGCAT-1,Monocytes
Combo_TAGCCGGCAATGCCAT-1,Dendritic cells
Combo_TAGCCGGCAGATAATG-1,Monocytes
Combo_TAGCCGGGTCACAAGG-1,Monocytes
Combo_TAGCCGGGTCGAGTTT-1,Monocytes
Combo_TAGCCGGTCAATACCG-1,Monocytes
Combo_TAGCCGGTCACGCGGT-1,Monocytes
Combo_TAGCCGGTCCCAAGAT-1,Dendritic cells
Combo_TAGCCGGTCTTGGGTA-1,Granulocytes
Combo_TAGGCATAGTCGAGTG-1,Dendritic cells
Combo_TAGGCATCAAGTTCTG-1,Monocytes
Combo_TAGGCATCAGCGTTCG-1,Dendritic cells
Combo_TAGGCATGTCACAAGG-1,Dendritic cells
Combo_TAGGCATGTCCAGTAT-1,Monocytes
Combo_TAGGCATGTGGACGAT-1,Dendritic cells
Combo_TAGGCATTCTGATACG-1,Macrophages
Combo_TAGTGGTAGACTAGAT-1,Dendritic cells
Combo_TAGTGGTAGATCACGG-1,Monocytes
Combo_TAGTGGTAGGCTCATT-1,Monocytes
Combo_TAGTGGTCACAAGTAA-1,Monocytes
Combo_TAGTGGTCACCCAGTG-1,Monocytes
Combo_TAGTGGTCAGCTCGCA-1,Monocytes
Combo_TAGTGGTGTAGGGACT-1,Monocytes
Combo_TAGTGGTGTATTACCG-1,Dendritic cells
Combo_TAGTGGTTCACATACG-1,Granulocytes
Combo_TAGTGGTTCGAATCCA-1,Granulocytes
Combo_TAGTGGTTCTATGTGG-1,Monocytes
Combo_TAGTGGTTCTCAAGTG-1,Monocytes
Combo_TAGTGGTTCTGATTCT-1,Monocytes
Combo_TAGTTGGAGACCCACC-1,Dendritic cells
Combo_TAGTTGGAGGTGTTAA-1,Granulocytes
Combo_TAGTTGGCAAGCGCTC-1,Monocytes
Combo_TAGTTGGCAGTAAGCG-1,Dendritic cells
Combo_TAGTTGGCATCGTCGG-1,Dendritic cells
Combo_TAGTTGGCATGTCTCC-1,Monocytes
Combo_TAGTTGGCATTCCTCG-1,Monocytes
Combo_TAGTTGGGTTAAGACA-1,Granulocytes
Combo_TAGTTGGGTTACCAGT-1,Granulocytes
Combo_TAGTTGGTCAAACAAG-1,Monocytes
Combo_TAGTTGGTCAACGGGA-1,Monocytes
Combo_TAGTTGGTCTGTCTCG-1,Monocytes
Combo_TATCAGGAGACCCACC-1,Monocytes
Combo_TATCAGGAGATATACG-1,Granulocytes
Combo_TATCAGGAGCGTGAGT-1,Monocytes
Combo_TATCAGGAGGCGCTCT-1,Monocytes
Combo_TATCAGGAGTACGCCC-1,Monocytes
Combo_TATCAGGAGTGTCTCA-1,Dendritic cells
Combo_TATCAGGCACACAGAG-1,Granulocytes
Combo_TATCAGGCAGTATGCT-1,Monocytes
Combo_TATCAGGGTAGCGCAA-1,Monocytes
Combo_TATCAGGGTCGACTGC-1,Granulocytes
Combo_TATCAGGGTTAAAGAC-1,Monocytes
Combo_TATCTCAAGATAGTCA-1,Monocytes
Combo_TATCTCAAGATATACG-1,Dendritic cells
Combo_TATCTCAAGGGTATCG-1,Monocytes
Combo_TATCTCAAGTACGATA-1,Dendritic cells
Combo_TATCTCAAGTGGTAGC-1,Monocytes
Combo_TATCTCAAGTGTCCCG-1,Monocytes
Combo_TATCTCACAACGCACC-1,Monocytes
Combo_TATCTCACAATTCCTT-1,Monocytes
Combo_TATCTCACAGGTGCCT-1,Monocytes
Combo_TATCTCAGTACCATCA-1,Monocytes
Combo_TATCTCAGTCACCTAA-1,Granulocytes
Combo_TATCTCAGTGAACCTT-1,Monocytes
Combo_TATCTCAGTTCTGGTA-1,Dendritic cells
Combo_TATGCCCAGAACAACT-1,Monocytes
Combo_TATGCCCAGACTGGGT-1,Granulocytes
Combo_TATGCCCAGATGTGGC-1,Dendritic cells
Combo_TATGCCCAGGAGTCTG-1,Monocytes
Combo_TATGCCCGTACCAGTT-1,Monocytes
Combo_TATGCCCGTTACGTCA-1,Granulocytes
Combo_TATGCCCTCACCAGGC-1,Monocytes
Combo_TATGCCCTCCCGACTT-1,Monocytes
Combo_TATGCCCTCCGAACGC-1,Monocytes
Combo_TATTACCCAACACGCC-1,Dendritic cells
Combo_TATTACCCAGGAATGC-1,Granulocytes
Combo_TATTACCGTGACCAAG-1,Granulocytes
Combo_TATTACCTCCTATTCA-1,Dendritic cells
Combo_TCAACGAAGGAGTTTA-1,Monocytes
Combo_TCAACGACAAGCCCAC-1,Granulocytes
Combo_TCAACGACAGCCAGAA-1,Granulocytes
Combo_TCAACGAGTAAATGTG-1,Monocytes
Combo_TCAACGAGTACGCACC-1,Monocytes
Combo_TCAATCTAGCGATGAC-1,Granulocytes
Combo_TCAATCTAGGATCGCA-1,Monocytes
Combo_TCAATCTAGGGTGTGT-1,Monocytes
Combo_TCAATCTAGTGTACTC-1,Dendritic cells
Combo_TCAATCTCAAGCCCAC-1,Macrophages
Combo_TCAATCTCACGGTTTA-1,Monocytes
Combo_TCAATCTCAGATTGCT-1,Granulocytes
Combo_TCAATCTCAGCCTTGG-1,Monocytes
Combo_TCAATCTCATCCAACA-1,Granulocytes
Combo_TCAATCTGTAGAGCTG-1,Dendritic cells
Combo_TCAATCTGTGTGGTTT-1,Monocytes
Combo_TCAATCTTCTGCCAGG-1,Monocytes
Combo_TCACAAGAGACATAAC-1,Dendritic cells
Combo_TCACAAGAGGCAGTCA-1,Monocytes
Combo_TCACAAGCATCCCACT-1,Monocytes
Combo_TCACAAGGTCCAACTA-1,Monocytes
Combo_TCACAAGGTGAAGGCT-1,Monocytes
Combo_TCACAAGGTTGGACCC-1,Monocytes
Combo_TCACAAGTCACGCGGT-1,Monocytes
Combo_TCACAAGTCTTCATGT-1,Monocytes
Combo_TCACAAGTCTTGTATC-1,Monocytes
Combo_TCACGAAAGATGAGAG-1,Monocytes
Combo_TCACGAAAGGTGGGTT-1,Monocytes
Combo_TCACGAAAGTTCGCGC-1,Monocytes
Combo_TCACGAACAAACGTGG-1,Granulocytes
Combo_TCACGAACATACTCTT-1,Granulocytes
Combo_TCACGAAGTAGCCTAT-1,Dendritic cells
Combo_TCACGAAGTGCACCAC-1,Monocytes
Combo_TCACGAAGTTAGGGTG-1,Monocytes
Combo_TCACGAATCAAGGCTT-1,Granulocytes
Combo_TCACGAATCCTAGGGC-1,Monocytes
Combo_TCAGATGAGCTCCTCT-1,Monocytes
Combo_TCAGATGCACATCCGG-1,Granulocytes
Combo_TCAGATGCACCAGATT-1,Monocytes
Combo_TCAGATGCATGCAACT-1,Monocytes
Combo_TCAGATGGTCTAGCGC-1,Granulocytes
Combo_TCAGATGGTCTTGCGG-1,Dendritic cells
Combo_TCAGATGTCTGTTGAG-1,Granulocytes
Combo_TCAGCAAAGAACTGTA-1,Dendritic cells
Combo_TCAGCAAAGCAATATG-1,Monocytes
Combo_TCAGCAAAGCTTATCG-1,Monocytes
Combo_TCAGCAAAGGATCGCA-1,Monocytes
Combo_TCAGCAAAGGTGATAT-1,Granulocytes
Combo_TCAGCAAAGTAGTGCG-1,Dendritic cells
Combo_TCAGCAACACATTAGC-1,Monocytes
Combo_TCAGCAACATTAACCG-1,Monocytes
Combo_TCAGCAAGTTCAACCA-1,Monocytes
Combo_TCAGCAAGTTCCGTCT-1,Monocytes
Combo_TCAGCAATCAGTTAGC-1,Granulocytes
Combo_TCAGCAATCCAACCAA-1,Granulocytes
Combo_TCAGCAATCGGTCTAA-1,Dendritic cells
Combo_TCAGCTCCACTAGTAC-1,Dendritic cells
Combo_TCAGCTCCACTTGGAT-1,Monocytes
Combo_TCAGCTCCAGATGGGT-1,Monocytes
Combo_TCAGCTCCAGTGAGTG-1,Monocytes
Combo_TCAGCTCGTTAGGGTG-1,Monocytes
Combo_TCAGCTCGTTGTCTTT-1,Monocytes
Combo_TCAGCTCTCTACTCAT-1,Dendritic cells
Combo_TCAGGATCACACCGCA-1,Monocytes
Combo_TCAGGATCACCCAGTG-1,Monocytes
Combo_TCAGGATCACTATCTT-1,Monocytes
Combo_TCAGGATCAGACAAGC-1,Monocytes
Combo_TCAGGATCAGATCGGA-1,Monocytes
Combo_TCAGGATCAGGTCTCG-1,Monocytes
Combo_TCAGGATCATCGGACC-1,Monocytes
Combo_TCAGGATGTCCGAACC-1,Dendritic cells
Combo_TCAGGATGTGCACCAC-1,T cells
Combo_TCAGGATGTGCCTGGT-1,Monocytes
Combo_TCAGGATTCAAAGTAG-1,Monocytes
Combo_TCAGGATTCGTAGATC-1,Granulocytes
Combo_TCAGGTAAGTCAAGCG-1,Macrophages
Combo_TCAGGTAAGTGGTAGC-1,Monocytes
Combo_TCAGGTACACGACTCG-1,Granulocytes
Combo_TCAGGTACAGAGTGTG-1,Monocytes
Combo_TCAGGTACAGCTGCTG-1,Dendritic cells
Combo_TCAGGTAGTCGCATAT-1,Granulocytes
Combo_TCAGGTAGTTACCGAT-1,Dendritic cells
Combo_TCAGGTATCATCTGTT-1,B cells
Combo_TCAGGTATCCAAGTAC-1,Granulocytes
Combo_TCATTACAGATCTGAA-1,Monocytes
Combo_TCATTACCAACGATGG-1,Monocytes
Combo_TCATTACCATCGGGTC-1,Monocytes
Combo_TCATTACGTAGAGTGC-1,Dendritic cells
Combo_TCATTACGTGATGATA-1,Monocytes
Combo_TCATTACTCATTTGGG-1,Granulocytes
Combo_TCATTTGAGGGTTTCT-1,Monocytes
Combo_TCATTTGAGTGGGCTA-1,Dendritic cells
Combo_TCATTTGGTAAGGATT-1,Dendritic cells
Combo_TCATTTGGTTGTGGAG-1,Dendritic cells
Combo_TCATTTGTCATGGTCA-1,Dendritic cells
Combo_TCATTTGTCGGTTCGG-1,Granulocytes
Combo_TCATTTGTCTTGCCGT-1,Monocytes
Combo_TCCACACAGTTAACGA-1,Dendritic cells
Combo_TCCACACCAAGTCTGT-1,Monocytes
Combo_TCCACACCACCGAAAG-1,Dendritic cells
Combo_TCCACACGTCAACTGT-1,Monocytes
Combo_TCCACACGTCAGCTAT-1,Monocytes
Combo_TCCACACTCAGCCTAA-1,Monocytes
Combo_TCCACACTCATGGTCA-1,Dendritic cells
Combo_TCCACACTCATTTGGG-1,Monocytes
Combo_TCCACACTCCATGAGT-1,Monocytes
Combo_TCCCGATAGATCCGAG-1,Monocytes
Combo_TCCCGATAGGCTCAGA-1,Dendritic cells
Combo_TCCCGATGTAAATGAC-1,Monocytes
Combo_TCCCGATGTACGCACC-1,Dendritic cells
Combo_TCCCGATGTAGTAGTA-1,Dendritic cells
Combo_TCCCGATTCAATAAGG-1,Monocytes
Combo_TCCCGATTCACCTCGT-1,Granulocytes
Combo_TCGAGGCAGGCAGGTT-1,Monocytes
Combo_TCGAGGCAGGGCTTGA-1,Monocytes
Combo_TCGAGGCCAACACCCG-1,Monocytes
Combo_TCGAGGCCAAGCGATG-1,Monocytes
Combo_TCGAGGCCAGCATACT-1,Dendritic cells
Combo_TCGAGGCGTACTTAGC-1,Monocytes
Combo_TCGAGGCGTCTCGTTC-1,Monocytes
Combo_TCGAGGCGTGTGGCTC-1,Monocytes
Combo_TCGAGGCGTTCGCGAC-1,Granulocytes
Combo_TCGAGGCGTTTGACTG-1,Monocytes
Combo_TCGCGAGAGCGCCTCA-1,Monocytes
Combo_TCGCGAGAGCTAGTTC-1,Monocytes
Combo_TCGCGAGAGGCCGAAT-1,Monocytes
Combo_TCGCGAGCAATAGCAA-1,Monocytes
Combo_TCGCGAGCAGCTTCGG-1,Monocytes
Combo_TCGCGAGCAGTCTTCC-1,Monocytes
Combo_TCGCGAGGTACCAGTT-1,Monocytes
Combo_TCGCGAGGTCAAACTC-1,Granulocytes
Combo_TCGCGAGGTCTGGAGA-1,Granulocytes
Combo_TCGCGAGGTTGATTGC-1,Monocytes
Combo_TCGCGAGTCCAGAGGA-1,Dendritic cells
Combo_TCGCGAGTCGGCATCG-1,Granulocytes
Combo_TCGCGTTAGCCAACAG-1,Monocytes
Combo_TCGCGTTAGTATCGAA-1,Granulocytes
Combo_TCGCGTTCATTCACTT-1,Monocytes
Combo_TCGCGTTGTCGCTTCT-1,Monocytes
Combo_TCGCGTTGTCTAAAGA-1,Granulocytes
Combo_TCGCGTTGTGCTCTTC-1,Monocytes
Combo_TCGCGTTTCGGTTAAC-1,Monocytes
Combo_TCGCGTTTCTTTCCTC-1,Monocytes
Combo_TCGGGACAGAGGTTGC-1,Monocytes
Combo_TCGGGACAGATCCTGT-1,Granulocytes
Combo_TCGGGACAGCATCATC-1,Dendritic cells
Combo_TCGGGACAGGACGAAA-1,Granulocytes
Combo_TCGGGACAGGGTATCG-1,Granulocytes
Combo_TCGGGACAGTAACCCT-1,Granulocytes
Combo_TCGGGACCAGGGAGAG-1,Dendritic cells
Combo_TCGGGACCAGTAGAGC-1,Monocytes
Combo_TCGGGACGTGACGCCT-1,T cells
Combo_TCGGGACGTGGAAAGA-1,Monocytes
Combo_TCGGGACTCAGCATGT-1,Monocytes
Combo_TCGGTAAAGAAGAAGC-1,Granulocytes
Combo_TCGGTAAAGTGAATTG-1,Dendritic cells
Combo_TCGGTAACAATGGAAT-1,Monocytes
Combo_TCGGTAACATTAACCG-1,Granulocytes
Combo_TCGGTAACATTAGGCT-1,Granulocytes
Combo_TCGGTAACATTGAGCT-1,Monocytes
Combo_TCGGTAAGTAAAGTCA-1,Monocytes
Combo_TCGGTAAGTGTTGAGG-1,Dendritic cells
Combo_TCGTACCAGCACAGGT-1,Granulocytes
Combo_TCGTACCAGCTAGTCT-1,Granulocytes
Combo_TCGTACCAGGGTATCG-1,Granulocytes
Combo_TCGTACCCACGAAATA-1,Monocytes
Combo_TCGTACCCACGAGAGT-1,Monocytes
Combo_TCGTACCCATCTCCCA-1,Dendritic cells
Combo_TCGTACCGTGTAAGTA-1,Monocytes
Combo_TCGTACCGTGTGAATA-1,Monocytes
Combo_TCGTACCTCCAGAAGG-1,Granulocytes
Combo_TCGTACCTCCTTGCCA-1,Monocytes
Combo_TCGTAGAAGGCCATAG-1,Granulocytes
Combo_TCGTAGACACGAAACG-1,Monocytes
Combo_TCGTAGACACTCGACG-1,Monocytes
Combo_TCGTAGACATCAGTCA-1,Monocytes
Combo_TCGTAGACATTTGCTT-1,T cells
Combo_TCGTAGAGTAACGCGA-1,Monocytes
Combo_TCGTAGAGTATCGCAT-1,Dendritic cells
Combo_TCGTAGAGTGCATCTA-1,Dendritic cells
Combo_TCGTAGAGTTGAGGTG-1,Monocytes
Combo_TCGTAGATCACCGTAA-1,Monocytes
Combo_TCGTAGATCTCGATGA-1,Monocytes
Combo_TCGTAGATCTTTAGGG-1,Monocytes
Combo_TCTATTGAGATCACGG-1,Macrophages
Combo_TCTATTGAGCACCGCT-1,Monocytes
Combo_TCTATTGAGCTAGTTC-1,Granulocytes
Combo_TCTATTGGTATCACCA-1,Granulocytes
Combo_TCTATTGGTCTCCCTA-1,Monocytes
Combo_TCTATTGGTTGCGCAC-1,Dendritic cells
Combo_TCTCATAAGAGTGAGA-1,Monocytes
Combo_TCTCATAAGGAGTTGC-1,Monocytes
Combo_TCTCATACAATGGTCT-1,Monocytes
Combo_TCTCATACAGGGCATA-1,Dendritic cells
Combo_TCTCATAGTACAGACG-1,Granulocytes
Combo_TCTCATAGTCCTGCTT-1,Granulocytes
Combo_TCTCATAGTCGCATAT-1,Granulocytes
Combo_TCTCATAGTGCCTTGG-1,Monocytes
Combo_TCTCATAGTGTGTGCC-1,Monocytes
Combo_TCTCATATCACGCGGT-1,Monocytes
Combo_TCTCATATCCGCAGTG-1,Dendritic cells
Combo_TCTCATATCGGAGGTA-1,Dendritic cells
Combo_TCTCTAAAGAAACGAG-1,Dendritic cells
Combo_TCTCTAAAGAGTACCG-1,Granulocytes
Combo_TCTCTAAAGAGTGACC-1,Monocytes
Combo_TCTCTAAAGATCTGAA-1,Monocytes
Combo_TCTCTAACACAGGCCT-1,Granulocytes
Combo_TCTCTAAGTAATAGCA-1,Monocytes
Combo_TCTCTAAGTCTAAAGA-1,Dendritic cells
Combo_TCTCTAATCAGTTTGG-1,Dendritic cells
Combo_TCTCTAATCCTATGTT-1,Granulocytes
Combo_TCTCTAATCGATAGAA-1,Dendritic cells
Combo_TCTGAGAAGCGTGTCC-1,Monocytes
Combo_TCTGAGACACTTAACG-1,Monocytes
Combo_TCTGAGACATTCCTGC-1,Monocytes
Combo_TCTGAGAGTCAAAGAT-1,Monocytes
Combo_TCTGAGAGTCTGCAAT-1,Monocytes
Combo_TCTGAGAGTGACGCCT-1,Dendritic cells
Combo_TCTGAGAGTTGTCTTT-1,Monocytes
Combo_TCTGAGAGTTTAGCTG-1,Dendritic cells
Combo_TCTGGAAAGAGCCTAG-1,Dendritic cells
Combo_TCTGGAAAGAGTACCG-1,Monocytes
Combo_TCTGGAAAGATGCGAC-1,Monocytes
Combo_TCTGGAAAGCGGATCA-1,Monocytes
Combo_TCTGGAAAGTTCGCAT-1,Monocytes
Combo_TCTGGAACAAAGAATC-1,Granulocytes
Combo_TCTGGAACACAACGTT-1,T cells
Combo_TCTGGAAGTAATTGGA-1,Monocytes
Combo_TCTGGAAGTTATCCGA-1,Monocytes
Combo_TCTGGAATCAGCGACC-1,Granulocytes
Combo_TCTTCGGAGAGTAAGG-1,Granulocytes
Combo_TCTTCGGAGCTACCGC-1,Monocytes
Combo_TCTTCGGAGGCTCTTA-1,Granulocytes
Combo_TCTTCGGAGTACGCCC-1,Granulocytes
Combo_TCTTCGGCAAGTTGTC-1,Dendritic cells
Combo_TCTTCGGCACTGAAGG-1,Monocytes
Combo_TCTTCGGGTGCACGAA-1,Monocytes
Combo_TCTTCGGGTGCCTGCA-1,Macrophages
Combo_TCTTCGGGTTGAGTTC-1,Monocytes
Combo_TCTTCGGTCAGCGATT-1,Monocytes
Combo_TCTTCGGTCTATCCTA-1,Macrophages
Combo_TCTTTCCAGAAACCTA-1,Monocytes
Combo_TCTTTCCAGAGAACAG-1,Monocytes
Combo_TCTTTCCCACACTGCG-1,Monocytes
Combo_TCTTTCCCAGATGAGC-1,Granulocytes
Combo_TCTTTCCCATCACAAC-1,Monocytes
Combo_TCTTTCCCATTGTGCA-1,Dendritic cells
Combo_TCTTTCCGTAAGAGGA-1,Dendritic cells
Combo_TCTTTCCGTGAGGGTT-1,Monocytes
Combo_TCTTTCCGTGCTCTTC-1,Monocytes
Combo_TCTTTCCTCGTTGCCT-1,Granulocytes
Combo_TGAAAGAAGAAGCCCA-1,Dendritic cells
Combo_TGAAAGAAGACCCACC-1,Monocytes
Combo_TGAAAGAAGTTCGCGC-1,Monocytes
Combo_TGAAAGACAGCATACT-1,Monocytes
Combo_TGAAAGAGTAAGAGAG-1,Monocytes
Combo_TGAAAGAGTCTAAAGA-1,Monocytes
Combo_TGAAAGATCAACACCA-1,Monocytes
Combo_TGAAAGATCCGTAGTA-1,Granulocytes
Combo_TGAAAGATCCGTTGTC-1,Monocytes
Combo_TGAAAGATCTTTAGGG-1,Monocytes
Combo_TGACAACAGAGTAATC-1,Dendritic cells
Combo_TGACAACAGGAACTGC-1,Monocytes
Combo_TGACAACCACCAACCG-1,Monocytes
Combo_TGACAACGTACATCCA-1,Monocytes
Combo_TGACAACGTAGAGCTG-1,Monocytes
Combo_TGACAACGTCTAGCGC-1,Monocytes
Combo_TGACAACTCCAAAGTC-1,Granulocytes
Combo_TGACAACTCGCCAAAT-1,Monocytes
Combo_TGACAACTCGTCTGAA-1,T cells
Combo_TGACAACTCTAACTTC-1,Monocytes
Combo_TGACGGCAGGATCGCA-1,Monocytes
Combo_TGACGGCAGGGAGTAA-1,Monocytes
Combo_TGACGGCAGTCCGTAT-1,Dendritic cells
Combo_TGACGGCGTACGCTGC-1,Monocytes
Combo_TGACTAGAGAAACCTA-1,Monocytes
Combo_TGACTAGAGAATCTCC-1,Monocytes
Combo_TGACTAGCACGTGAGA-1,Dendritic cells
Combo_TGACTAGGTCGCGAAA-1,Monocytes
Combo_TGACTAGGTCTCCCTA-1,Monocytes
Combo_TGACTAGGTGAAGGCT-1,Dendritic cells
Combo_TGACTAGGTTCCCGAG-1,T cells
Combo_TGACTAGTCAGGCAAG-1,Monocytes
Combo_TGACTAGTCATCGCTC-1,Monocytes
Combo_TGACTAGTCATCTGTT-1,Monocytes
Combo_TGACTAGTCCGCAAGC-1,Granulocytes
Combo_TGACTAGTCGCGGATC-1,Monocytes
Combo_TGACTTTAGTTGTAGA-1,Monocytes
Combo_TGACTTTCAGACACTT-1,Dendritic cells
Combo_TGACTTTCATTTGCCC-1,Monocytes
Combo_TGACTTTGTAGTACCT-1,Dendritic cells
Combo_TGACTTTTCGTCTGCT-1,Granulocytes
Combo_TGAGAGGAGTGGTAAT-1,Dendritic cells
Combo_TGAGAGGCAGCTGTGC-1,T cells
Combo_TGAGAGGCATTACGAC-1,Monocytes
Combo_TGAGAGGGTTGTTTGG-1,Dendritic cells
Combo_TGAGAGGTCCATTCTA-1,Dendritic cells
Combo_TGAGAGGTCGCTAGCG-1,Monocytes
Combo_TGAGAGGTCTCCAGGG-1,Monocytes
Combo_TGAGCATAGCTGAACG-1,Dendritic cells
Combo_TGAGCATAGGACGAAA-1,Monocytes
Combo_TGAGCATCAATCCGAT-1,Dendritic cells
Combo_TGAGCATCAATGGATA-1,Dendritic cells
Combo_TGAGCATCACCAACCG-1,Granulocytes
Combo_TGAGCATCATGTAGTC-1,Dendritic cells
Combo_TGAGCATGTCGCGTGT-1,Monocytes
Combo_TGAGCATGTCTCGTTC-1,Monocytes
Combo_TGAGCATGTTCCATGA-1,Monocytes
Combo_TGAGCCGCACCGAATT-1,Monocytes
Combo_TGAGCCGGTATATGAG-1,Monocytes
Combo_TGAGCCGGTCCCGACA-1,Monocytes
Combo_TGAGCCGTCTGTGCAA-1,Monocytes
Combo_TGAGGGAAGACACTAA-1,Monocytes
Combo_TGAGGGAAGCCTATGT-1,Monocytes
Combo_TGAGGGACAAACGTGG-1,Monocytes
Combo_TGAGGGACAAGGACAC-1,Dendritic cells
Combo_TGAGGGACAGCGTCCA-1,Dendritic cells
Combo_TGAGGGAGTCCAGTAT-1,Monocytes
Combo_TGAGGGAGTGCATCTA-1,Dendritic cells
Combo_TGAGGGAGTTCGCGAC-1,Monocytes
Combo_TGAGGGATCCGGGTGT-1,Dendritic cells
Combo_TGATTTCAGATGTGGC-1,Monocytes
Combo_TGATTTCCAAGGGTCA-1,Monocytes
Combo_TGATTTCGTAGCGCAA-1,Monocytes
Combo_TGATTTCGTGGTCCGT-1,Dendritic cells
Combo_TGATTTCGTTCTCATT-1,Granulocytes
Combo_TGATTTCTCATCGCTC-1,T cells
Combo_TGATTTCTCCTGCCAT-1,Monocytes
Combo_TGATTTCTCTGAGTGT-1,Monocytes
Combo_TGCACCTAGACCTAGG-1,Monocytes
Combo_TGCACCTAGGACACCA-1,Granulocytes
Combo_TGCACCTCAAACAACA-1,Monocytes
Combo_TGCACCTCACGGCTAC-1,Monocytes
Combo_TGCACCTCATCTATGG-1,Granulocytes
Combo_TGCACCTCATTATCTC-1,Granulocytes
Combo_TGCACCTGTGCAGTAG-1,Monocytes
Combo_TGCACCTGTGTAAGTA-1,Monocytes
Combo_TGCACCTGTTAGAACA-1,Granulocytes
Combo_TGCACCTTCTTGTATC-1,Monocytes
Combo_TGCCAAAAGAATCTCC-1,Monocytes
Combo_TGCCAAAAGACAGACC-1,Monocytes
Combo_TGCCAAAAGAGCAATT-1,Monocytes
Combo_TGCCAAAAGCACCGCT-1,Granulocytes
Combo_TGCCAAAAGCGTGAGT-1,Dendritic cells
Combo_TGCCAAAAGGCGACAT-1,Monocytes
Combo_TGCCAAACAGCCTTTC-1,Dendritic cells
Combo_TGCCAAATCAGTCAGT-1,Dendritic cells
Combo_TGCCAAATCATCTGCC-1,Granulocytes
Combo_TGCCCATAGACCCACC-1,Monocytes
Combo_TGCCCATAGACTTTCG-1,Monocytes
Combo_TGCCCATAGAGGACGG-1,Monocytes
Combo_TGCCCATAGCGCCTTG-1,Monocytes
Combo_TGCCCATAGTCCATAC-1,Granulocytes
Combo_TGCCCATCAGAGTGTG-1,Monocytes
Combo_TGCCCATGTGCGCTTG-1,Monocytes
Combo_TGCCCATTCTATCCTA-1,Dendritic cells
Combo_TGCCCTAAGACTTGAA-1,Monocytes
Combo_TGCCCTAAGCCACGCT-1,Granulocytes
Combo_TGCCCTAAGGACATTA-1,Monocytes
Combo_TGCCCTACACGGTAGA-1,Monocytes
Combo_TGCCCTAGTCACTTCC-1,Dendritic cells
Combo_TGCCCTAGTTCCGTCT-1,Monocytes
Combo_TGCCCTATCCGCATAA-1,Dendritic cells
Combo_TGCGCAGAGCACCGCT-1,Monocytes
Combo_TGCGCAGAGTGCAAGC-1,Monocytes
Combo_TGCGCAGCAAAGGTGC-1,Dendritic cells
Combo_TGCGCAGCAAGTACCT-1,Dendritic cells
Combo_TGCGCAGCACACGCTG-1,Monocytes
Combo_TGCGCAGCACATAACC-1,Monocytes
Combo_TGCGCAGGTACAGTGG-1,Monocytes
Combo_TGCGCAGGTTCACGGC-1,Monocytes
Combo_TGCGCAGTCAACCAAC-1,Granulocytes
Combo_TGCGCAGTCCGTACAA-1,Monocytes
Combo_TGCGGGTAGATCCCGC-1,Dendritic cells
Combo_TGCGGGTAGGATGGAA-1,Monocytes
Combo_TGCGGGTAGGTGATTA-1,Monocytes
Combo_TGCGGGTAGTCGCCGT-1,Dendritic cells
Combo_TGCGGGTCAAAGCAAT-1,Monocytes
Combo_TGCGGGTCACCAGTTA-1,Monocytes
Combo_TGCGGGTGTAAGAGAG-1,Dendritic cells
Combo_TGCGGGTGTATCTGCA-1,Monocytes
Combo_TGCGGGTGTCTCGTTC-1,Macrophages
Combo_TGCGGGTGTCTCTCGT-1,Monocytes
Combo_TGCGTGGAGACTAGAT-1,Monocytes
Combo_TGCGTGGAGACTTGAA-1,Monocytes
Combo_TGCGTGGAGATGGCGT-1,Dendritic cells
Combo_TGCGTGGAGTTTAGGA-1,Granulocytes
Combo_TGCGTGGCAAGGTTTC-1,Dendritic cells
Combo_TGCGTGGGTAACGCGA-1,Granulocytes
Combo_TGCGTGGTCACAATGC-1,Dendritic cells
Combo_TGCGTGGTCAGCATGT-1,Dendritic cells
Combo_TGCGTGGTCGGAGCAA-1,Dendritic cells
Combo_TGCTACCAGTAGATGT-1,Monocytes
Combo_TGCTACCCACGGCCAT-1,Dendritic cells
Combo_TGCTACCCAGGATTGG-1,T cells
Combo_TGCTACCGTATCTGCA-1,Monocytes
Combo_TGCTACCGTCCGAGTC-1,Monocytes
Combo_TGCTACCGTGAGCGAT-1,Monocytes
Combo_TGCTACCGTGGAAAGA-1,Granulocytes
Combo_TGCTACCTCCAGAAGG-1,Dendritic cells
Combo_TGCTGCTAGCCACTAT-1,Monocytes
Combo_TGCTGCTAGGGATGGG-1,Dendritic cells
Combo_TGCTGCTAGTGCGTGA-1,Dendritic cells
Combo_TGCTGCTCATACGCTA-1,Monocytes
Combo_TGCTGCTTCCCTTGCA-1,Monocytes
Combo_TGCTGCTTCGGTGTTA-1,Macrophages
Combo_TGGACGCAGCCAGGAT-1,Monocytes
Combo_TGGACGCAGCGATTCT-1,T cells
Combo_TGGACGCAGTGTCTCA-1,Granulocytes
Combo_TGGACGCAGTTTGCGT-1,Dendritic cells
Combo_TGGACGCCACTGTGTA-1,Granulocytes
Combo_TGGACGCGTTGTTTGG-1,Monocytes
Combo_TGGACGCTCCACTCCA-1,Dendritic cells
Combo_TGGACGCTCGTACCGG-1,Dendritic cells
Combo_TGGCCAGAGGACGAAA-1,Monocytes
Combo_TGGCCAGAGTACTTGC-1,Granulocytes
Combo_TGGCCAGCACGGTGTC-1,Dendritic cells
Combo_TGGCCAGCACTCGACG-1,Dendritic cells
Combo_TGGCCAGGTACCTACA-1,Monocytes
Combo_TGGCCAGGTAGCCTAT-1,Monocytes
Combo_TGGCCAGGTCGGGTCT-1,Monocytes
Combo_TGGCCAGGTGCCTTGG-1,NK cells
Combo_TGGCCAGGTTAGAACA-1,Dendritic cells
Combo_TGGCCAGTCGACAGCC-1,Dendritic cells
Combo_TGGCGCAAGGACATTA-1,Dendritic cells
Combo_TGGCGCACACTGTTAG-1,Monocytes
Combo_TGGCGCACATGGATGG-1,Dendritic cells
Combo_TGGCGCACATTAGCCA-1,Monocytes
Combo_TGGCGCACATTATCTC-1,Dendritic cells
Combo_TGGCGCAGTACCGTAT-1,Monocytes
Combo_TGGCGCAGTCAGAAGC-1,Dendritic cells
Combo_TGGCGCAGTCTTGATG-1,Monocytes
Combo_TGGCGCAGTTATTCTC-1,Monocytes
Combo_TGGCGCATCCTAAGTG-1,Monocytes
Combo_TGGCTGGAGCTGCAAG-1,Granulocytes
Combo_TGGCTGGCAAAGGTGC-1,Monocytes
Combo_TGGCTGGGTAGAAGGA-1,Dendritic cells
Combo_TGGCTGGGTCCATGAT-1,Monocytes
Combo_TGGCTGGGTCGGCATC-1,Monocytes
Combo_TGGCTGGGTGCATCTA-1,Monocytes
Combo_TGGCTGGTCATGTCCC-1,Dendritic cells
Combo_TGGGAAGAGAAGCCCA-1,Monocytes
Combo_TGGGAAGAGCTGCAAG-1,Dendritic cells
Combo_TGGGAAGAGTTCGCGC-1,Dendritic cells
Combo_TGGGAAGCAACTGCTA-1,Monocytes
Combo_TGGGAAGCATCAGTCA-1,Monocytes
Combo_TGGGAAGGTAAGGGCT-1,Monocytes
Combo_TGGGAAGGTATATCCG-1,Granulocytes
Combo_TGGGAAGGTCAGAGGT-1,Dendritic cells
Combo_TGGGAAGGTCCCGACA-1,Monocytes
Combo_TGGGAAGGTCTAAAGA-1,Granulocytes
Combo_TGGGAAGGTTCATGGT-1,Monocytes
Combo_TGGGAAGTCAGAAATG-1,Monocytes
Combo_TGGGAAGTCGGTGTCG-1,Monocytes
Combo_TGGGCGTAGAGCCTAG-1,Monocytes
Combo_TGGGCGTAGGCGACAT-1,Monocytes
Combo_TGGGCGTCAACTGCTA-1,Dendritic cells
Combo_TGGGCGTCAATCCAAC-1,Monocytes
Combo_TGGGCGTGTTCATGGT-1,Dendritic cells
Combo_TGGGCGTTCGTACGGC-1,Monocytes
Combo_TGGTTAGAGGCGATAC-1,Monocytes
Combo_TGGTTAGAGGTACTCT-1,Monocytes
Combo_TGGTTAGAGTCTCCTC-1,Granulocytes
Combo_TGGTTAGCAAGCCGTC-1,Macrophages
Combo_TGGTTAGCATGGTAGG-1,T cells
Combo_TGGTTAGCATTAACCG-1,Monocytes
Combo_TGGTTAGGTCGCATAT-1,Monocytes
Combo_TGGTTAGTCAGATAAG-1,Monocytes
Combo_TGGTTAGTCCACGAAT-1,Granulocytes
Combo_TGGTTAGTCGTAGGAG-1,Monocytes
Combo_TGGTTCCAGAATTGTG-1,Granulocytes
Combo_TGGTTCCCACGCGAAA-1,Monocytes
Combo_TGGTTCCCAGACACTT-1,Monocytes
Combo_TGGTTCCCAGTATAAG-1,Dendritic cells
Combo_TGGTTCCGTACCGAGA-1,Monocytes
Combo_TGGTTCCGTCTTGCGG-1,Dendritic cells
Combo_TGGTTCCTCCATGAGT-1,Monocytes
Combo_TGTATTCAGGAACTGC-1,Monocytes
Combo_TGTATTCAGTACGCCC-1,Monocytes
Combo_TGTATTCCAAGCGAGT-1,Dendritic cells
Combo_TGTATTCCAGCTGGCT-1,Monocytes
Combo_TGTATTCGTAGGGTAC-1,Monocytes
Combo_TGTATTCTCAAACAAG-1,Monocytes
Combo_TGTATTCTCGTTTGCC-1,Monocytes
Combo_TGTATTCTCTTGAGAC-1,Dendritic cells
Combo_TGTATTCTCTTTCCTC-1,Dendritic cells
Combo_TGTCCCAAGATTACCC-1,Monocytes
Combo_TGTCCCAAGCTAAACA-1,Granulocytes
Combo_TGTCCCAGTAAATGTG-1,Monocytes
Combo_TGTCCCAGTCAAAGCG-1,Monocytes
Combo_TGTCCCAGTGCAACTT-1,Monocytes
Combo_TGTCCCATCCGTTGCT-1,Monocytes
Combo_TGTCCCATCTACCTGC-1,Macrophages
Combo_TGTGGTAAGAAACGAG-1,Monocytes
Combo_TGTGGTAAGCCTCGTG-1,Dendritic cells
Combo_TGTGGTAAGTGGAGTC-1,Monocytes
Combo_TGTGGTACAGTGGGAT-1,Dendritic cells
Combo_TGTGGTACATCCGTGG-1,Monocytes
Combo_TGTGGTAGTTCGGCAC-1,Monocytes
Combo_TGTGGTATCTTGTACT-1,Monocytes
Combo_TGTGTTTAGCTAACTC-1,Dendritic cells
Combo_TGTGTTTAGGAATGGA-1,Monocytes
Combo_TGTGTTTCAGATGGGT-1,Granulocytes
Combo_TGTGTTTGTCTAAACC-1,Monocytes
Combo_TGTGTTTTCGTAGGAG-1,T cells
Combo_TGTGTTTTCTCGGACG-1,Monocytes
Combo_TGTGTTTTCTGTTGAG-1,Monocytes
Combo_TGTGTTTTCTTCCTTC-1,Monocytes
Combo_TGTTCCGAGCAAATCA-1,Dendritic cells
Combo_TGTTCCGAGGCCATAG-1,Monocytes
Combo_TGTTCCGAGGCCCGTT-1,Granulocytes
Combo_TGTTCCGAGTCCGTAT-1,Granulocytes
Combo_TGTTCCGAGTTGTAGA-1,Monocytes
Combo_TGTTCCGAGTTGTCGT-1,Dendritic cells
Combo_TGTTCCGCAAGCGCTC-1,Dendritic cells
Combo_TGTTCCGCATGACGGA-1,Dendritic cells
Combo_TGTTCCGCATTGGTAC-1,Granulocytes
Combo_TGTTCCGGTCTAGAGG-1,Monocytes
Combo_TGTTCCGGTGCGAAAC-1,Monocytes
Combo_TGTTCCGGTGTAACGG-1,Dendritic cells
Combo_TGTTCCGTCACGACTA-1,Granulocytes
Combo_TGTTCCGTCATGGTCA-1,Dendritic cells
Combo_TTAACTCAGATTACCC-1,Granulocytes
Combo_TTAACTCAGTCCAGGA-1,Monocytes
Combo_TTAACTCCACAAGCCC-1,Monocytes
Combo_TTAACTCGTAGCGTGA-1,Monocytes
Combo_TTAACTCGTTCTCATT-1,Dendritic cells
Combo_TTAACTCTCTTGGGTA-1,Monocytes
Combo_TTAACTCTCTTTCCTC-1,Monocytes
Combo_TTAGGACAGATATGCA-1,Monocytes
Combo_TTAGGACAGTACGTTC-1,Monocytes
Combo_TTAGGACAGTGCGTGA-1,Monocytes
Combo_TTAGGACAGTGGAGAA-1,Granulocytes
Combo_TTAGGACCAAAGGAAG-1,Dendritic cells
Combo_TTAGGACCACAGCCCA-1,Monocytes
Combo_TTAGGACCATTGCGGC-1,Monocytes
Combo_TTAGGACGTAGCGCAA-1,Monocytes
Combo_TTAGGACGTATTCGTG-1,Dendritic cells
Combo_TTAGGACGTGTGACGA-1,Monocytes
Combo_TTAGGCAAGAATTCCC-1,Granulocytes
Combo_TTAGGCAAGCGATAGC-1,Dendritic cells
Combo_TTAGGCAAGGTGTGGT-1,Dendritic cells
Combo_TTAGGCAAGTACTTGC-1,Monocytes
Combo_TTAGGCAAGTGGAGAA-1,Monocytes
Combo_TTAGGCACAATGCCAT-1,Monocytes
Combo_TTAGGCACAGCCAGAA-1,Granulocytes
Combo_TTAGGCAGTAAGGATT-1,Monocytes
Combo_TTAGGCAGTACGCACC-1,Monocytes
Combo_TTAGGCAGTATTAGCC-1,T cells
Combo_TTAGGCAGTTTAGCTG-1,Monocytes
Combo_TTAGGCATCGATGAGG-1,Granulocytes
Combo_TTAGTTCCAAAGGTGC-1,Granulocytes
Combo_TTAGTTCCACAGATTC-1,Granulocytes
Combo_TTAGTTCCAGACGCAA-1,Granulocytes
Combo_TTAGTTCGTAGCAAAT-1,Granulocytes
Combo_TTAGTTCGTCACCTAA-1,Monocytes
Combo_TTATGCTAGTCGTACT-1,Dendritic cells
Combo_TTATGCTCACGAAACG-1,Monocytes
Combo_TTATGCTCACTAAGTC-1,Monocytes
Combo_TTATGCTCAGGATTGG-1,Monocytes
Combo_TTATGCTCATCACAAC-1,Monocytes
Combo_TTATGCTGTAGCGCAA-1,Monocytes
Combo_TTATGCTGTAGGCATG-1,T cells
Combo_TTATGCTGTGAGGGAG-1,Monocytes
Combo_TTATGCTTCCAAACTG-1,Monocytes
Combo_TTATGCTTCCCATTAT-1,Monocytes
Combo_TTATGCTTCCTGTACC-1,Monocytes
Combo_TTATGCTTCTCGCTTG-1,Dendritic cells
Combo_TTCCCAGAGATCTGAA-1,Dendritic cells
Combo_TTCCCAGAGCCCAACC-1,Dendritic cells
Combo_TTCCCAGAGTACGTAA-1,Monocytes
Combo_TTCCCAGAGTGACTCT-1,Monocytes
Combo_TTCCCAGCACAGATTC-1,Monocytes
Combo_TTCCCAGCAGTTTACG-1,Monocytes
Combo_TTCCCAGGTCGCGAAA-1,Monocytes
Combo_TTCCCAGGTGAACCTT-1,Granulocytes
Combo_TTCCCAGGTTCAGCGC-1,Monocytes
Combo_TTCCCAGTCCGATATG-1,Monocytes
Combo_TTCGAAGAGAAACCGC-1,Macrophages
Combo_TTCGAAGAGAAAGTGG-1,Dendritic cells
Combo_TTCGAAGAGCACCGCT-1,Monocytes
Combo_TTCGAAGAGGGTCGAT-1,Monocytes
Combo_TTCGAAGCAACTTGAC-1,Monocytes
Combo_TTCGAAGCAGTATCTG-1,Dendritic cells
Combo_TTCGAAGCATGGATGG-1,Dendritic cells
Combo_TTCGAAGGTGAACCTT-1,Dendritic cells
Combo_TTCGAAGGTGCAACGA-1,Granulocytes
Combo_TTCGAAGTCCCAAGAT-1,Monocytes
Combo_TTCGAAGTCCGTAGGC-1,Monocytes
Combo_TTCGAAGTCTAGAGTC-1,Monocytes
Combo_TTCGAAGTCTCTAAGG-1,T cells
Combo_TTCGGTCAGACGCTTT-1,Monocytes
Combo_TTCGGTCAGCCAACAG-1,Monocytes
Combo_TTCGGTCCAAGGTTTC-1,Dendritic cells
Combo_TTCGGTCCACATTAGC-1,T cells
Combo_TTCGGTCGTATAATGG-1,Granulocytes
Combo_TTCGGTCGTCTAAAGA-1,Monocytes
Combo_TTCGGTCGTCTCCATC-1,Monocytes
Combo_TTCGGTCTCAGCAACT-1,Dendritic cells
Combo_TTCGGTCTCGTTTATC-1,Monocytes
Combo_TTCTACAAGACTAAGT-1,Monocytes
Combo_TTCTACAAGATATGGT-1,Granulocytes
Combo_TTCTACAAGCCACCTG-1,Monocytes
Combo_TTCTACACACGTGAGA-1,Granulocytes
Combo_TTCTACAGTAAACGCG-1,Dendritic cells
Combo_TTCTACAGTAAATGAC-1,Monocytes
Combo_TTCTACAGTAGAAGGA-1,Monocytes
Combo_TTCTACAGTCAGCTAT-1,Dendritic cells
Combo_TTCTACAGTCTCTTTA-1,Granulocytes
Combo_TTCTACAGTTCAGGCC-1,Granulocytes
Combo_TTCTACAGTTCCACGG-1,Monocytes
Combo_TTCTCAAAGTAACCCT-1,Granulocytes
Combo_TTCTCAAAGTCCGTAT-1,Monocytes
Combo_TTCTCAACACGCCAGT-1,Monocytes
Combo_TTCTCAACACGGCTAC-1,Monocytes
Combo_TTCTCAACATTGGTAC-1,Monocytes
Combo_TTCTCAAGTTAGTGGG-1,Monocytes
Combo_TTCTCAATCCTTTACA-1,Monocytes
Combo_TTCTCCTAGAACTCGG-1,Monocytes
Combo_TTCTCCTAGCTGCGAA-1,Monocytes
Combo_TTCTCCTAGGTACTCT-1,Granulocytes
Combo_TTCTCCTAGTGGCACA-1,Monocytes
Combo_TTCTCCTAGTGTACCT-1,Monocytes
Combo_TTCTCCTCAAGCGCTC-1,Dendritic cells
Combo_TTCTCCTCAAGGTTTC-1,Monocytes
Combo_TTCTCCTCATCTGGTA-1,Monocytes
Combo_TTCTCCTGTAGCGATG-1,Monocytes
Combo_TTCTCCTGTATTAGCC-1,Dendritic cells
Combo_TTCTCCTGTCGTGGCT-1,Monocytes
Combo_TTCTCCTTCATCGATG-1,Dendritic cells
Combo_TTCTCCTTCATTATCC-1,Monocytes
Combo_TTCTCCTTCCACGTGG-1,Granulocytes
Combo_TTCTCCTTCGACGGAA-1,Monocytes
Combo_TTCTCCTTCTCCAACC-1,Dendritic cells
Combo_TTCTTAGAGCATCATC-1,Monocytes
Combo_TTCTTAGCAGCTGGCT-1,Granulocytes
Combo_TTCTTAGCATTCTTAC-1,Monocytes
Combo_TTCTTAGGTGTTGAGG-1,Monocytes
Combo_TTCTTAGGTTATCGGT-1,Monocytes
Combo_TTCTTAGGTTCTGTTT-1,Monocytes
Combo_TTCTTAGTCAAGCCTA-1,Monocytes
Combo_TTCTTAGTCGACAGCC-1,Dendritic cells
Combo_TTGAACGAGGACCACA-1,Dendritic cells
Combo_TTGAACGCACAGTCGC-1,Dendritic cells
Combo_TTGAACGGTCAGGACA-1,Granulocytes
Combo_TTGAACGGTCCAGTAT-1,Monocytes
Combo_TTGAACGGTGAACCTT-1,Monocytes
Combo_TTGAACGTCAGCCTAA-1,Monocytes
Combo_TTGAACGTCAGCTCTC-1,Monocytes
Combo_TTGAACGTCGAGAGCA-1,Dendritic cells
Combo_TTGAACGTCTCGCATC-1,Monocytes
Combo_TTGACTTAGCTATGCT-1,Monocytes
Combo_TTGACTTAGTTAAGTG-1,Granulocytes
Combo_TTGACTTGTATCTGCA-1,Monocytes
Combo_TTGACTTGTCCGCTGA-1,Granulocytes
Combo_TTGACTTGTGGCGAAT-1,Monocytes
Combo_TTGACTTGTGTCAATC-1,Monocytes
Combo_TTGACTTGTTCGTTGA-1,Dendritic cells
Combo_TTGACTTTCACCTTAT-1,Granulocytes
Combo_TTGACTTTCTGCTTGC-1,Monocytes
Combo_TTGCCGTAGTATTGGA-1,Granulocytes
Combo_TTGCCGTAGTTAAGTG-1,Dendritic cells
Combo_TTGCCGTCAGACTCGC-1,Monocytes
Combo_TTGCCGTCATCGATGT-1,Monocytes
Combo_TTGCCGTCATCGGAAG-1,Monocytes
Combo_TTGCCGTGTCCAGTGC-1,Monocytes
Combo_TTGCCGTGTCCTCCAT-1,Dendritic cells
Combo_TTGCCGTGTGGACGAT-1,Monocytes
Combo_TTGCCGTTCCAGATCA-1,Dendritic cells
Combo_TTGCCGTTCGCACTCT-1,Monocytes
Combo_TTGCCGTTCTAGAGTC-1,Monocytes
Combo_TTGCGTCAGCTGCGAA-1,Granulocytes
Combo_TTGCGTCCAGAAGCAC-1,Dendritic cells
Combo_TTGCGTCCAGCTGGCT-1,Monocytes
Combo_TTGCGTCCATCATCCC-1,Monocytes
Combo_TTGCGTCGTACTTGAC-1,Monocytes
Combo_TTGCGTCGTTAAGGGC-1,Monocytes
Combo_TTGCGTCTCATAGCAC-1,Monocytes
Combo_TTGGAACAGCGAGAAA-1,Monocytes
Combo_TTGGAACAGGCTCAGA-1,Monocytes
Combo_TTGGAACAGGGCACTA-1,Dendritic cells
Combo_TTGGAACCAAAGGCGT-1,Monocytes
Combo_TTGGAACCACATGACT-1,Monocytes
Combo_TTGGAACCATACAGCT-1,Monocytes
Combo_TTGGAACGTAAGGGCT-1,Dendritic cells
Combo_TTGGAACGTGACCAAG-1,Monocytes
Combo_TTGGAACGTTATGTGC-1,Monocytes
Combo_TTGGAACTCACCTCGT-1,Monocytes
Combo_TTGGAACTCGCGTTTC-1,Monocytes
Combo_TTGGAACTCTTGTTTG-1,Monocytes
Combo_TTGGCAAAGATCCCAT-1,Monocytes
Combo_TTGGCAAAGTGTCCAT-1,Granulocytes
Combo_TTGGCAACAAGAAAGG-1,Monocytes
Combo_TTGGCAACAAGCTGAG-1,Monocytes
Combo_TTGGCAATCTGACCTC-1,Dendritic cells
Combo_TTGTAGGAGCGTTCCG-1,Monocytes
Combo_TTGTAGGAGTCATGCT-1,Granulocytes
Combo_TTGTAGGCACGGATAG-1,Monocytes
Combo_TTGTAGGCAGCCTGTG-1,Granulocytes
Combo_TTGTAGGGTAACGCGA-1,Monocytes
Combo_TTGTAGGGTAGCACGA-1,Monocytes
Combo_TTGTAGGGTCCCTACT-1,Granulocytes
Combo_TTGTAGGGTGATGTCT-1,Monocytes
Combo_TTGTAGGTCACAGTAC-1,Monocytes
Combo_TTGTAGGTCAGAGGTG-1,Monocytes
Combo_TTTACTGAGCAGGTCA-1,Monocytes
Combo_TTTACTGAGGCCCTCA-1,Dendritic cells
Combo_TTTACTGAGTGAACGC-1,Monocytes
Combo_TTTACTGAGTGGCACA-1,Dendritic cells
Combo_TTTACTGCATCGACGC-1,Dendritic cells
Combo_TTTATGCAGCGTGAGT-1,T cells
Combo_TTTATGCAGGCCGAAT-1,Monocytes
Combo_TTTATGCAGTGGTAGC-1,Granulocytes
Combo_TTTATGCGTAGGGTAC-1,Monocytes
Combo_TTTATGCGTATAAACG-1,Dendritic cells
Combo_TTTATGCTCTTTAGGG-1,Monocytes
Combo_TTTCCTCAGCGTAATA-1,Monocytes
Combo_TTTCCTCAGGGCACTA-1,Dendritic cells
Combo_TTTCCTCAGGTGGGTT-1,T cells
Combo_TTTCCTCCAAGCTGTT-1,Dendritic cells
Combo_TTTCCTCCAATAGAGT-1,Monocytes
Combo_TTTCCTCGTAAGTAGT-1,Monocytes
Combo_TTTCCTCGTTTGGGCC-1,Monocytes
Combo_TTTCCTCTCGAGGTAG-1,Granulocytes
Combo_TTTGCGCAGATCCCAT-1,Dendritic cells
Combo_TTTGCGCCAGCGTTCG-1,Monocytes
Combo_TTTGCGCCAGTATAAG-1,Monocytes
Combo_TTTGCGCGTCGAAAGC-1,Monocytes
Combo_TTTGCGCTCAGTTCGA-1,Monocytes
Combo_TTTGCGCTCGTGGACC-1,Dendritic cells
Combo_TTTGCGCTCTTAGAGC-1,Monocytes
Combo_TTTGGTTAGATATGCA-1,Dendritic cells
Combo_TTTGGTTAGTAGGTGC-1,Monocytes
Combo_TTTGGTTAGTCGAGTG-1,Granulocytes
Combo_TTTGGTTAGTCGATAA-1,Dendritic cells
Combo_TTTGGTTCACCTCGTT-1,Monocytes
Combo_TTTGGTTCATTGGCGC-1,Granulocytes
Combo_TTTGGTTGTAGCAAAT-1,Monocytes
Combo_TTTGGTTGTGTTAAGA-1,Monocytes
Combo_TTTGGTTTCGGCGCAT-1,Monocytes
Combo_TTTGTCAAGAGTTGGC-1,Monocytes
Combo_TTTGTCAGTCAGAGGT-1,Monocytes
Combo_TTTGTCAGTGAACCTT-1,Monocytes
Combo_TTTGTCATCAACTCTT-1,Monocytes
Combo_TTTGTCATCATCGATG-1,Dendritic cells
Combo_TTTGTCATCTCAACTT-1,Monocytes
Combo_TTTGTCATCTTGAGAC-1,Monocytes
CD8dep_AAACCTGAGACAGAGA-1,Monocytes
CD8dep_AAACCTGCACAACGTT-1,Monocytes
CD8dep_AAACCTGCACGTTGGC-1,Dendritic cells
CD8dep_AAACCTGTCACCAGGC-1,Monocytes
CD8dep_AAACCTGTCACTGGGC-1,Monocytes
CD8dep_AAACCTGTCAGGTTCA-1,Monocytes
CD8dep_AAACGGGCACGTTGGC-1,Monocytes
CD8dep_AAACGGGCAGCTATTG-1,Dendritic cells
CD8dep_AAACGGGCATTGGTAC-1,Dendritic cells
CD8dep_AAACGGGGTAGGACAC-1,T cells
CD8dep_AAACGGGGTCCCTTGT-1,Monocytes
CD8dep_AAACGGGTCTCGCATC-1,Monocytes
CD8dep_AAACGGGTCTGGCGTG-1,Monocytes
CD8dep_AAAGATGAGGATGTAT-1,Monocytes
CD8dep_AAAGATGCACAAGCCC-1,Monocytes
CD8dep_AAAGATGCAGCATGAG-1,Dendritic cells
CD8dep_AAAGATGGTACCGAGA-1,Monocytes
CD8dep_AAAGATGGTAGTAGTA-1,Monocytes
CD8dep_AAAGATGGTCCAACTA-1,Monocytes
CD8dep_AAAGATGGTCGTGGCT-1,Monocytes
CD8dep_AAAGATGTCGTACCGG-1,Monocytes
CD8dep_AAAGATGTCTCTGAGA-1,Monocytes
CD8dep_AAAGCAAAGCGCTCCA-1,Monocytes
CD8dep_AAAGCAAAGCTGCCCA-1,Monocytes
CD8dep_AAAGCAAAGTGTCTCA-1,Dendritic cells
CD8dep_AAAGCAACAGTTAACC-1,Macrophages
CD8dep_AAAGCAACATATGAGA-1,Monocytes
CD8dep_AAAGCAAGTACCAGTT-1,Monocytes
CD8dep_AAAGCAAGTCTCCACT-1,Macrophages
CD8dep_AAAGCAATCACAATGC-1,Monocytes
CD8dep_AAAGCAATCCTTCAAT-1,Monocytes
CD8dep_AAAGCAATCTTGCATT-1,Monocytes
CD8dep_AAAGTAGAGACTAAGT-1,Monocytes
CD8dep_AAAGTAGAGACTTGAA-1,Monocytes
CD8dep_AAAGTAGAGAGCAATT-1,Monocytes
CD8dep_AAAGTAGCAAAGGTGC-1,Monocytes
CD8dep_AAAGTAGCAAATCCGT-1,Dendritic cells
CD8dep_AAAGTAGCACTCGACG-1,Monocytes
CD8dep_AAAGTAGCAGGTCCAC-1,Monocytes
CD8dep_AAAGTAGCAGTAGAGC-1,T cells
CD8dep_AAAGTAGCATAGGATA-1,Monocytes
CD8dep_AAAGTAGCATCACGAT-1,Monocytes
CD8dep_AAAGTAGGTATTCGTG-1,T cells
CD8dep_AAAGTAGGTTCATGGT-1,Macrophages
CD8dep_AAATGCCAGAAACCTA-1,Monocytes
CD8dep_AAATGCCAGATCGATA-1,Monocytes
CD8dep_AAATGCCAGCAATCTC-1,Monocytes
CD8dep_AAATGCCAGTATCGAA-1,Monocytes
CD8dep_AAATGCCCAATGAATG-1,Monocytes
CD8dep_AAATGCCCACCACGTG-1,Dendritic cells
CD8dep_AAATGCCGTTGATTGC-1,Macrophages
CD8dep_AAATGCCTCAGAGGTG-1,Monocytes
CD8dep_AAATGCCTCCAAAGTC-1,Monocytes
CD8dep_AAATGCCTCCGTTGCT-1,Monocytes
CD8dep_AAATGCCTCTATGTGG-1,Monocytes
CD8dep_AACACGTAGAAGGACA-1,Monocytes
CD8dep_AACACGTAGAGGGATA-1,Granulocytes
CD8dep_AACACGTAGAGTCGGT-1,Monocytes
CD8dep_AACACGTCAGTTCATG-1,Monocytes
CD8dep_AACACGTCATGAAGTA-1,Macrophages
CD8dep_AACACGTGTCTCTCTG-1,Monocytes
CD8dep_AACACGTGTGGTGTAG-1,Monocytes
CD8dep_AACACGTTCTACCAGA-1,Monocytes
CD8dep_AACCATGAGACATAAC-1,Macrophages
CD8dep_AACCATGAGTCATGCT-1,Dendritic cells
CD8dep_AACCATGCACCGAATT-1,Macrophages
CD8dep_AACCATGCACTTGGAT-1,Monocytes
CD8dep_AACCATGGTTTACTCT-1,Dendritic cells
CD8dep_AACCATGTCACGACTA-1,Monocytes
CD8dep_AACCATGTCTGCTTGC-1,Monocytes
CD8dep_AACCATGTCTGGTGTA-1,Granulocytes
CD8dep_AACCGCGAGGAGTTTA-1,Monocytes
CD8dep_AACCGCGGTAATCGTC-1,Monocytes
CD8dep_AACCGCGGTATTACCG-1,Monocytes
CD8dep_AACCGCGGTCGCTTCT-1,Monocytes
CD8dep_AACCGCGTCAATCTCT-1,Monocytes
CD8dep_AACCGCGTCCAGTAGT-1,Macrophages
CD8dep_AACCGCGTCTGTGCAA-1,Monocytes
CD8dep_AACGTTGAGACACTAA-1,Monocytes
CD8dep_AACGTTGAGCGATTCT-1,Monocytes
CD8dep_AACGTTGAGTACATGA-1,Monocytes
CD8dep_AACGTTGCAAATACAG-1,Monocytes
CD8dep_AACGTTGCACACGCTG-1,Monocytes
CD8dep_AACGTTGCATTACGAC-1,Monocytes
CD8dep_AACGTTGCATTATCTC-1,Monocytes
CD8dep_AACGTTGGTAAGTGTA-1,Monocytes
CD8dep_AACGTTGGTCCAGTAT-1,Monocytes
CD8dep_AACGTTGGTCTTGATG-1,Monocytes
CD8dep_AACGTTGGTGTGAATA-1,Monocytes
CD8dep_AACGTTGTCAAGGCTT-1,Monocytes
CD8dep_AACTCAGAGAGAGCTC-1,Monocytes
CD8dep_AACTCAGAGATGGCGT-1,Monocytes
CD8dep_AACTCAGAGCCACGCT-1,Monocytes
CD8dep_AACTCAGAGCGTTTAC-1,Monocytes
CD8dep_AACTCAGCATCGACGC-1,Monocytes
CD8dep_AACTCAGTCAGCATGT-1,Monocytes
CD8dep_AACTCAGTCTCACATT-1,Monocytes
CD8dep_AACTCCCAGAGCCCAA-1,Monocytes
CD8dep_AACTCCCCACAGCGTC-1,Monocytes
CD8dep_AACTCCCCATACAGCT-1,Monocytes
CD8dep_AACTCCCGTCATGCCG-1,Monocytes
CD8dep_AACTCCCGTCCTGCTT-1,Dendritic cells
CD8dep_AACTCCCGTGTCCTCT-1,Monocytes
CD8dep_AACTCCCGTTACCGAT-1,Monocytes
CD8dep_AACTCCCTCCGCAAGC-1,Monocytes
CD8dep_AACTCTTAGACAGAGA-1,Macrophages
CD8dep_AACTCTTAGTCAAGCG-1,Dendritic cells
CD8dep_AACTCTTAGTCAATAG-1,Monocytes
CD8dep_AACTCTTTCAACACCA-1,Monocytes
CD8dep_AACTCTTTCAGTGCAT-1,Dendritic cells
CD8dep_AACTCTTTCCTGCTTG-1,Monocytes
CD8dep_AACTCTTTCGCGTAGC-1,Monocytes
CD8dep_AACTGGTAGCTAACAA-1,Monocytes
CD8dep_AACTGGTAGGATTCGG-1,Monocytes
CD8dep_AACTGGTCAAACAACA-1,Dendritic cells
CD8dep_AACTGGTCATGGTAGG-1,Monocytes
CD8dep_AACTGGTGTAAATGAC-1,Monocytes
CD8dep_AACTGGTGTAGGCATG-1,Monocytes
CD8dep_AACTGGTGTCTCTCGT-1,Monocytes
CD8dep_AACTGGTGTGATAAGT-1,Dendritic cells
CD8dep_AACTGGTGTTACCAGT-1,Dendritic cells
CD8dep_AACTGGTTCCTGTACC-1,Monocytes
CD8dep_AACTGGTTCGATAGAA-1,Monocytes
CD8dep_AACTGGTTCTATCCTA-1,Monocytes
CD8dep_AACTTTCAGACACTAA-1,Granulocytes
CD8dep_AACTTTCAGCAGATCG-1,Monocytes
CD8dep_AACTTTCAGCTAGCCC-1,Monocytes
CD8dep_AACTTTCAGGTGCTTT-1,Monocytes
CD8dep_AACTTTCCAATCGAAA-1,Monocytes
CD8dep_AACTTTCCAGATGGGT-1,Monocytes
CD8dep_AACTTTCGTCTAGCGC-1,Monocytes
CD8dep_AACTTTCGTGACGCCT-1,Monocytes
CD8dep_AACTTTCGTTTGGGCC-1,Monocytes
CD8dep_AACTTTCTCGAACGGA-1,Dendritic cells
CD8dep_AAGACCTAGAAGCCCA-1,Monocytes
CD8dep_AAGACCTAGGCTCATT-1,Monocytes
CD8dep_AAGACCTGTCGTGGCT-1,Monocytes
CD8dep_AAGACCTGTGCGCTTG-1,Macrophages
CD8dep_AAGACCTGTGTCAATC-1,Granulocytes
CD8dep_AAGACCTGTTCGTCTC-1,Monocytes
CD8dep_AAGACCTTCAGATAAG-1,Monocytes
CD8dep_AAGCCGCCAGGTGCCT-1,Monocytes
CD8dep_AAGCCGCGTTAAGAAC-1,Monocytes
CD8dep_AAGCCGCTCGAATGGG-1,Granulocytes
CD8dep_AAGCCGCTCGTCACGG-1,Monocytes
CD8dep_AAGGAGCAGCCCGAAA-1,Monocytes
CD8dep_AAGGAGCCATGACATC-1,Monocytes
CD8dep_AAGGAGCGTAGGCTGA-1,Dendritic cells
CD8dep_AAGGAGCGTGACAAAT-1,Monocytes
CD8dep_AAGGAGCGTGAGGCTA-1,Monocytes
CD8dep_AAGGAGCTCAGCACAT-1,Monocytes
CD8dep_AAGGCAGAGTACGCGA-1,Monocytes
CD8dep_AAGGCAGAGTACGTAA-1,Monocytes
CD8dep_AAGGCAGCACAGGTTT-1,Granulocytes
CD8dep_AAGGCAGCACCCATGG-1,Monocytes
CD8dep_AAGGCAGGTAGGCTGA-1,Dendritic cells
CD8dep_AAGGCAGGTCACAAGG-1,Monocytes
CD8dep_AAGGCAGGTCTCTCTG-1,Monocytes
CD8dep_AAGGCAGTCACATACG-1,Monocytes
CD8dep_AAGGCAGTCCCAAGAT-1,Monocytes
CD8dep_AAGGCAGTCCGAAGAG-1,Monocytes
CD8dep_AAGGCAGTCCTAGAAC-1,Monocytes
CD8dep_AAGGTTCCAACTTGAC-1,Monocytes
CD8dep_AAGGTTCCACAGGCCT-1,Monocytes
CD8dep_AAGGTTCCATATACGC-1,Monocytes
CD8dep_AAGGTTCGTACACCGC-1,Monocytes
CD8dep_AAGGTTCGTGTATGGG-1,Monocytes
CD8dep_AAGGTTCTCAACGCTA-1,Macrophages
CD8dep_AAGGTTCTCAGTTTGG-1,Monocytes
CD8dep_AAGGTTCTCGTACCGG-1,Monocytes
CD8dep_AAGTCTGAGACTAGAT-1,Monocytes
CD8dep_AAGTCTGAGAGAACAG-1,Monocytes
CD8dep_AAGTCTGAGTCCAGGA-1,Macrophages
CD8dep_AAGTCTGAGTCTTGCA-1,Monocytes
CD8dep_AAGTCTGCAATAGAGT-1,Monocytes
CD8dep_AAGTCTGCAGTATCTG-1,Monocytes
CD8dep_AAGTCTGCATTCACTT-1,Macrophages
CD8dep_AAGTCTGGTATAATGG-1,Macrophages
CD8dep_AAGTCTGGTATTCGTG-1,Monocytes
CD8dep_AAGTCTGGTCCGTGAC-1,Monocytes
CD8dep_AAGTCTGTCTGAGGGA-1,Macrophages
CD8dep_AATCCAGAGAACTGTA-1,Monocytes
CD8dep_AATCCAGAGATGAGAG-1,Granulocytes
CD8dep_AATCCAGAGGCAAAGA-1,Granulocytes
CD8dep_AATCCAGGTCTGGAGA-1,Dendritic cells
CD8dep_AATCCAGGTGGGTCAA-1,Monocytes
CD8dep_AATCCAGGTTCCACAA-1,Monocytes
CD8dep_AATCCAGTCCCAGGTG-1,Monocytes
CD8dep_AATCGGTAGAACTCGG-1,Monocytes
CD8dep_AATCGGTAGACGCACA-1,Monocytes
CD8dep_AATCGGTAGAGTGACC-1,Monocytes
CD8dep_AATCGGTAGGCCCTCA-1,Monocytes
CD8dep_AATCGGTAGGTTCCTA-1,Dendritic cells
CD8dep_AATCGGTGTAAGTGGC-1,Monocytes
CD8dep_AATCGGTGTGCATCTA-1,Dendritic cells
CD8dep_AATCGGTGTGCGGTAA-1,Monocytes
CD8dep_AATCGGTTCAACCAAC-1,Monocytes
CD8dep_AATCGGTTCGCTGATA-1,Monocytes
CD8dep_AATCGGTTCTCGAGTA-1,Monocytes
CD8dep_ACACCAAAGAAGGTGA-1,Monocytes
CD8dep_ACACCAAAGCACACAG-1,Monocytes
CD8dep_ACACCAAAGCGTGTCC-1,Monocytes
CD8dep_ACACCAAAGTTTAGGA-1,Monocytes
CD8dep_ACACCAATCAACGAAA-1,Monocytes
CD8dep_ACACCAATCAGGCAAG-1,Granulocytes
CD8dep_ACACCAATCAGTTGAC-1,Monocytes
CD8dep_ACACCAATCCTTCAAT-1,Monocytes
CD8dep_ACACCAATCTCTGAGA-1,Monocytes
CD8dep_ACACCCTAGACTAAGT-1,Monocytes
CD8dep_ACACCCTAGCCAGTAG-1,Monocytes
CD8dep_ACACCCTAGGACAGAA-1,Monocytes
CD8dep_ACACCCTAGGTGCAAC-1,Monocytes
CD8dep_ACACCCTCATGACATC-1,Monocytes
CD8dep_ACACCCTGTAATCGTC-1,Macrophages
CD8dep_ACACCCTGTCTACCTC-1,Monocytes
CD8dep_ACACCCTGTTGAGGTG-1,Monocytes
CD8dep_ACACCCTTCTAACCGA-1,Monocytes
CD8dep_ACACCGGAGCTACCGC-1,Monocytes
CD8dep_ACACCGGAGGTAGCTG-1,Monocytes
CD8dep_ACACCGGGTCTCATCC-1,Monocytes
CD8dep_ACACCGGGTGCCTTGG-1,Monocytes
CD8dep_ACACCGGGTGGTGTAG-1,Monocytes
CD8dep_ACACCGGTCAGCGACC-1,Monocytes
CD8dep_ACACCGGTCGCGATCG-1,Macrophages
CD8dep_ACACCGGTCGCGGATC-1,Monocytes
CD8dep_ACACTGAAGAGCCCAA-1,Monocytes
CD8dep_ACACTGAAGCTAGCCC-1,Monocytes
CD8dep_ACACTGAAGTCTCAAC-1,Monocytes
CD8dep_ACACTGAAGTGTTGAA-1,Monocytes
CD8dep_ACACTGACAGGAATGC-1,Monocytes
CD8dep_ACACTGAGTACAGCAG-1,Monocytes
CD8dep_ACACTGAGTAGCGTGA-1,Monocytes
CD8dep_ACACTGATCGCCAGCA-1,Monocytes
CD8dep_ACACTGATCGGATGTT-1,Monocytes
CD8dep_ACAGCCGAGGAGCGTT-1,Monocytes
CD8dep_ACAGCCGAGTTCGATC-1,Monocytes
CD8dep_ACAGCCGCAACACCTA-1,Monocytes
CD8dep_ACAGCCGGTAGCGCTC-1,Macrophages
CD8dep_ACAGCCGGTCCGCTGA-1,Dendritic cells
CD8dep_ACAGCCGGTGGTTTCA-1,Dendritic cells
CD8dep_ACAGCCGGTTTGCATG-1,Macrophages
CD8dep_ACAGCCGTCGCCCTTA-1,Monocytes
CD8dep_ACAGCCGTCTTGACGA-1,Monocytes
CD8dep_ACAGCTACACCAGCAC-1,Granulocytes
CD8dep_ACAGCTACAGCATGAG-1,Dendritic cells
CD8dep_ACAGCTACAGTAAGAT-1,Monocytes
CD8dep_ACAGCTAGTAGGACAC-1,Monocytes
CD8dep_ACAGCTAGTCCGAACC-1,Monocytes
CD8dep_ACAGCTATCCAGATCA-1,Monocytes
CD8dep_ACAGCTATCGCATGGC-1,Monocytes
CD8dep_ACAGCTATCGGCGCAT-1,Monocytes
CD8dep_ACAGCTATCTCTTGAT-1,Monocytes
CD8dep_ACATACGAGAAAGTGG-1,Granulocytes
CD8dep_ACATACGAGCTCTCGG-1,Monocytes
CD8dep_ACATACGAGTGGCACA-1,Monocytes
CD8dep_ACATACGCACCCATGG-1,Monocytes
CD8dep_ACATACGCATCCAACA-1,Monocytes
CD8dep_ACATACGGTACTTGAC-1,Monocytes
CD8dep_ACATACGGTCCGAGTC-1,Granulocytes
CD8dep_ACATACGTCCAGAGGA-1,Monocytes
CD8dep_ACATACGTCCGCAAGC-1,Macrophages
CD8dep_ACATCAGAGCTCAACT-1,Macrophages
CD8dep_ACATCAGAGGAACTGC-1,Monocytes
CD8dep_ACATCAGAGTATCTCG-1,Monocytes
CD8dep_ACATCAGGTATAGGTA-1,Monocytes
CD8dep_ACATCAGGTTATCGGT-1,Monocytes
CD8dep_ACATCAGGTTCTGTTT-1,Monocytes
CD8dep_ACATCAGGTTGCGCAC-1,Dendritic cells
CD8dep_ACATCAGTCAACGAAA-1,Monocytes
CD8dep_ACATCAGTCCGTCAAA-1,Monocytes
CD8dep_ACATGGTAGCGCCTTG-1,Monocytes
CD8dep_ACATGGTAGTACGTTC-1,Monocytes
CD8dep_ACATGGTAGTGTTAGA-1,Monocytes
CD8dep_ACATGGTCACAGTCGC-1,Granulocytes
CD8dep_ACATGGTCATCGACGC-1,Monocytes
CD8dep_ACATGGTCATGGGACA-1,Monocytes
CD8dep_ACATGGTGTACCCAAT-1,Monocytes
CD8dep_ACATGGTGTACCGCTG-1,Monocytes
CD8dep_ACATGGTGTGAGTATA-1,Monocytes
CD8dep_ACATGGTTCACTTACT-1,Monocytes
CD8dep_ACCAGTAAGATGCGAC-1,Dendritic cells
CD8dep_ACCAGTAAGGCATTGG-1,Monocytes
CD8dep_ACCAGTAAGTGGTAAT-1,Macrophages
CD8dep_ACCAGTACAAGGTGTG-1,Granulocytes
CD8dep_ACCAGTAGTACCAGTT-1,Monocytes
CD8dep_ACCAGTAGTCGGCACT-1,Monocytes
CD8dep_ACCAGTAGTTTGGGCC-1,Monocytes
CD8dep_ACCAGTATCAGTTGAC-1,Monocytes
CD8dep_ACCCACTAGATGGGTC-1,Monocytes
CD8dep_ACCCACTAGCCAACAG-1,Monocytes
CD8dep_ACCCACTCATTAGCCA-1,Monocytes
CD8dep_ACCCACTGTGCGCTTG-1,Monocytes
CD8dep_ACCCACTGTGTTCGAT-1,Monocytes
CD8dep_ACCGTAAAGACCTTTG-1,Monocytes
CD8dep_ACCGTAAAGATACACA-1,Monocytes
CD8dep_ACCGTAAAGGTGTTAA-1,Macrophages
CD8dep_ACCGTAAAGTCGATAA-1,Monocytes
CD8dep_ACCGTAACAATCGAAA-1,Monocytes
CD8dep_ACCGTAACAGACGTAG-1,Dendritic cells
CD8dep_ACCGTAACAGGATCGA-1,Monocytes
CD8dep_ACCGTAAGTAGCTAAA-1,Monocytes
CD8dep_ACCGTAAGTCACCTAA-1,Monocytes
CD8dep_ACCGTAAGTCCGACGT-1,Monocytes
CD8dep_ACCGTAAGTTACGTCA-1,Monocytes
CD8dep_ACCGTAATCAGTTTGG-1,Monocytes
CD8dep_ACCGTAATCCACTCCA-1,Monocytes
CD8dep_ACCGTAATCTGACCTC-1,Monocytes
CD8dep_ACCGTAATCTTGCATT-1,Monocytes
CD8dep_ACCTTTAAGCCCGAAA-1,Monocytes
CD8dep_ACCTTTAAGCGTGAAC-1,Monocytes
CD8dep_ACCTTTACAACGATCT-1,Dendritic cells
CD8dep_ACCTTTACACAAGTAA-1,Macrophages
CD8dep_ACCTTTACACATCCAA-1,Monocytes
CD8dep_ACCTTTACACCAGATT-1,Monocytes
CD8dep_ACCTTTAGTAACGTTC-1,Monocytes
CD8dep_ACCTTTAGTACGCACC-1,Monocytes
CD8dep_ACCTTTAGTAGCTCCG-1,Dendritic cells
CD8dep_ACCTTTAGTATAGGTA-1,Dendritic cells
CD8dep_ACCTTTAGTCTTCGTC-1,Monocytes
CD8dep_ACCTTTAGTCTTGATG-1,Granulocytes
CD8dep_ACGAGCCAGAGAACAG-1,Monocytes
CD8dep_ACGAGCCAGGCAAAGA-1,Granulocytes
CD8dep_ACGAGCCAGGGTGTTG-1,Dendritic cells
CD8dep_ACGAGCCGTAGAAGGA-1,Monocytes
CD8dep_ACGAGCCGTATAAACG-1,Monocytes
CD8dep_ACGAGGAAGTGAACAT-1,Monocytes
CD8dep_ACGAGGAAGTGGGATC-1,Monocytes
CD8dep_ACGAGGAAGTTACCCA-1,Monocytes
CD8dep_ACGAGGACAAGGTTTC-1,Monocytes
CD8dep_ACGAGGACAGATGAGC-1,Monocytes
CD8dep_ACGAGGACAGCCAATT-1,Dendritic cells
CD8dep_ACGAGGAGTATTCTCT-1,Monocytes
CD8dep_ACGAGGAGTGTGAAAT-1,Monocytes
CD8dep_ACGAGGAGTTGACGTT-1,Monocytes
CD8dep_ACGAGGAGTTTAGGAA-1,Monocytes
CD8dep_ACGATACAGCAGCGTA-1,Dendritic cells
CD8dep_ACGATACAGCGTGAGT-1,Monocytes
CD8dep_ACGATACAGGAGCGAG-1,Dendritic cells
CD8dep_ACGATACCAAAGGCGT-1,Monocytes
CD8dep_ACGATACCACGAGGTA-1,Monocytes
CD8dep_ACGATACCAGCGTAAG-1,Macrophages
CD8dep_ACGATACGTAGTAGTA-1,Monocytes
CD8dep_ACGATACGTGACCAAG-1,Monocytes
CD8dep_ACGATACGTGCAGACA-1,Monocytes
CD8dep_ACGATACTCACGAAGG-1,Monocytes
CD8dep_ACGATACTCCAGATCA-1,Monocytes
CD8dep_ACGATACTCCTATGTT-1,Monocytes
CD8dep_ACGATACTCGAATGCT-1,Monocytes
CD8dep_ACGATACTCGCGATCG-1,Monocytes
CD8dep_ACGATACTCGGCTACG-1,Macrophages
CD8dep_ACGATGTAGAAGGTTT-1,Monocytes
CD8dep_ACGATGTAGAGACGAA-1,Monocytes
CD8dep_ACGATGTAGTGTTTGC-1,Monocytes
CD8dep_ACGATGTGTAAAGTCA-1,Monocytes
CD8dep_ACGATGTGTGGAAAGA-1,Monocytes
CD8dep_ACGATGTTCAGAGCTT-1,Dendritic cells
CD8dep_ACGCAGCAGACGCACA-1,Monocytes
CD8dep_ACGCAGCAGCCAACAG-1,Monocytes
CD8dep_ACGCAGCAGCTAAACA-1,Monocytes
CD8dep_ACGCAGCAGTCTTGCA-1,Monocytes
CD8dep_ACGCAGCCAAGTTGTC-1,Dendritic cells
CD8dep_ACGCAGCCAGCTCGCA-1,Monocytes
CD8dep_ACGCAGCGTCTAGCCG-1,Dendritic cells
CD8dep_ACGCAGCGTTATTCTC-1,Monocytes
CD8dep_ACGCAGCGTTTGTTGG-1,Macrophages
CD8dep_ACGCAGCTCACCACCT-1,Monocytes
CD8dep_ACGCAGCTCAGCCTAA-1,Macrophages
CD8dep_ACGCAGCTCCCAACGG-1,Monocytes
CD8dep_ACGCAGCTCGAGCCCA-1,Monocytes
CD8dep_ACGCCAGAGTAAGTAC-1,Monocytes
CD8dep_ACGCCAGAGTGCCATT-1,Monocytes
CD8dep_ACGCCAGCACACGCTG-1,Monocytes
CD8dep_ACGCCAGCACCACGTG-1,Macrophages
CD8dep_ACGCCAGTCTATCCTA-1,Monocytes
CD8dep_ACGCCAGTCTCTGTCG-1,Monocytes
CD8dep_ACGCCGAAGTCGTACT-1,Monocytes
CD8dep_ACGCCGAAGTGTTGAA-1,Monocytes
CD8dep_ACGCCGACAACACGCC-1,Monocytes
CD8dep_ACGCCGACAAGAGTCG-1,Monocytes
CD8dep_ACGCCGACACCAGGTC-1,Macrophages
CD8dep_ACGCCGAGTATCGCAT-1,Monocytes
CD8dep_ACGCCGAGTCGTCTTC-1,Macrophages
CD8dep_ACGCCGATCAAGAAGT-1,Dendritic cells
CD8dep_ACGCCGATCCGCATAA-1,Dendritic cells
CD8dep_ACGCCGATCCTATGTT-1,Monocytes
CD8dep_ACGCCGATCTCTTATG-1,Monocytes
CD8dep_ACGCCGATCTGTCTCG-1,Monocytes
CD8dep_ACGGAGACAATCCGAT-1,Monocytes
CD8dep_ACGGAGACACCAACCG-1,Monocytes
CD8dep_ACGGAGACATCGATGT-1,Monocytes
CD8dep_ACGGAGACATCTCCCA-1,Monocytes
CD8dep_ACGGAGACATTCCTGC-1,Monocytes
CD8dep_ACGGAGAGTATATCCG-1,Monocytes
CD8dep_ACGGAGATCTAACTCT-1,Monocytes
CD8dep_ACGGCCACAACGATCT-1,Monocytes
CD8dep_ACGGCCACAGGATCGA-1,Monocytes
CD8dep_ACGGCCACATGTTCCC-1,Granulocytes
CD8dep_ACGGCCAGTAGAAAGG-1,Monocytes
CD8dep_ACGGCCAGTCATATGC-1,Macrophages
CD8dep_ACGGCCAGTCCTAGCG-1,Monocytes
CD8dep_ACGGCCAGTCTAGGTT-1,Monocytes
CD8dep_ACGGCCAGTGACGGTA-1,Monocytes
CD8dep_ACGGCCAGTGTCAATC-1,Monocytes
CD8dep_ACGGCCAGTGTGTGCC-1,Monocytes
CD8dep_ACGGCCATCAGTTGAC-1,Dendritic cells
CD8dep_ACGGCCATCCGGCACA-1,Monocytes
CD8dep_ACGGCCATCGAACGGA-1,Monocytes
CD8dep_ACGGGCTAGAAACCGC-1,Monocytes
CD8dep_ACGGGCTCATATACCG-1,Monocytes
CD8dep_ACGGGCTCATGCTAGT-1,Monocytes
CD8dep_ACGGGCTCATGGTCAT-1,Monocytes
CD8dep_ACGGGCTGTTATTCTC-1,Monocytes
CD8dep_ACGGGTCAGTTACGGG-1,Monocytes
CD8dep_ACGGGTCCAATAGCAA-1,Monocytes
CD8dep_ACGGGTCCATGTAGTC-1,Monocytes
CD8dep_ACGGGTCCATTGTGCA-1,Monocytes
CD8dep_ACGGGTCGTCTAGTCA-1,Monocytes
CD8dep_ACGGGTCGTGAGGGTT-1,Monocytes
CD8dep_ACGGGTCGTGTTGAGG-1,Monocytes
CD8dep_ACGGGTCGTTTGGCGC-1,Monocytes
CD8dep_ACGGGTCTCCCTCAGT-1,Monocytes
CD8dep_ACGGGTCTCGTTACGA-1,Monocytes
CD8dep_ACGTCAAAGACGACGT-1,Monocytes
CD8dep_ACGTCAACAAGTTGTC-1,Monocytes
CD8dep_ACGTCAACAGCGTTCG-1,Monocytes
CD8dep_ACGTCAACAGGACCCT-1,Dendritic cells
CD8dep_ACGTCAACATCTACGA-1,Monocytes
CD8dep_ACGTCAACATTTCAGG-1,Monocytes
CD8dep_ACGTCAAGTAGCTTGT-1,Monocytes
CD8dep_ACGTCAAGTATGCTTG-1,Macrophages
CD8dep_ACGTCAAGTGCACGAA-1,Granulocytes
CD8dep_ACGTCAAGTGGTTTCA-1,Dendritic cells
CD8dep_ACGTCAAGTTGACGTT-1,Monocytes
CD8dep_ACGTCAATCAGAAATG-1,Monocytes
CD8dep_ACGTCAATCATCGGAT-1,Monocytes
CD8dep_ACGTCAATCTAACCGA-1,Dendritic cells
CD8dep_ACTATCTCACTTACGA-1,Monocytes
CD8dep_ACTATCTCATGCAATC-1,Macrophages
CD8dep_ACTATCTCATGGGAAC-1,Monocytes
CD8dep_ACTATCTGTTACGCGC-1,Monocytes
CD8dep_ACTGAACAGGCAAAGA-1,Granulocytes
CD8dep_ACTGAACAGGCCCTTG-1,Granulocytes
CD8dep_ACTGAACCAGCTGCAC-1,Monocytes
CD8dep_ACTGAACGTAAGAGAG-1,Dendritic cells
CD8dep_ACTGAACGTACATGTC-1,Monocytes
CD8dep_ACTGAACGTCTTCGTC-1,Macrophages
CD8dep_ACTGAACTCAACACTG-1,Monocytes
CD8dep_ACTGAACTCGTTACAG-1,Macrophages
CD8dep_ACTGAGTAGAGTCGGT-1,Monocytes
CD8dep_ACTGAGTAGATCGGGT-1,Monocytes
CD8dep_ACTGAGTAGCGTTTAC-1,Monocytes
CD8dep_ACTGAGTCAACGATGG-1,Monocytes
CD8dep_ACTGAGTCAGATTGCT-1,Monocytes
CD8dep_ACTGAGTGTACGACCC-1,Monocytes
CD8dep_ACTGAGTGTCGGCTCA-1,Monocytes
CD8dep_ACTGAGTGTCTAGGTT-1,Monocytes
CD8dep_ACTGATGAGAGACGAA-1,Monocytes
CD8dep_ACTGATGAGAGGTTGC-1,Monocytes
CD8dep_ACTGATGAGATGCCTT-1,Monocytes
CD8dep_ACTGATGAGCAGGTCA-1,Monocytes
CD8dep_ACTGATGCATTGGCGC-1,Monocytes
CD8dep_ACTGATGGTTAGGGTG-1,Monocytes
CD8dep_ACTGATGGTTATCACG-1,Dendritic cells
CD8dep_ACTGATGTCAACACTG-1,Monocytes
CD8dep_ACTGATGTCAGTTAGC-1,Monocytes
CD8dep_ACTGATGTCGCTTAGA-1,Macrophages
CD8dep_ACTGATGTCTAGAGTC-1,Macrophages
CD8dep_ACTGCTCAGTTCGCGC-1,Monocytes
CD8dep_ACTGCTCCACCCATTC-1,Monocytes
CD8dep_ACTGCTCCAGGCTGAA-1,Monocytes
CD8dep_ACTGCTCGTGGCTCCA-1,Monocytes
CD8dep_ACTGCTCGTGGTCTCG-1,Dendritic cells
CD8dep_ACTGCTCGTTACCAGT-1,Monocytes
CD8dep_ACTGCTCTCTCCCTGA-1,Monocytes
CD8dep_ACTGTCCAGAACTCGG-1,Monocytes
CD8dep_ACTGTCCAGGCTCAGA-1,Monocytes
CD8dep_ACTGTCCGTACTTCTT-1,Monocytes
CD8dep_ACTGTCCGTCGCGGTT-1,Monocytes
CD8dep_ACTGTCCGTTACTGAC-1,Monocytes
CD8dep_ACTGTCCGTTCCAACA-1,Monocytes
CD8dep_ACTTACTAGTGCCATT-1,Monocytes
CD8dep_ACTTACTAGTGGCACA-1,Monocytes
CD8dep_ACTTACTCAGGGAGAG-1,Monocytes
CD8dep_ACTTACTCATGATCCA-1,Monocytes
CD8dep_ACTTACTCATGCGCAC-1,Monocytes
CD8dep_ACTTACTCATGGATGG-1,Granulocytes
CD8dep_ACTTACTCATTAGGCT-1,Monocytes
CD8dep_ACTTACTGTATTCGTG-1,Monocytes
CD8dep_ACTTACTGTCGCTTTC-1,Monocytes
CD8dep_ACTTACTTCTGTCTAT-1,Monocytes
CD8dep_ACTTGTTAGCTCCCAG-1,Monocytes
CD8dep_ACTTGTTAGGAGTCTG-1,Monocytes
CD8dep_ACTTGTTAGTGATCGG-1,Monocytes
CD8dep_ACTTGTTCACAAGCCC-1,Monocytes
CD8dep_ACTTGTTGTAGAGTGC-1,Monocytes
CD8dep_ACTTGTTGTCGACTAT-1,Monocytes
CD8dep_ACTTGTTGTCTGATCA-1,Monocytes
CD8dep_ACTTGTTGTGATGTCT-1,Monocytes
CD8dep_ACTTGTTGTGGTTTCA-1,Dendritic cells
CD8dep_ACTTGTTGTGTGTGCC-1,Dendritic cells
CD8dep_ACTTGTTTCGTCCGTT-1,Monocytes
CD8dep_ACTTTCAAGATCACGG-1,Macrophages
CD8dep_ACTTTCAAGGGATACC-1,Monocytes
CD8dep_ACTTTCAAGGTAGCTG-1,Monocytes
CD8dep_ACTTTCACAGTATAAG-1,Monocytes
CD8dep_ACTTTCAGTACAGCAG-1,Monocytes
CD8dep_ACTTTCAGTAGCACGA-1,Monocytes
CD8dep_ACTTTCATCAAGGTAA-1,Monocytes
CD8dep_ACTTTCATCACTGGGC-1,Dendritic cells
CD8dep_ACTTTCATCCACGCAG-1,Macrophages
CD8dep_ACTTTCATCCTAGAAC-1,Monocytes
CD8dep_ACTTTCATCCTGCCAT-1,Monocytes
CD8dep_ACTTTCATCGTCACGG-1,Dendritic cells
CD8dep_AGAATAGAGAGCTGGT-1,Granulocytes
CD8dep_AGAATAGAGCATCATC-1,Monocytes
CD8dep_AGAATAGCAGGTCGTC-1,Monocytes
CD8dep_AGAATAGGTTCACCTC-1,Macrophages
CD8dep_AGAATAGGTTTGTGTG-1,Macrophages
CD8dep_AGAATAGTCCACGTGG-1,Monocytes
CD8dep_AGACGTTAGCTGAACG-1,Monocytes
CD8dep_AGACGTTAGTAACCCT-1,Monocytes
CD8dep_AGACGTTGTCCGCTGA-1,Monocytes
CD8dep_AGACGTTGTGATGTGG-1,Granulocytes
CD8dep_AGACGTTGTGCACTTA-1,Macrophages
CD8dep_AGACGTTGTGTAACGG-1,Monocytes
CD8dep_AGACGTTTCGACGGAA-1,Monocytes
CD8dep_AGACGTTTCTGGAGCC-1,Macrophages
CD8dep_AGAGCGAAGATACACA-1,Monocytes
CD8dep_AGAGCGAAGATCCCAT-1,Monocytes
CD8dep_AGAGCGACAAGGTGTG-1,Macrophages
CD8dep_AGAGCGAGTACATGTC-1,Monocytes
CD8dep_AGAGCGAGTACGACCC-1,Monocytes
CD8dep_AGAGCGAGTAGCACGA-1,Monocytes
CD8dep_AGAGCGAGTCATACTG-1,Dendritic cells
CD8dep_AGAGCGAGTCGGGTCT-1,Dendritic cells
CD8dep_AGAGCGAGTCGTTGTA-1,Monocytes
CD8dep_AGAGCGAGTGAGGGAG-1,Dendritic cells
CD8dep_AGAGCGATCACAGGCC-1,Macrophages
CD8dep_AGAGCGATCTGCTTGC-1,Monocytes
CD8dep_AGAGCTTCACGGACAA-1,Monocytes
CD8dep_AGAGCTTGTAAACGCG-1,Monocytes
CD8dep_AGAGCTTGTAGAGGAA-1,Monocytes
CD8dep_AGAGCTTGTCCGTCAG-1,Monocytes
CD8dep_AGAGCTTGTGGTACAG-1,Monocytes
CD8dep_AGAGCTTTCAGCGATT-1,Monocytes
CD8dep_AGAGCTTTCCGCATAA-1,Monocytes
CD8dep_AGAGCTTTCGCCCTTA-1,Monocytes
CD8dep_AGAGTGGAGAAGGTTT-1,Monocytes
CD8dep_AGAGTGGAGCTACCTA-1,Monocytes
CD8dep_AGAGTGGGTAACGACG-1,Monocytes
CD8dep_AGAGTGGGTACCGGCT-1,Monocytes
CD8dep_AGAGTGGGTATATCCG-1,Dendritic cells
CD8dep_AGAGTGGGTATCGCAT-1,Monocytes
CD8dep_AGAGTGGGTCCATGAT-1,Dendritic cells
CD8dep_AGAGTGGTCACGACTA-1,Macrophages
CD8dep_AGAGTGGTCCGATATG-1,Dendritic cells
CD8dep_AGATCTGAGACAAGCC-1,Monocytes
CD8dep_AGATCTGAGTAATCCC-1,Monocytes
CD8dep_AGATCTGAGTTGTCGT-1,Monocytes
CD8dep_AGATCTGCAGCCTATA-1,Monocytes
CD8dep_AGATCTGGTAACGTTC-1,Monocytes
CD8dep_AGATCTGGTCATTAGC-1,Monocytes
CD8dep_AGATCTGGTTCGGGCT-1,Monocytes
CD8dep_AGATCTGTCCGTAGTA-1,Monocytes
CD8dep_AGATCTGTCGGAATCT-1,Monocytes
CD8dep_AGATTGCAGACTAGGC-1,Monocytes
CD8dep_AGATTGCCAACTTGAC-1,Macrophages
CD8dep_AGATTGCCAAGTAATG-1,Dendritic cells
CD8dep_AGATTGCCACTACAGT-1,Monocytes
CD8dep_AGATTGCGTAAATACG-1,Granulocytes
CD8dep_AGATTGCGTGACTACT-1,Macrophages
CD8dep_AGATTGCGTGGCGAAT-1,Granulocytes
CD8dep_AGATTGCGTGTGACCC-1,Monocytes
CD8dep_AGCAGCCAGCTAGTGG-1,Monocytes
CD8dep_AGCAGCCAGGACTGGT-1,Monocytes
CD8dep_AGCAGCCGTGGTGTAG-1,Monocytes
CD8dep_AGCAGCCGTTATCGGT-1,Monocytes
CD8dep_AGCAGCCGTTCGAATC-1,Monocytes
CD8dep_AGCAGCCTCTCTTATG-1,Monocytes
CD8dep_AGCAGCCTCTTGTCAT-1,Monocytes
CD8dep_AGCATACAGAGAGCTC-1,Monocytes
CD8dep_AGCATACAGCACACAG-1,Monocytes
CD8dep_AGCATACCACGTAAGG-1,Monocytes
CD8dep_AGCATACCAGTCAGCC-1,Dendritic cells
CD8dep_AGCATACGTACTTCTT-1,Monocytes
CD8dep_AGCATACGTCGGGTCT-1,Monocytes
CD8dep_AGCATACGTGGTCCGT-1,Monocytes
CD8dep_AGCATACTCAAGATCC-1,Monocytes
CD8dep_AGCATACTCACATGCA-1,Monocytes
CD8dep_AGCATACTCGGTCTAA-1,Monocytes
CD8dep_AGCCTAAAGGACTGGT-1,Monocytes
CD8dep_AGCCTAAAGTTCGCGC-1,Dendritic cells
CD8dep_AGCCTAAGTAAATGAC-1,Monocytes
CD8dep_AGCCTAAGTCTTTCAT-1,Monocytes
CD8dep_AGCCTAATCCGTTGCT-1,Monocytes
CD8dep_AGCCTAATCGCTGATA-1,Monocytes
CD8dep_AGCCTAATCTCACATT-1,Granulocytes
CD8dep_AGCGGTCAGCCATCGC-1,Monocytes
CD8dep_AGCGGTCAGCCGCCTA-1,Monocytes
CD8dep_AGCGGTCAGGCGATAC-1,Monocytes
CD8dep_AGCGGTCAGGTGATTA-1,Monocytes
CD8dep_AGCGGTCCAAGTTGTC-1,Monocytes
CD8dep_AGCGGTCCAGCTTCGG-1,Monocytes
CD8dep_AGCGGTCCAGTAACGG-1,Monocytes
CD8dep_AGCGGTCCATCGGAAG-1,Monocytes
CD8dep_AGCGGTCCATGGGAAC-1,Monocytes
CD8dep_AGCGGTCGTACCGCTG-1,Monocytes
CD8dep_AGCGGTCGTCCAGTAT-1,Dendritic cells
CD8dep_AGCGGTCTCGGCCGAT-1,Monocytes
CD8dep_AGCGTATAGACTAAGT-1,Monocytes
CD8dep_AGCGTATAGATGTTAG-1,Monocytes
CD8dep_AGCGTATAGGATGGTC-1,Macrophages
CD8dep_AGCGTATAGTCCGGTC-1,Monocytes
CD8dep_AGCGTATAGTGTCTCA-1,Monocytes
CD8dep_AGCGTATGTAAATGAC-1,Dendritic cells
CD8dep_AGCGTATGTCATTAGC-1,Monocytes
CD8dep_AGCGTATGTGGCTCCA-1,Monocytes
CD8dep_AGCGTATGTTCGAATC-1,Monocytes
CD8dep_AGCGTATTCAACGAAA-1,Monocytes
CD8dep_AGCGTATTCACGATGT-1,Dendritic cells
CD8dep_AGCGTATTCATAAAGG-1,Granulocytes
CD8dep_AGCGTATTCATACGGT-1,Granulocytes
CD8dep_AGCGTATTCCCAAGAT-1,Monocytes
CD8dep_AGCGTATTCGTCTGCT-1,Monocytes
CD8dep_AGCGTATTCTTGAGGT-1,Monocytes
CD8dep_AGCGTCGAGCCAGAAC-1,Monocytes
CD8dep_AGCGTCGCAGTGGGAT-1,Monocytes
CD8dep_AGCGTCGGTCATCCCT-1,Monocytes
CD8dep_AGCGTCGTCCACGCAG-1,Monocytes
CD8dep_AGCTCCTAGATCCCGC-1,Macrophages
CD8dep_AGCTCCTGTGAGCGAT-1,Monocytes
CD8dep_AGCTCCTGTGATGTGG-1,Granulocytes
CD8dep_AGCTCCTTCCAAAGTC-1,Granulocytes
CD8dep_AGCTCCTTCTGCCCTA-1,Macrophages
CD8dep_AGCTCTCAGACTTGAA-1,Granulocytes
CD8dep_AGCTCTCAGAGACTAT-1,Dendritic cells
CD8dep_AGCTCTCCAATAACGA-1,Macrophages
CD8dep_AGCTCTCCAGCCAATT-1,Monocytes
CD8dep_AGCTCTCCATTTCAGG-1,Monocytes
CD8dep_AGCTCTCGTCATGCAT-1,Monocytes
CD8dep_AGCTCTCGTCTCAACA-1,Monocytes
CD8dep_AGCTCTCTCATCACCC-1,Dendritic cells
CD8dep_AGCTCTCTCCTAGGGC-1,Monocytes
CD8dep_AGCTCTCTCGGAAATA-1,Monocytes
CD8dep_AGCTCTCTCTCTGAGA-1,Monocytes
CD8dep_AGCTCTCTCTTGCAAG-1,Monocytes
CD8dep_AGCTTGAAGCTCTCGG-1,Macrophages
CD8dep_AGCTTGAAGGCAAAGA-1,Monocytes
CD8dep_AGCTTGACAAAGAATC-1,Monocytes
CD8dep_AGCTTGACAGACACTT-1,Dendritic cells
CD8dep_AGCTTGAGTCGTCTTC-1,Monocytes
CD8dep_AGCTTGATCTGTCCGT-1,Monocytes
CD8dep_AGGCCACAGCGTTTAC-1,Monocytes
CD8dep_AGGCCACCAACGATGG-1,Monocytes
CD8dep_AGGCCACCACGAGAGT-1,Monocytes
CD8dep_AGGCCACCAGTATAAG-1,Monocytes
CD8dep_AGGCCACGTATCGCAT-1,Monocytes
CD8dep_AGGCCACGTCTGATCA-1,Monocytes
CD8dep_AGGCCACGTGTAACGG-1,Monocytes
CD8dep_AGGCCACTCCCAAGAT-1,Monocytes
CD8dep_AGGCCACTCTGCCAGG-1,Monocytes
CD8dep_AGGCCACTCTGGCGAC-1,Monocytes
CD8dep_AGGCCGTAGAAACGAG-1,Monocytes
CD8dep_AGGCCGTAGGCAGGTT-1,Monocytes
CD8dep_AGGCCGTAGGCTCATT-1,Monocytes
CD8dep_AGGCCGTCATAACCTG-1,Monocytes
CD8dep_AGGCCGTGTACATGTC-1,Dendritic cells
CD8dep_AGGCCGTGTACCGTTA-1,Monocytes
CD8dep_AGGCCGTGTATAGTAG-1,Monocytes
CD8dep_AGGCCGTGTCCAAGTT-1,Monocytes
CD8dep_AGGCCGTGTCTCCCTA-1,Monocytes
CD8dep_AGGCCGTGTCTGCGGT-1,Monocytes
CD8dep_AGGGAGTAGAGCCCAA-1,Monocytes
CD8dep_AGGGAGTAGGCGACAT-1,Monocytes
CD8dep_AGGGAGTAGTGTCCAT-1,Monocytes
CD8dep_AGGGAGTCAACTGGCC-1,Monocytes
CD8dep_AGGGAGTGTGTCCTCT-1,Monocytes
CD8dep_AGGGAGTTCAAGGTAA-1,Monocytes
CD8dep_AGGGAGTTCATCGATG-1,Monocytes
CD8dep_AGGGAGTTCCCATTAT-1,Monocytes
CD8dep_AGGGAGTTCTATGTGG-1,Monocytes
CD8dep_AGGGATGAGCTGATAA-1,Dendritic cells
CD8dep_AGGGATGCACAAGCCC-1,Dendritic cells
CD8dep_AGGGATGCAGACGCCT-1,Macrophages
CD8dep_AGGGATGGTCTAGTGT-1,Monocytes
CD8dep_AGGGATGTCCATGAAC-1,Monocytes
CD8dep_AGGGATGTCCGTACAA-1,Monocytes
CD8dep_AGGGATGTCCGTCAAA-1,Monocytes
CD8dep_AGGGATGTCGGAGCAA-1,Monocytes
CD8dep_AGGGTGAAGCAGATCG-1,Monocytes
CD8dep_AGGGTGAAGCCACCTG-1,T cells
CD8dep_AGGGTGAAGCTAAACA-1,Monocytes
CD8dep_AGGGTGACAAGGTTTC-1,Monocytes
CD8dep_AGGGTGACAGGACCCT-1,Monocytes
CD8dep_AGGGTGACAGGGAGAG-1,Dendritic cells
CD8dep_AGGGTGAGTCAGAGGT-1,Monocytes
CD8dep_AGGGTGAGTTAAGTAG-1,Monocytes
CD8dep_AGGGTGATCACCCTCA-1,Monocytes
CD8dep_AGGTCATAGCTAACAA-1,Monocytes
CD8dep_AGGTCATAGCTAGCCC-1,Monocytes
CD8dep_AGGTCATAGGCTCTTA-1,Monocytes
CD8dep_AGGTCATCAAACGTGG-1,Macrophages
CD8dep_AGGTCATCAAGTCTGT-1,Macrophages
CD8dep_AGGTCATCACCACCAG-1,Macrophages
CD8dep_AGGTCATCATGCTAGT-1,Dendritic cells
CD8dep_AGGTCATGTAACGCGA-1,Monocytes
CD8dep_AGGTCATGTACCGTTA-1,Monocytes
CD8dep_AGGTCATGTAGTACCT-1,Monocytes
CD8dep_AGGTCATGTCCTAGCG-1,Monocytes
CD8dep_AGGTCATGTCGGGTCT-1,Granulocytes
CD8dep_AGGTCATGTTTGTTGG-1,Dendritic cells
CD8dep_AGGTCATTCACGCATA-1,Monocytes
CD8dep_AGGTCATTCCTCAATT-1,Monocytes
CD8dep_AGGTCATTCGCTAGCG-1,Monocytes
CD8dep_AGGTCATTCGGCTTGG-1,Dendritic cells
CD8dep_AGGTCATTCTCAACTT-1,Monocytes
CD8dep_AGGTCATTCTGCGACG-1,Monocytes
CD8dep_AGGTCCGAGAAGGGTA-1,Monocytes
CD8dep_AGGTCCGAGCGGATCA-1,Monocytes
CD8dep_AGGTCCGAGTACCGGA-1,Monocytes
CD8dep_AGGTCCGAGTGTTAGA-1,Monocytes
CD8dep_AGGTCCGCACCTTGTC-1,Monocytes
CD8dep_AGGTCCGCAGCCAATT-1,Macrophages
CD8dep_AGGTCCGGTAAAGGAG-1,Monocytes
CD8dep_AGGTCCGGTAGCGCTC-1,Monocytes
CD8dep_AGGTCCGGTCAAGCGA-1,Dendritic cells
CD8dep_AGGTCCGGTGTATGGG-1,Monocytes
CD8dep_AGGTCCGGTTACGGAG-1,Monocytes
CD8dep_AGGTCCGTCAGCCTAA-1,Monocytes
CD8dep_AGGTCCGTCTGCGGCA-1,Monocytes
CD8dep_AGTAGTCAGAGACGAA-1,Monocytes
CD8dep_AGTAGTCAGCCGGTAA-1,Monocytes
CD8dep_AGTAGTCAGTGAAGTT-1,Monocytes
CD8dep_AGTAGTCCAGGTGCCT-1,Monocytes
CD8dep_AGTAGTCCATGCAATC-1,Monocytes
CD8dep_AGTAGTCGTAGCTAAA-1,Monocytes
CD8dep_AGTAGTCGTCAGGACA-1,Monocytes
CD8dep_AGTCTTTAGGGAGTAA-1,Monocytes
CD8dep_AGTCTTTAGGGTCGAT-1,Monocytes
CD8dep_AGTCTTTCAAGCGTAG-1,Monocytes
CD8dep_AGTCTTTCATACGCCG-1,Monocytes
CD8dep_AGTCTTTGTCAAAGAT-1,Monocytes
CD8dep_AGTCTTTGTCAAGCGA-1,Monocytes
CD8dep_AGTCTTTGTCCAGTGC-1,Dendritic cells
CD8dep_AGTCTTTGTCTGATCA-1,Monocytes
CD8dep_AGTCTTTGTCTTGTCC-1,Monocytes
CD8dep_AGTCTTTGTGGTAACG-1,Monocytes
CD8dep_AGTCTTTGTTCGTTGA-1,Monocytes
CD8dep_AGTCTTTTCGCCAAAT-1,Monocytes
CD8dep_AGTGAGGAGCTTCGCG-1,Monocytes
CD8dep_AGTGAGGAGTGGTAAT-1,Monocytes
CD8dep_AGTGAGGCAAAGGCGT-1,Monocytes
CD8dep_AGTGAGGCAATAACGA-1,Granulocytes
CD8dep_AGTGAGGGTAGAAGGA-1,Monocytes
CD8dep_AGTGAGGTCATGCTCC-1,Monocytes
CD8dep_AGTGAGGTCCTATGTT-1,Macrophages
CD8dep_AGTGAGGTCTATCCTA-1,Monocytes
CD8dep_AGTGGGAAGATGGCGT-1,Monocytes
CD8dep_AGTGGGAAGCACCGCT-1,Monocytes
CD8dep_AGTGGGAAGTTATCGC-1,Dendritic cells
CD8dep_AGTGGGACACTATCTT-1,Monocytes
CD8dep_AGTGGGACAGGAATGC-1,Monocytes
CD8dep_AGTGGGACAGGCAGTA-1,Monocytes
CD8dep_AGTGGGACAGTAAGCG-1,Monocytes
CD8dep_AGTGGGAGTCTAGTGT-1,Monocytes
CD8dep_AGTGGGAGTTGGGACA-1,Monocytes
CD8dep_AGTGTCAAGCGATCCC-1,Dendritic cells
CD8dep_AGTGTCAAGTCTCAAC-1,Monocytes
CD8dep_AGTGTCACAGCCAATT-1,Granulocytes
CD8dep_AGTGTCACATGTTGAC-1,Monocytes
CD8dep_AGTGTCAGTGTTCTTT-1,Monocytes
CD8dep_AGTGTCATCCTGTAGA-1,Dendritic cells
CD8dep_AGTGTCATCGCACTCT-1,Dendritic cells
CD8dep_AGTTGGTAGAAGATTC-1,Dendritic cells
CD8dep_AGTTGGTAGGGTGTGT-1,Dendritic cells
CD8dep_AGTTGGTGTCCATGAT-1,Macrophages
CD8dep_AGTTGGTGTGAAATCA-1,Monocytes
CD8dep_AGTTGGTGTGGTCTCG-1,Monocytes
CD8dep_AGTTGGTTCAGTTGAC-1,Dendritic cells
CD8dep_AGTTGGTTCCCAGGTG-1,Monocytes
CD8dep_AGTTGGTTCGGAAACG-1,Dendritic cells
CD8dep_AGTTGGTTCTAGCACA-1,Monocytes
CD8dep_AGTTGGTTCTGCGTAA-1,Monocytes
CD8dep_ATAACGCGTCAGAATA-1,Monocytes
CD8dep_ATAACGCTCACCTTAT-1,Monocytes
CD8dep_ATAACGCTCATGCAAC-1,Monocytes
CD8dep_ATAACGCTCTCCAGGG-1,Monocytes
CD8dep_ATAAGAGAGATGAGAG-1,Monocytes
CD8dep_ATAAGAGAGCGGCTTC-1,Monocytes
CD8dep_ATAAGAGCAAGTACCT-1,Monocytes
CD8dep_ATAAGAGCACTCGACG-1,Monocytes
CD8dep_ATAAGAGCATGGGACA-1,Monocytes
CD8dep_ATAAGAGGTACGCTGC-1,Monocytes
CD8dep_ATAAGAGGTTTGGCGC-1,Monocytes
CD8dep_ATAAGAGTCCAGGGCT-1,Monocytes
CD8dep_ATAAGAGTCGCCAAAT-1,Monocytes
CD8dep_ATAAGAGTCTCGGACG-1,Monocytes
CD8dep_ATAGACCAGAATGTTG-1,Monocytes
CD8dep_ATAGACCAGATAGTCA-1,Monocytes
CD8dep_ATAGACCAGGACTGGT-1,Monocytes
CD8dep_ATAGACCAGGATGTAT-1,Macrophages
CD8dep_ATAGACCAGGCTCATT-1,Monocytes
CD8dep_ATAGACCCAAGTACCT-1,Monocytes
CD8dep_ATAGACCGTCTCTTTA-1,Monocytes
CD8dep_ATAGACCGTTTAGCTG-1,Monocytes
CD8dep_ATAGACCTCACTTCAT-1,Monocytes
CD8dep_ATAGACCTCCAGATCA-1,Monocytes
CD8dep_ATAGACCTCCCATTTA-1,Monocytes
CD8dep_ATAGACCTCGTGGACC-1,Monocytes
CD8dep_ATAGACCTCTGGTTCC-1,Monocytes
CD8dep_ATAGACCTCTTGCATT-1,Monocytes
CD8dep_ATCACGAAGACCCACC-1,Granulocytes
CD8dep_ATCACGACAATCGAAA-1,Monocytes
CD8dep_ATCACGACAGCCAGAA-1,Monocytes
CD8dep_ATCACGACATGTAAGA-1,Granulocytes
CD8dep_ATCACGATCAACACAC-1,Monocytes
CD8dep_ATCACGATCCATGAGT-1,Monocytes
CD8dep_ATCACGATCGGACAAG-1,Monocytes
CD8dep_ATCACGATCTATCGCC-1,Monocytes
CD8dep_ATCACGATCTCGCTTG-1,Monocytes
CD8dep_ATCACGATCTGTCAAG-1,Monocytes
CD8dep_ATCATCTCATGTCGAT-1,Monocytes
CD8dep_ATCATGGAGTTGAGAT-1,Monocytes
CD8dep_ATCATGGCAAGCCGTC-1,Monocytes
CD8dep_ATCATGGCATGTAAGA-1,Monocytes
CD8dep_ATCATGGGTCAAAGAT-1,Monocytes
CD8dep_ATCATGGGTTGGTAAA-1,Monocytes
CD8dep_ATCATGGTCACAGTAC-1,Monocytes
CD8dep_ATCATGGTCTTGCAAG-1,Monocytes
CD8dep_ATCCACCAGACTAAGT-1,Monocytes
CD8dep_ATCCACCAGTACGCCC-1,Monocytes
CD8dep_ATCCACCAGTTGCAGG-1,Monocytes
CD8dep_ATCCACCCACATCCGG-1,Monocytes
CD8dep_ATCCACCGTCTTGATG-1,Monocytes
CD8dep_ATCCGAAAGAAGCCCA-1,Monocytes
CD8dep_ATCCGAAAGAATTGTG-1,Macrophages
CD8dep_ATCCGAAAGATGTGGC-1,Fibroblasts
CD8dep_ATCCGAAAGTTGAGTA-1,Monocytes
CD8dep_ATCCGAACAACGATGG-1,Monocytes
CD8dep_ATCCGAACAGGGATTG-1,Monocytes
CD8dep_ATCCGAAGTAAAGTCA-1,Monocytes
CD8dep_ATCCGAAGTTTCCACC-1,Dendritic cells
CD8dep_ATCCGAATCGGCCGAT-1,Monocytes
CD8dep_ATCCGAATCTTAGAGC-1,Monocytes
CD8dep_ATCCGAATCTTGACGA-1,Monocytes
CD8dep_ATCGAGTAGAAGGCCT-1,Monocytes
CD8dep_ATCGAGTAGTCTCCTC-1,Monocytes
CD8dep_ATCGAGTAGTGCAAGC-1,Monocytes
CD8dep_ATCGAGTCAGGCAGTA-1,Monocytes
CD8dep_ATCGAGTGTACAGTGG-1,Dendritic cells
CD8dep_ATCGAGTTCAATCTCT-1,Monocytes
CD8dep_ATCGAGTTCGTTGCCT-1,Monocytes
CD8dep_ATCTACTAGAGATGAG-1,Monocytes
CD8dep_ATCTACTAGATGCGAC-1,Monocytes
CD8dep_ATCTACTAGTGCGTGA-1,Monocytes
CD8dep_ATCTACTAGTTCCACA-1,Macrophages
CD8dep_ATCTACTCACATTTCT-1,T cells
CD8dep_ATCTACTGTTGTGGAG-1,Monocytes
CD8dep_ATCTGCCAGAACAATC-1,Monocytes
CD8dep_ATCTGCCAGACGCAAC-1,Monocytes
CD8dep_ATCTGCCAGATGTGTA-1,Dendritic cells
CD8dep_ATCTGCCAGCTCCTCT-1,Monocytes
CD8dep_ATCTGCCAGTTATCGC-1,Monocytes
CD8dep_ATCTGCCCAACGATCT-1,Dendritic cells
CD8dep_ATCTGCCCAAGACGTG-1,B cells
CD8dep_ATCTGCCCAAGTAATG-1,Monocytes
CD8dep_ATCTGCCCACAGAGGT-1,Monocytes
CD8dep_ATCTGCCCACTAGTAC-1,Monocytes
CD8dep_ATCTGCCCATGCTAGT-1,Monocytes
CD8dep_ATCTGCCCATTACCTT-1,Monocytes
CD8dep_ATCTGCCGTACGACCC-1,Monocytes
CD8dep_ATCTGCCGTACTTGAC-1,Monocytes
CD8dep_ATCTGCCGTCATGCAT-1,Monocytes
CD8dep_ATCTGCCGTTAAGACA-1,Dendritic cells
CD8dep_ATCTGCCGTTACTGAC-1,Monocytes
CD8dep_ATCTGCCTCAACTCTT-1,Monocytes
CD8dep_ATGAGGGAGCCATCGC-1,Monocytes
CD8dep_ATGAGGGAGGCATGGT-1,Monocytes
CD8dep_ATGAGGGGTCCTCTTG-1,Monocytes
CD8dep_ATGAGGGGTCGCTTTC-1,Monocytes
CD8dep_ATGAGGGGTGCCTTGG-1,Monocytes
CD8dep_ATGAGGGGTGGTCCGT-1,Monocytes
CD8dep_ATGAGGGGTTCCAACA-1,Monocytes
CD8dep_ATGAGGGTCACCGGGT-1,Monocytes
CD8dep_ATGAGGGTCCTCATTA-1,Monocytes
CD8dep_ATGAGGGTCGCACTCT-1,Monocytes
CD8dep_ATGAGGGTCGTCTGAA-1,Monocytes
CD8dep_ATGCGATAGTATGACA-1,Monocytes
CD8dep_ATGCGATAGTCCGGTC-1,Monocytes
CD8dep_ATGCGATAGTTAACGA-1,Monocytes
CD8dep_ATGCGATCATGCCTTC-1,Monocytes
CD8dep_ATGCGATGTCAGTGGA-1,Monocytes
CD8dep_ATGCGATGTCCAGTAT-1,Monocytes
CD8dep_ATGCGATGTTTCCACC-1,Monocytes
CD8dep_ATGCGATTCAGCACAT-1,Monocytes
CD8dep_ATGCGATTCTACGAGT-1,Monocytes
CD8dep_ATGGGAGAGCCAGAAC-1,Monocytes
CD8dep_ATGGGAGAGCGCTCCA-1,Monocytes
CD8dep_ATGGGAGAGGGCATGT-1,Monocytes
CD8dep_ATGGGAGCACCGATAT-1,Monocytes
CD8dep_ATGGGAGCAGATTGCT-1,Monocytes
CD8dep_ATGGGAGTCGGCTTGG-1,Dendritic cells
CD8dep_ATGTGTGAGATAGTCA-1,Monocytes
CD8dep_ATGTGTGAGCCCAGCT-1,Dendritic cells
CD8dep_ATGTGTGAGGTGCTTT-1,Monocytes
CD8dep_ATGTGTGAGTTGAGTA-1,Dendritic cells
CD8dep_ATGTGTGCACTACAGT-1,Monocytes
CD8dep_ATGTGTGGTGATGTCT-1,Monocytes
CD8dep_ATGTGTGTCGCGCCAA-1,Monocytes
CD8dep_ATTACTCAGCATGGCA-1,Granulocytes
CD8dep_ATTACTCAGCGTGAAC-1,Dendritic cells
CD8dep_ATTACTCAGGTGCTTT-1,Monocytes
CD8dep_ATTACTCAGTGCGTGA-1,Monocytes
CD8dep_ATTACTCGTGCGGTAA-1,Monocytes
CD8dep_ATTACTCTCGCTAGCG-1,Monocytes
CD8dep_ATTACTCTCTATGTGG-1,Monocytes
CD8dep_ATTACTCTCTTTAGTC-1,Monocytes
CD8dep_ATTATCCAGATGCCAG-1,Monocytes
CD8dep_ATTATCCAGATGCCTT-1,Monocytes
CD8dep_ATTATCCAGTCCTCCT-1,Monocytes
CD8dep_ATTATCCCACTACAGT-1,Monocytes
CD8dep_ATTATCCCAGACAAAT-1,Monocytes
CD8dep_ATTATCCCAGGTTTCA-1,Monocytes
CD8dep_ATTATCCCATATACGC-1,Monocytes
CD8dep_ATTATCCGTTCCGTCT-1,Monocytes
CD8dep_ATTATCCGTTGTACAC-1,Dendritic cells
CD8dep_ATTATCCTCAGGATCT-1,Monocytes
CD8dep_ATTATCCTCAGTGCAT-1,Macrophages
CD8dep_ATTCTACAGATAGGAG-1,Granulocytes
CD8dep_ATTCTACAGCAGATCG-1,Monocytes
CD8dep_ATTCTACCATGCGCAC-1,Monocytes
CD8dep_ATTCTACGTGAGGGAG-1,Monocytes
CD8dep_ATTCTACGTGGGTCAA-1,Monocytes
CD8dep_ATTCTACGTTCGTCTC-1,Monocytes
CD8dep_ATTGGACAGACCACGA-1,Monocytes
CD8dep_ATTGGACAGATATGGT-1,Monocytes
CD8dep_ATTGGACAGTACGACG-1,Monocytes
CD8dep_ATTGGACCAAACCTAC-1,Monocytes
CD8dep_ATTGGACCAAGCCGCT-1,Monocytes
CD8dep_ATTGGACCAATGTAAG-1,Monocytes
CD8dep_ATTGGACCACACAGAG-1,Monocytes
CD8dep_ATTGGACCACGAAACG-1,Monocytes
CD8dep_ATTGGTGAGAAAGTGG-1,Monocytes
CD8dep_ATTGGTGAGAACTGTA-1,Monocytes
CD8dep_ATTGGTGAGTCCGGTC-1,T cells
CD8dep_ATTGGTGGTCAGAATA-1,Granulocytes
CD8dep_ATTGGTGGTCCGTGAC-1,Dendritic cells
CD8dep_ATTGGTGGTGATAAGT-1,Monocytes
CD8dep_ATTGGTGGTGTTCGAT-1,Monocytes
CD8dep_ATTGGTGTCATACGGT-1,Monocytes
CD8dep_ATTGGTGTCGTACCGG-1,Dendritic cells
CD8dep_ATTGGTGTCTAACGGT-1,Monocytes
CD8dep_ATTGGTGTCTGTTGAG-1,Monocytes
CD8dep_ATTTCTGAGTGCCATT-1,Monocytes
CD8dep_ATTTCTGTCAGTTAGC-1,Monocytes
CD8dep_ATTTCTGTCATTGCGA-1,Monocytes
CD8dep_ATTTCTGTCCTTGGTC-1,Fibroblasts
CD8dep_ATTTCTGTCGCGCCAA-1,Monocytes
CD8dep_ATTTCTGTCTTAGCCC-1,Monocytes
CD8dep_CAACCAAAGACTGTAA-1,Monocytes
CD8dep_CAACCAAAGACTTTCG-1,Monocytes
CD8dep_CAACCAAAGAGGTTGC-1,Dendritic cells
CD8dep_CAACCAACAACACGCC-1,Monocytes
CD8dep_CAACCAACACATGGGA-1,Monocytes
CD8dep_CAACCAACAGGACCCT-1,Granulocytes
CD8dep_CAACCAACAGGGTACA-1,Monocytes
CD8dep_CAACCAACATGGGACA-1,Monocytes
CD8dep_CAACCAAGTCACTTCC-1,Monocytes
CD8dep_CAACCAAGTCATTAGC-1,Monocytes
CD8dep_CAACCAAGTTCCACAA-1,Monocytes
CD8dep_CAACCTCAGCGACGTA-1,Macrophages
CD8dep_CAACCTCGTCCGCTGA-1,Monocytes
CD8dep_CAACCTCGTCGAGTTT-1,Monocytes
CD8dep_CAACCTCGTTCATGGT-1,Monocytes
CD8dep_CAACTAGAGGTAAACT-1,Monocytes
CD8dep_CAACTAGCAAGTCTAC-1,Dendritic cells
CD8dep_CAACTAGCACAGACAG-1,Monocytes
CD8dep_CAACTAGCACCAGGCT-1,Granulocytes
CD8dep_CAACTAGCACTTACGA-1,Monocytes
CD8dep_CAACTAGCAGGTTTCA-1,Monocytes
CD8dep_CAACTAGCATTGGGCC-1,Dendritic cells
CD8dep_CAACTAGGTCGGGTCT-1,Monocytes
CD8dep_CAACTAGGTGTTTGGT-1,Monocytes
CD8dep_CAACTAGTCCTTGCCA-1,Monocytes
CD8dep_CAAGAAAAGGCTAGAC-1,Monocytes
CD8dep_CAAGAAACAATGTTGC-1,Monocytes
CD8dep_CAAGAAACACGGATAG-1,Dendritic cells
CD8dep_CAAGAAACAGCGTTCG-1,Monocytes
CD8dep_CAAGAAAGTCCGAAGA-1,Monocytes
CD8dep_CAAGAAAGTCGGCTCA-1,Monocytes
CD8dep_CAAGAAAGTGATGTCT-1,Macrophages
CD8dep_CAAGAAAGTGCACCAC-1,Monocytes
CD8dep_CAAGAAATCCATGCTC-1,Monocytes
CD8dep_CAAGATCAGCGCCTTG-1,Monocytes
CD8dep_CAAGATCAGGATGGTC-1,Granulocytes
CD8dep_CAAGATCAGGGTTCCC-1,Monocytes
CD8dep_CAAGATCAGTGTCCAT-1,Monocytes
CD8dep_CAAGATCCATATGCTG-1,Monocytes
CD8dep_CAAGATCGTAATCACC-1,Granulocytes
CD8dep_CAAGATCGTCAGAATA-1,Macrophages
CD8dep_CAAGATCTCCAACCAA-1,Monocytes
CD8dep_CAAGATCTCTCTGTCG-1,Monocytes
CD8dep_CAAGGCCCAGGAACGT-1,Monocytes
CD8dep_CAAGGCCCATACGCTA-1,Monocytes
CD8dep_CAAGGCCGTGGTCCGT-1,Monocytes
CD8dep_CAAGGCCGTTTGTTTC-1,Monocytes
CD8dep_CAAGGCCTCCGAACGC-1,Monocytes
CD8dep_CAAGTTGAGCCACGCT-1,Monocytes
CD8dep_CAAGTTGCAGTATGCT-1,Monocytes
CD8dep_CAAGTTGGTGACGCCT-1,Monocytes
CD8dep_CAAGTTGTCCTTGACC-1,Monocytes
CD8dep_CAAGTTGTCTAACCGA-1,Monocytes
CD8dep_CAAGTTGTCTCTGTCG-1,Monocytes
CD8dep_CAAGTTGTCTGGTGTA-1,Monocytes
CD8dep_CACAAACCAAACCTAC-1,Monocytes
CD8dep_CACAAACCAGATAATG-1,Dendritic cells
CD8dep_CACAAACCATTTGCTT-1,Dendritic cells
CD8dep_CACAAACGTACCTACA-1,Dendritic cells
CD8dep_CACAAACGTCACTTCC-1,Monocytes
CD8dep_CACAAACGTCAGATAA-1,Macrophages
CD8dep_CACAAACGTGGACGAT-1,Monocytes
CD8dep_CACAAACGTTACTGAC-1,Monocytes
CD8dep_CACAAACTCCAAATGC-1,Monocytes
CD8dep_CACAAACTCCTGCTTG-1,Monocytes
CD8dep_CACAAACTCCTTGGTC-1,Monocytes
CD8dep_CACAAACTCTTGAGGT-1,Dendritic cells
CD8dep_CACACAAAGAAGGGTA-1,Monocytes
CD8dep_CACACAAAGCCTTGAT-1,Granulocytes
CD8dep_CACACAAAGTGATCGG-1,Monocytes
CD8dep_CACACAACACCAGGCT-1,Monocytes
CD8dep_CACACAAGTCTAGCCG-1,Dendritic cells
CD8dep_CACACAATCAGTTGAC-1,Macrophages
CD8dep_CACACAATCCGCAAGC-1,Monocytes
CD8dep_CACACAATCCGTTGCT-1,Monocytes
CD8dep_CACACCTAGACTGTAA-1,Monocytes
CD8dep_CACACCTAGGCAGTCA-1,Dendritic cells
CD8dep_CACACCTCACTAAGTC-1,Monocytes
CD8dep_CACACTCAGATGGGTC-1,Monocytes
CD8dep_CACACTCAGCCAACAG-1,Monocytes
CD8dep_CACACTCAGTCAATAG-1,Monocytes
CD8dep_CACACTCCACTGTCGG-1,Monocytes
CD8dep_CACACTCCAGTCAGCC-1,Monocytes
CD8dep_CACACTCGTAAGGATT-1,Monocytes
CD8dep_CACACTCGTAAGGGAA-1,Monocytes
CD8dep_CACACTCGTCATGCCG-1,Monocytes
CD8dep_CACACTCGTGAAAGAG-1,Monocytes
CD8dep_CACACTCGTGAGTATA-1,Monocytes
CD8dep_CACAGGCAGCGATGAC-1,Monocytes
CD8dep_CACAGGCAGCGTCAAG-1,Monocytes
CD8dep_CACAGGCAGCGTGAAC-1,Monocytes
CD8dep_CACAGGCAGGTAAACT-1,Monocytes
CD8dep_CACAGGCCAAAGCGGT-1,Dendritic cells
CD8dep_CACAGGCCACGGACAA-1,Monocytes
CD8dep_CACAGGCCATACTACG-1,Monocytes
CD8dep_CACAGGCCATCGTCGG-1,T cells
CD8dep_CACAGGCGTAAACCTC-1,Granulocytes
CD8dep_CACAGGCGTAAGTGTA-1,Monocytes
CD8dep_CACAGGCGTATAATGG-1,Monocytes
CD8dep_CACAGGCGTCATCCCT-1,Dendritic cells
CD8dep_CACAGGCTCATTTGGG-1,Monocytes
CD8dep_CACAGGCTCCGTACAA-1,Monocytes
CD8dep_CACAGGCTCGGACAAG-1,Monocytes
CD8dep_CACAGTAAGAAGCCCA-1,Monocytes
CD8dep_CACAGTAAGGTGGGTT-1,Monocytes
CD8dep_CACAGTAAGGTGTGGT-1,Macrophages
CD8dep_CACAGTAAGTCTCAAC-1,Monocytes
CD8dep_CACAGTACACCAGTTA-1,Monocytes
CD8dep_CACAGTACATCTCGCT-1,Monocytes
CD8dep_CACAGTAGTAAGAGAG-1,Monocytes
CD8dep_CACAGTAGTATATGAG-1,Macrophages
CD8dep_CACAGTAGTCGCTTCT-1,Macrophages
CD8dep_CACAGTAGTGAACCTT-1,Monocytes
CD8dep_CACAGTAGTGAGGCTA-1,Monocytes
CD8dep_CACAGTAGTTCAGACT-1,Monocytes
CD8dep_CACAGTAGTTGGTGGA-1,Monocytes
CD8dep_CACAGTATCCGTAGTA-1,Monocytes
CD8dep_CACAGTATCGCCTGTT-1,Dendritic cells
CD8dep_CACATAGAGACAGAGA-1,Macrophages
CD8dep_CACATAGAGGCATTGG-1,Monocytes
CD8dep_CACATAGAGTCAAGGC-1,Monocytes
CD8dep_CACATAGCAATGGAGC-1,Monocytes
CD8dep_CACATAGCAGTTCCCT-1,Monocytes
CD8dep_CACATAGGTCAGAATA-1,Monocytes
CD8dep_CACATAGGTGCTCTTC-1,Monocytes
CD8dep_CACATAGGTGGTACAG-1,Monocytes
CD8dep_CACATAGGTTAGTGGG-1,Monocytes
CD8dep_CACATAGGTTCCACAA-1,Monocytes
CD8dep_CACATAGTCAGTTCGA-1,Monocytes
CD8dep_CACATTTAGGAGTCTG-1,Macrophages
CD8dep_CACATTTAGGTAAACT-1,Dendritic cells
CD8dep_CACATTTGTCGCGAAA-1,Monocytes
CD8dep_CACATTTGTTACAGAA-1,Monocytes
CD8dep_CACATTTTCTATGTGG-1,Dendritic cells
CD8dep_CACATTTTCTTGACGA-1,Monocytes
CD8dep_CACATTTTCTTGCCGT-1,Macrophages
CD8dep_CACCACTAGAGTACCG-1,Dendritic cells
CD8dep_CACCACTAGCTAGTCT-1,Monocytes
CD8dep_CACCACTAGGAGTTGC-1,Monocytes
CD8dep_CACCACTAGGCTAGGT-1,Monocytes
CD8dep_CACCACTAGGTGATAT-1,Monocytes
CD8dep_CACCACTAGTGGGTTG-1,Monocytes
CD8dep_CACCACTCAAGCGCTC-1,Monocytes
CD8dep_CACCACTGTACATGTC-1,Granulocytes
CD8dep_CACCACTGTATCACCA-1,Monocytes
CD8dep_CACCAGGAGGGTATCG-1,Monocytes
CD8dep_CACCAGGCACGAAACG-1,Monocytes
CD8dep_CACCAGGCACGGCCAT-1,Monocytes
CD8dep_CACCAGGCAGCGTAAG-1,Monocytes
CD8dep_CACCAGGCATGCGCAC-1,Monocytes
CD8dep_CACCAGGGTAGCGATG-1,Monocytes
CD8dep_CACCAGGGTCCAGTGC-1,Monocytes
CD8dep_CACCAGGGTCTTGATG-1,Monocytes
CD8dep_CACCAGGTCGCTGATA-1,Monocytes
CD8dep_CACCTTGAGATCTGCT-1,Monocytes
CD8dep_CACCTTGCAATGGAAT-1,Monocytes
CD8dep_CACCTTGCAGTATGCT-1,Monocytes
CD8dep_CACCTTGGTAGCCTAT-1,Monocytes
CD8dep_CACCTTGGTATGAAAC-1,Monocytes
CD8dep_CACCTTGGTCCGAACC-1,Monocytes
CD8dep_CACCTTGGTTCCAACA-1,Monocytes
CD8dep_CACCTTGGTTTGGGCC-1,Monocytes
CD8dep_CACCTTGTCCCTTGCA-1,Monocytes
CD8dep_CACCTTGTCCTTGCCA-1,Monocytes
CD8dep_CACTCCAAGCCGGTAA-1,Monocytes
CD8dep_CACTCCAAGCTAGCCC-1,Monocytes
CD8dep_CACTCCAAGCTGGAAC-1,Macrophages
CD8dep_CACTCCAAGGCGCTCT-1,Dendritic cells
CD8dep_CACTCCAAGTGAAGTT-1,Monocytes
CD8dep_CACTCCAAGTGACTCT-1,Monocytes
CD8dep_CACTCCACAATAACGA-1,Monocytes
CD8dep_CACTCCAGTACGAAAT-1,Monocytes
CD8dep_CACTCCAGTCTCTCTG-1,Macrophages
CD8dep_CACTCCAGTGTGACCC-1,Monocytes
CD8dep_CACTCCAGTTCAGGCC-1,Monocytes
CD8dep_CACTCCATCCAAGCCG-1,Granulocytes
CD8dep_CACTCCATCCGAAGAG-1,Monocytes
CD8dep_CACTCCATCCGAGCCA-1,Monocytes
CD8dep_CACTCCATCCTAGGGC-1,Monocytes
CD8dep_CACTCCATCTGGCGTG-1,Monocytes
CD8dep_CAGAATCAGACACTAA-1,Monocytes
CD8dep_CAGAATCAGACAGGCT-1,Monocytes
CD8dep_CAGAATCAGATATACG-1,Monocytes
CD8dep_CAGAATCGTATTACCG-1,Monocytes
CD8dep_CAGAATCGTCACAAGG-1,Monocytes
CD8dep_CAGAATCTCCGAATGT-1,Macrophages
CD8dep_CAGAATCTCTCAAACG-1,Monocytes
CD8dep_CAGAGAGAGAGTAAGG-1,Monocytes
CD8dep_CAGAGAGAGATATACG-1,Monocytes
CD8dep_CAGAGAGAGCCAGAAC-1,Monocytes
CD8dep_CAGAGAGAGTGGTAGC-1,Monocytes
CD8dep_CAGAGAGAGTTAGCGG-1,Monocytes
CD8dep_CAGAGAGCAGCATACT-1,Dendritic cells
CD8dep_CAGAGAGCAGTTTACG-1,Monocytes
CD8dep_CAGAGAGCATGGTCAT-1,Monocytes
CD8dep_CAGAGAGGTACACCGC-1,Dendritic cells
CD8dep_CAGAGAGGTACAGACG-1,Monocytes
CD8dep_CAGAGAGGTCTAGGTT-1,Monocytes
CD8dep_CAGAGAGGTTAAAGAC-1,Monocytes
CD8dep_CAGAGAGTCCAAACTG-1,Granulocytes
CD8dep_CAGAGAGTCCCATTAT-1,Monocytes
CD8dep_CAGAGAGTCGGCTTGG-1,Monocytes
CD8dep_CAGAGAGTCTCTGAGA-1,Monocytes
CD8dep_CAGAGAGTCTTGGGTA-1,Macrophages
CD8dep_CAGATCAAGGGTATCG-1,Monocytes
CD8dep_CAGATCAGTCTCTCTG-1,Monocytes
CD8dep_CAGATCATCAAACCGT-1,Dendritic cells
CD8dep_CAGATCATCCGTTGCT-1,Monocytes
CD8dep_CAGATCATCTGCCCTA-1,Monocytes
CD8dep_CAGCAGCAGAGTTGGC-1,Monocytes
CD8dep_CAGCAGCAGGCAAAGA-1,Monocytes
CD8dep_CAGCAGCAGTATTGGA-1,Dendritic cells
CD8dep_CAGCAGCGTAGCCTCG-1,Monocytes
CD8dep_CAGCAGCGTCCGAATT-1,Dendritic cells
CD8dep_CAGCAGCTCCGGGTGT-1,Monocytes
CD8dep_CAGCAGCTCGCCGTGA-1,Dendritic cells
CD8dep_CAGCAGCTCGCTGATA-1,Monocytes
CD8dep_CAGCAGCTCGCTTGTC-1,Dendritic cells
CD8dep_CAGCAGCTCTTTACAC-1,Monocytes
CD8dep_CAGCATAAGAGGACGG-1,Monocytes
CD8dep_CAGCATAAGATCCCGC-1,Monocytes
CD8dep_CAGCATAAGTACATGA-1,Monocytes
CD8dep_CAGCATACAATGTAAG-1,Macrophages
CD8dep_CAGCATAGTAGGCATG-1,Monocytes
CD8dep_CAGCATAGTCAAACTC-1,Monocytes
CD8dep_CAGCATATCAAACCGT-1,Monocytes
CD8dep_CAGCATATCGAGCCCA-1,Monocytes
CD8dep_CAGCCGAAGAGTTGGC-1,Monocytes
CD8dep_CAGCCGAAGATCACGG-1,Dendritic cells
CD8dep_CAGCCGAAGATCTGAA-1,Dendritic cells
CD8dep_CAGCCGACAAAGGAAG-1,Monocytes
CD8dep_CAGCCGACAAGGACAC-1,Macrophages
CD8dep_CAGCCGACAAGTTCTG-1,Monocytes
CD8dep_CAGCCGACATGATCCA-1,Monocytes
CD8dep_CAGCCGAGTAAGCACG-1,Macrophages
CD8dep_CAGCCGAGTATGAAAC-1,Monocytes
CD8dep_CAGCCGAGTCAACATC-1,Monocytes
CD8dep_CAGCCGAGTCCGTTAA-1,Monocytes
CD8dep_CAGCCGAGTCTGCCAG-1,Dendritic cells
CD8dep_CAGCCGAGTGACAAAT-1,Monocytes
CD8dep_CAGCCGAGTTACGTCA-1,Monocytes
CD8dep_CAGCCGATCAGCTTAG-1,Monocytes
CD8dep_CAGCGACAGATATGCA-1,Monocytes
CD8dep_CAGCGACGTTCAGCGC-1,Macrophages
CD8dep_CAGCGACTCCGAAGAG-1,Monocytes
CD8dep_CAGCTAAAGCTAGTGG-1,Monocytes
CD8dep_CAGCTAACATCGGAAG-1,Monocytes
CD8dep_CAGCTAAGTACGCACC-1,Monocytes
CD8dep_CAGCTAAGTCATACTG-1,Monocytes
CD8dep_CAGCTAAGTCGCTTTC-1,Monocytes
CD8dep_CAGCTAAGTCTGATTG-1,Monocytes
CD8dep_CAGCTGGAGGGTGTGT-1,Dendritic cells
CD8dep_CAGCTGGAGTGCGATG-1,Monocytes
CD8dep_CAGCTGGGTAATCGTC-1,Monocytes
CD8dep_CAGCTGGGTAGTACCT-1,Monocytes
CD8dep_CAGCTGGTCCGTCAAA-1,Monocytes
CD8dep_CAGCTGGTCTGGGCCA-1,Monocytes
CD8dep_CAGGTGCAGACACTAA-1,Monocytes
CD8dep_CAGGTGCAGCATGGCA-1,Granulocytes
CD8dep_CAGGTGCCAAGACACG-1,Monocytes
CD8dep_CAGGTGCCATCTACGA-1,Monocytes
CD8dep_CAGGTGCGTACAGTGG-1,Monocytes
CD8dep_CAGGTGCGTGCACGAA-1,Monocytes
CD8dep_CAGGTGCTCAGCTCGG-1,Monocytes
CD8dep_CAGTAACAGCCTATGT-1,Monocytes
CD8dep_CAGTAACGTCGCCATG-1,Monocytes
CD8dep_CAGTAACGTCTTCGTC-1,Monocytes
CD8dep_CAGTAACGTCTTGATG-1,Monocytes
CD8dep_CAGTAACGTTCCGTCT-1,Monocytes
CD8dep_CAGTAACTCAACGGCC-1,Monocytes
CD8dep_CAGTCCTAGCCACGCT-1,T cells
CD8dep_CAGTCCTAGCTTATCG-1,Dendritic cells
CD8dep_CAGTCCTCACGTTGGC-1,Macrophages
CD8dep_CAGTCCTGTACATGTC-1,Monocytes
CD8dep_CAGTCCTGTACCGCTG-1,Macrophages
CD8dep_CAGTCCTGTTCACCTC-1,T cells
CD8dep_CAGTCCTGTTGGTAAA-1,Dendritic cells
CD8dep_CAGTCCTTCATCTGCC-1,Monocytes
CD8dep_CAGTCCTTCTGTTGAG-1,Monocytes
CD8dep_CAGTCCTTCTTGTTTG-1,Monocytes
CD8dep_CATATGGAGACGACGT-1,Monocytes
CD8dep_CATATGGAGCTAGTCT-1,Dendritic cells
CD8dep_CATATGGAGGGCTTCC-1,Macrophages
CD8dep_CATATGGAGTTCCACA-1,Monocytes
CD8dep_CATATGGCAATAGCGG-1,Monocytes
CD8dep_CATATGGCAGGGTACA-1,Monocytes
CD8dep_CATATGGCATAAAGGT-1,Dendritic cells
CD8dep_CATATGGCATGAACCT-1,Monocytes
CD8dep_CATATGGGTCTACCTC-1,Monocytes
CD8dep_CATATGGGTTCATGGT-1,Monocytes
CD8dep_CATATGGGTTTAGCTG-1,Monocytes
CD8dep_CATATGGTCTTTAGGG-1,Monocytes
CD8dep_CATATTCAGTTGAGAT-1,Monocytes
CD8dep_CATATTCAGTTGTAGA-1,Monocytes
CD8dep_CATATTCCATAAAGGT-1,Monocytes
CD8dep_CATATTCCATATACGC-1,Monocytes
CD8dep_CATATTCCATTAGGCT-1,Monocytes
CD8dep_CATATTCGTAGAAAGG-1,Monocytes
CD8dep_CATATTCGTCTTCTCG-1,Monocytes
CD8dep_CATATTCGTCTTTCAT-1,Monocytes
CD8dep_CATATTCGTGTGACGA-1,Dendritic cells
CD8dep_CATATTCGTTCGGCAC-1,Macrophages
CD8dep_CATCAAGAGCCAGTTT-1,Monocytes
CD8dep_CATCAAGAGTCAATAG-1,Monocytes
CD8dep_CATCAAGAGTGCGATG-1,Monocytes
CD8dep_CATCAAGCAACACCCG-1,Monocytes
CD8dep_CATCAAGCACGGTTTA-1,Monocytes
CD8dep_CATCAAGGTAATCACC-1,Monocytes
CD8dep_CATCAGAAGTGAACAT-1,Monocytes
CD8dep_CATCAGACACGGTGTC-1,Monocytes
CD8dep_CATCAGACAGGTGGAT-1,Monocytes
CD8dep_CATCAGACAGTGACAG-1,Monocytes
CD8dep_CATCAGACATCAGTAC-1,Monocytes
CD8dep_CATCAGAGTCTCTTAT-1,Monocytes
CD8dep_CATCCACAGACCACGA-1,Dendritic cells
CD8dep_CATCCACCAAGTCTGT-1,Monocytes
CD8dep_CATCCACCATTCCTGC-1,Monocytes
CD8dep_CATCCACCATTTGCTT-1,Monocytes
CD8dep_CATCCACGTAAAGGAG-1,Monocytes
CD8dep_CATCCACGTCCCTTGT-1,Monocytes
CD8dep_CATCCACGTCGTTGTA-1,Dendritic cells
CD8dep_CATCCACGTGCATCTA-1,Macrophages
CD8dep_CATCCACTCGGTGTCG-1,Monocytes
CD8dep_CATCGAAAGCCACTAT-1,Monocytes
CD8dep_CATCGAAAGCGTGAGT-1,Monocytes
CD8dep_CATCGAAAGGAGTAGA-1,Monocytes
CD8dep_CATCGAAAGTACGCCC-1,Monocytes
CD8dep_CATCGAAAGTGGAGAA-1,Monocytes
CD8dep_CATCGAAAGTTAGGTA-1,Monocytes
CD8dep_CATCGAACAAGCTGAG-1,Macrophages
CD8dep_CATCGAACAATGTAAG-1,Monocytes
CD8dep_CATCGAAGTCGCGGTT-1,Monocytes
CD8dep_CATCGAAGTGAGCGAT-1,Monocytes
CD8dep_CATCGAAGTTGCTCCT-1,Monocytes
CD8dep_CATCGAAGTTTACTCT-1,Macrophages
CD8dep_CATCGAATCTTTCCTC-1,Monocytes
CD8dep_CATCGGGAGAGGGATA-1,Monocytes
CD8dep_CATCGGGAGCGTGAGT-1,Monocytes
CD8dep_CATCGGGAGCTGTTCA-1,Granulocytes
CD8dep_CATCGGGAGGTGCTAG-1,Monocytes
CD8dep_CATCGGGCACATCCGG-1,Dendritic cells
CD8dep_CATCGGGCACTTCGAA-1,Monocytes
CD8dep_CATCGGGCAGGAATGC-1,Monocytes
CD8dep_CATCGGGGTCAGAATA-1,Monocytes
CD8dep_CATCGGGGTCGTTGTA-1,Dendritic cells
CD8dep_CATCGGGGTGTTCGAT-1,Monocytes
CD8dep_CATCGGGGTTCCACAA-1,Monocytes
CD8dep_CATCGGGGTTCCGGCA-1,Dendritic cells
CD8dep_CATCGGGTCATGCATG-1,Monocytes
CD8dep_CATGACAAGAGGACGG-1,Monocytes
CD8dep_CATGACAAGCTAGTGG-1,Monocytes
CD8dep_CATGACAAGTGAATTG-1,Monocytes
CD8dep_CATGACAAGTGACTCT-1,Monocytes
CD8dep_CATGACACACACGCTG-1,Monocytes
CD8dep_CATGACAGTAATTGGA-1,Monocytes
CD8dep_CATGACAGTCCGAGTC-1,Macrophages
CD8dep_CATGACAGTCTAAACC-1,Macrophages
CD8dep_CATGCCTAGAGGGCTT-1,Monocytes
CD8dep_CATGCCTAGCGCCTCA-1,Monocytes
CD8dep_CATGCCTAGCGTGTCC-1,Macrophages
CD8dep_CATGCCTCAATCACAC-1,Monocytes
CD8dep_CATGCCTTCCCTAACC-1,Granulocytes
CD8dep_CATGCCTTCTGTTGAG-1,Monocytes
CD8dep_CATGGCGAGAGTGACC-1,Granulocytes
CD8dep_CATGGCGAGGAGTTGC-1,Dendritic cells
CD8dep_CATGGCGAGGTGTGGT-1,Monocytes
CD8dep_CATGGCGCAGGAACGT-1,Dendritic cells
CD8dep_CATGGCGGTCTAGCGC-1,Monocytes
CD8dep_CATGGCGTCGCGCCAA-1,Monocytes
CD8dep_CATGGCGTCGTTACAG-1,Monocytes
CD8dep_CATGGCGTCGTTGACA-1,Monocytes
CD8dep_CATGGCGTCTCGAGTA-1,Monocytes
CD8dep_CATTATCGTAAGTAGT-1,Dendritic cells
CD8dep_CATTATCTCCCTGACT-1,Macrophages
CD8dep_CATTATCTCGCCATAA-1,Monocytes
CD8dep_CATTATCTCGTTGCCT-1,Macrophages
CD8dep_CATTATCTCTACCTGC-1,Monocytes
CD8dep_CATTATCTCTTGTACT-1,Dendritic cells
CD8dep_CATTCGCCACAGGTTT-1,Dendritic cells
CD8dep_CATTCGCCACGAAAGC-1,Monocytes
CD8dep_CATTCGCCAGATGAGC-1,Granulocytes
CD8dep_CATTCGCCATTTGCCC-1,Monocytes
CD8dep_CATTCGCGTCCAACTA-1,Monocytes
CD8dep_CATTCGCTCTACCAGA-1,Monocytes
CD8dep_CATTCGCTCTGAGTGT-1,Monocytes
CD8dep_CCAATCCAGAGACGAA-1,Granulocytes
CD8dep_CCAATCCAGCTGAACG-1,Macrophages
CD8dep_CCAATCCAGGATGCGT-1,Monocytes
CD8dep_CCAATCCAGGTGCTAG-1,Monocytes
CD8dep_CCAATCCCACAAGCCC-1,Monocytes
CD8dep_CCAATCCCACCGGAAA-1,Dendritic cells
CD8dep_CCAATCCCATACGCTA-1,Monocytes
CD8dep_CCAATCCCATTCGACA-1,Monocytes
CD8dep_CCAATCCTCATGTGGT-1,Monocytes
CD8dep_CCAATCCTCCAGATCA-1,Monocytes
CD8dep_CCAATCCTCGCGTTTC-1,Monocytes
CD8dep_CCACCTAAGATGGCGT-1,Monocytes
CD8dep_CCACCTACAAACAACA-1,Monocytes
CD8dep_CCACCTACAAGGACTG-1,Monocytes
CD8dep_CCACCTACAGATCGGA-1,Monocytes
CD8dep_CCACCTAGTTAAGAAC-1,Dendritic cells
CD8dep_CCACCTAGTTCGTTGA-1,Monocytes
CD8dep_CCACCTAGTTCTGTTT-1,Monocytes
CD8dep_CCACCTATCAATAAGG-1,Dendritic cells
CD8dep_CCACCTATCTATCCTA-1,Monocytes
CD8dep_CCACGGAAGAGTCTGG-1,Monocytes
CD8dep_CCACGGAAGCCTCGTG-1,Monocytes
CD8dep_CCACGGAAGCGCCTTG-1,Monocytes
CD8dep_CCACGGACAACTTGAC-1,Monocytes
CD8dep_CCACGGACAGATTGCT-1,Monocytes
CD8dep_CCACGGAGTAGAGTGC-1,Granulocytes
CD8dep_CCACGGAGTCGCGTGT-1,Monocytes
CD8dep_CCACGGATCGGAAATA-1,Monocytes
CD8dep_CCACTACAGGAATTAC-1,Monocytes
CD8dep_CCACTACAGTGTCCCG-1,Monocytes
CD8dep_CCACTACAGTTGTAGA-1,Monocytes
CD8dep_CCACTACCAAGCGTAG-1,Monocytes
CD8dep_CCACTACCAATCCGAT-1,Monocytes
CD8dep_CCACTACGTTCAACCA-1,Macrophages
CD8dep_CCACTACTCAGTCAGT-1,Monocytes
CD8dep_CCACTACTCCTGCTTG-1,Monocytes
CD8dep_CCAGCGAAGAAGGCCT-1,Dendritic cells
CD8dep_CCAGCGAAGAGGGCTT-1,Dendritic cells
CD8dep_CCAGCGAAGGTGGGTT-1,Monocytes
CD8dep_CCAGCGAAGTGTGAAT-1,Monocytes
CD8dep_CCAGCGAGTCTTTCAT-1,Monocytes
CD8dep_CCAGCGAGTTACGCGC-1,Monocytes
CD8dep_CCAGCGAGTTCCGTCT-1,Dendritic cells
CD8dep_CCAGCGATCTCACATT-1,Monocytes
CD8dep_CCATGTCAGGTGACCA-1,Monocytes
CD8dep_CCATGTCCAATGACCT-1,Monocytes
CD8dep_CCATGTCCATCGGGTC-1,Dendritic cells
CD8dep_CCATGTCGTCCGAATT-1,Macrophages
CD8dep_CCATGTCTCAAAGACA-1,Monocytes
CD8dep_CCATGTCTCGAACTGT-1,Monocytes
CD8dep_CCATTCGAGAATTGTG-1,Monocytes
CD8dep_CCATTCGCACCTATCC-1,Monocytes
CD8dep_CCATTCGGTAAATGAC-1,Monocytes
CD8dep_CCATTCGTCAACACAC-1,Monocytes
CD8dep_CCCAATCAGCACGCCT-1,Dendritic cells
CD8dep_CCCAATCAGGTAGCTG-1,Monocytes
CD8dep_CCCAATCCAGTCCTTC-1,Monocytes
CD8dep_CCCAATCCATCGGAAG-1,Macrophages
CD8dep_CCCAATCGTACCGCTG-1,Monocytes
CD8dep_CCCAATCGTACGACCC-1,Monocytes
CD8dep_CCCAATCTCCTATGTT-1,Dendritic cells
CD8dep_CCCAATCTCGGCTACG-1,Monocytes
CD8dep_CCCAGTTAGAAACGCC-1,Monocytes
CD8dep_CCCAGTTAGACGCTTT-1,Monocytes
CD8dep_CCCAGTTAGACTAAGT-1,Monocytes
CD8dep_CCCAGTTAGCTGTTCA-1,Monocytes
CD8dep_CCCAGTTAGGAATCGC-1,Monocytes
CD8dep_CCCAGTTAGTAGGTGC-1,Monocytes
CD8dep_CCCAGTTAGTCCAGGA-1,Monocytes
CD8dep_CCCAGTTCACCATCCT-1,Monocytes
CD8dep_CCCAGTTCATTTCAGG-1,Granulocytes
CD8dep_CCCAGTTGTAAGCACG-1,Monocytes
CD8dep_CCCAGTTGTTCCACTC-1,Macrophages
CD8dep_CCCAGTTTCTGGCGTG-1,T cells
CD8dep_CCCATACGTCGAATCT-1,Monocytes
CD8dep_CCCATACGTCTCTCGT-1,Monocytes
CD8dep_CCCATACGTGTGCCTG-1,Monocytes
CD8dep_CCCATACGTTCCCGAG-1,Monocytes
CD8dep_CCCATACTCAGAGACG-1,Monocytes
CD8dep_CCCTCCTAGAGTGAGA-1,Granulocytes
CD8dep_CCCTCCTAGGGTGTTG-1,Monocytes
CD8dep_CCCTCCTCAATAGCAA-1,Dendritic cells
CD8dep_CCCTCCTCACACTGCG-1,Monocytes
CD8dep_CCCTCCTCACCGGAAA-1,Granulocytes
CD8dep_CCCTCCTCAGCATACT-1,Monocytes
CD8dep_CCCTCCTCAGTCCTTC-1,Monocytes
CD8dep_CCCTCCTGTACGCACC-1,Monocytes
CD8dep_CCCTCCTGTAGAGTGC-1,Monocytes
CD8dep_CCCTCCTGTGTTCTTT-1,Monocytes
CD8dep_CCCTCCTGTTACGCGC-1,Macrophages
CD8dep_CCCTCCTGTTCTGAAC-1,Monocytes
CD8dep_CCCTCCTTCGGCGGTT-1,Monocytes
CD8dep_CCGGGATAGGATGGTC-1,Monocytes
CD8dep_CCGGGATCAGTGAGTG-1,Monocytes
CD8dep_CCGGGATCATCGGGTC-1,Monocytes
CD8dep_CCGGGATGTCTGGTCG-1,Monocytes
CD8dep_CCGGGATGTTCCCGAG-1,Monocytes
CD8dep_CCGGGATTCAGCAACT-1,Macrophages
CD8dep_CCGGTAGAGAAGCCCA-1,Monocytes
CD8dep_CCGGTAGAGCCTATGT-1,Monocytes
CD8dep_CCGGTAGAGGGTGTTG-1,Monocytes
CD8dep_CCGGTAGCAGCCACCA-1,Monocytes
CD8dep_CCGGTAGCATTCTCAT-1,Dendritic cells
CD8dep_CCGGTAGGTAGCTCCG-1,Monocytes
CD8dep_CCGGTAGGTCAAAGCG-1,Monocytes
CD8dep_CCGGTAGGTCGGCTCA-1,Monocytes
CD8dep_CCGGTAGGTGAGCGAT-1,Monocytes
CD8dep_CCGGTAGGTGTGACGA-1,Monocytes
CD8dep_CCGGTAGTCAGCACAT-1,Monocytes
CD8dep_CCGGTAGTCCGTTGCT-1,Monocytes
CD8dep_CCGGTAGTCTGCCCTA-1,Monocytes
CD8dep_CCGGTAGTCTGTCAAG-1,Monocytes
CD8dep_CCGTACTAGCAACGGT-1,Monocytes
CD8dep_CCGTACTAGCTAGTTC-1,Monocytes
CD8dep_CCGTACTCAAGAAGAG-1,Macrophages
CD8dep_CCGTACTCAGACGCCT-1,Monocytes
CD8dep_CCGTACTCATATACGC-1,Macrophages
CD8dep_CCGTACTTCACGAAGG-1,Monocytes
CD8dep_CCGTACTTCTCGTTTA-1,Monocytes
CD8dep_CCGTACTTCTTTAGTC-1,Monocytes
CD8dep_CCGTGGAAGCACGCCT-1,Monocytes
CD8dep_CCGTGGAGTACCGTAT-1,Macrophages
CD8dep_CCGTGGAGTAGGCTGA-1,Macrophages
CD8dep_CCGTGGAGTATAATGG-1,Macrophages
CD8dep_CCGTGGATCGGTTAAC-1,Monocytes
CD8dep_CCGTGGATCGTCCAGG-1,Dendritic cells
CD8dep_CCGTTCAAGAAGAAGC-1,Monocytes
CD8dep_CCGTTCAAGCGTCTAT-1,Monocytes
CD8dep_CCGTTCACAAATTGCC-1,Dendritic cells
CD8dep_CCGTTCACACCTATCC-1,Granulocytes
CD8dep_CCGTTCACACGCCAGT-1,Dendritic cells
CD8dep_CCGTTCAGTCTCAACA-1,Monocytes
CD8dep_CCGTTCATCCTGTACC-1,Monocytes
CD8dep_CCGTTCATCTGTACGA-1,Dendritic cells
CD8dep_CCTAAAGAGATCCTGT-1,Monocytes
CD8dep_CCTAAAGCAATCCAAC-1,Dendritic cells
CD8dep_CCTAAAGCATAGTAAG-1,Monocytes
CD8dep_CCTAAAGGTGAACCTT-1,Monocytes
CD8dep_CCTAAAGTCCGTACAA-1,Monocytes
CD8dep_CCTACACAGCGTTCCG-1,Monocytes
CD8dep_CCTACACAGGTAAACT-1,Monocytes
CD8dep_CCTACACAGTGTACGG-1,Monocytes
CD8dep_CCTACACCAAAGCAAT-1,Monocytes
CD8dep_CCTACACCAAAGGAAG-1,Monocytes
CD8dep_CCTACACCACTGCCAG-1,Monocytes
CD8dep_CCTACACGTCAATGTC-1,Monocytes
CD8dep_CCTACACGTTGTGGCC-1,Macrophages
CD8dep_CCTACACTCACAATGC-1,Monocytes
CD8dep_CCTACACTCATCGGAT-1,Monocytes
CD8dep_CCTACACTCTGCCCTA-1,Dendritic cells
CD8dep_CCTACCAAGAATTCCC-1,Monocytes
CD8dep_CCTACCAAGAGGGCTT-1,Monocytes
CD8dep_CCTACCAAGTAGGCCA-1,Granulocytes
CD8dep_CCTACCAAGTTTCCTT-1,Monocytes
CD8dep_CCTACCACAATCCGAT-1,Dendritic cells
CD8dep_CCTACCACACATCTTT-1,Monocytes
CD8dep_CCTACCACACCAGGCT-1,Monocytes
CD8dep_CCTACCACAGACAAGC-1,Dendritic cells
CD8dep_CCTACCACAGGGTACA-1,Monocytes
CD8dep_CCTACCAGTATAGGGC-1,Monocytes
CD8dep_CCTACCAGTGTTGGGA-1,Monocytes
CD8dep_CCTACCAGTTGAACTC-1,Macrophages
CD8dep_CCTACCATCAACGGCC-1,Monocytes
CD8dep_CCTACCATCATTTGGG-1,Macrophages
CD8dep_CCTACCATCCAACCAA-1,Monocytes
CD8dep_CCTACCATCCCAACGG-1,Monocytes
CD8dep_CCTACCATCGCCATAA-1,Monocytes
CD8dep_CCTACCATCTCCTATA-1,Monocytes
CD8dep_CCTAGCTAGCAACGGT-1,Monocytes
CD8dep_CCTAGCTAGCGTGAAC-1,Monocytes
CD8dep_CCTAGCTCAAACCCAT-1,Monocytes
CD8dep_CCTAGCTCACTTACGA-1,Monocytes
CD8dep_CCTAGCTCAGCTGCTG-1,Monocytes
CD8dep_CCTAGCTCATGAAGTA-1,Dendritic cells
CD8dep_CCTAGCTGTCCGTCAG-1,Monocytes
CD8dep_CCTAGCTGTTGTACAC-1,Monocytes
CD8dep_CCTAGCTTCGATGAGG-1,Monocytes
CD8dep_CCTATTAAGAGGTTGC-1,Monocytes
CD8dep_CCTATTAAGAGTGACC-1,Monocytes
CD8dep_CCTATTAAGCGTAGTG-1,Monocytes
CD8dep_CCTATTAAGTCCGTAT-1,Monocytes
CD8dep_CCTATTACAAGAGGCT-1,Monocytes
CD8dep_CCTATTAGTACGCTGC-1,Monocytes
CD8dep_CCTATTATCTTTAGGG-1,Monocytes
CD8dep_CCTCAGTAGCCGTCGT-1,Monocytes
CD8dep_CCTCAGTAGCGTGAGT-1,Monocytes
CD8dep_CCTCAGTCAACGCACC-1,Macrophages
CD8dep_CCTCAGTGTGATAAAC-1,Monocytes
CD8dep_CCTCAGTGTGATGCCC-1,Granulocytes
CD8dep_CCTCAGTTCTGCCAGG-1,Monocytes
CD8dep_CCTCTGAAGCCGGTAA-1,Monocytes
CD8dep_CCTCTGAAGGCGATAC-1,Monocytes
CD8dep_CCTCTGAAGTGGTAAT-1,Monocytes
CD8dep_CCTCTGACAAGGACTG-1,Monocytes
CD8dep_CCTCTGACAATGCCAT-1,Monocytes
CD8dep_CCTCTGACACCTCGTT-1,Dendritic cells
CD8dep_CCTCTGACATGCCCGA-1,Dendritic cells
CD8dep_CCTCTGAGTCCTGCTT-1,Monocytes
CD8dep_CCTCTGATCACATACG-1,Monocytes
CD8dep_CCTCTGATCAGAGACG-1,Macrophages
CD8dep_CCTCTGATCTCGCATC-1,Macrophages
CD8dep_CCTCTGATCTGCCCTA-1,Monocytes
CD8dep_CCTTACGAGTCGAGTG-1,Monocytes
CD8dep_CCTTACGGTAAACACA-1,Dendritic cells
CD8dep_CCTTACGGTGGTTTCA-1,Dendritic cells
CD8dep_CCTTACGTCCCATTAT-1,Monocytes
CD8dep_CCTTACGTCGCCGTGA-1,Monocytes
CD8dep_CCTTACGTCGCCTGTT-1,Macrophages
CD8dep_CCTTCCCAGGACTGGT-1,Monocytes
CD8dep_CCTTCCCAGGAGTCTG-1,Monocytes
CD8dep_CCTTCCCGTACAGTGG-1,Monocytes
CD8dep_CCTTCCCGTGCAACTT-1,Macrophages
CD8dep_CCTTCCCGTTCCACGG-1,Monocytes
CD8dep_CCTTCCCGTTCGCTAA-1,Monocytes
CD8dep_CCTTCCCTCAACACCA-1,Granulocytes
CD8dep_CCTTCCCTCATTCACT-1,Monocytes
CD8dep_CCTTCGAAGGACAGCT-1,Monocytes
CD8dep_CCTTCGACAAACTGTC-1,Macrophages
CD8dep_CCTTCGACACGTCAGC-1,Monocytes
CD8dep_CCTTCGACACTGTCGG-1,Monocytes
CD8dep_CCTTCGACATCAGTCA-1,Dendritic cells
CD8dep_CCTTCGAGTAGAGTGC-1,Dendritic cells
CD8dep_CCTTCGAGTATGAAAC-1,Monocytes
CD8dep_CCTTCGAGTCCATCCT-1,Monocytes
CD8dep_CCTTCGAGTGCGATAG-1,Monocytes
CD8dep_CCTTCGAGTGTGTGCC-1,Macrophages
CD8dep_CCTTCGAGTTGAACTC-1,Monocytes
CD8dep_CCTTCGATCCCTCAGT-1,Monocytes
CD8dep_CCTTCGATCCCTTGCA-1,Monocytes
CD8dep_CCTTCGATCCGCAGTG-1,Monocytes
CD8dep_CCTTCGATCCGTCAAA-1,Monocytes
CD8dep_CCTTCGATCGAGGTAG-1,Dendritic cells
CD8dep_CCTTCGATCTGCGTAA-1,Dendritic cells
CD8dep_CCTTTCTAGTCAAGGC-1,Dendritic cells
CD8dep_CCTTTCTCACCACCAG-1,Granulocytes
CD8dep_CCTTTCTGTAAGAGAG-1,Dendritic cells
CD8dep_CCTTTCTGTCGCGAAA-1,Monocytes
CD8dep_CCTTTCTTCCAATGGT-1,Macrophages
CD8dep_CGAACATAGCAGCCTC-1,Monocytes
CD8dep_CGAACATCACATCCGG-1,Monocytes
CD8dep_CGAACATGTAAACCTC-1,Monocytes
CD8dep_CGAACATGTATTAGCC-1,Monocytes
CD8dep_CGAACATGTGATGTGG-1,Monocytes
CD8dep_CGAACATTCGCGCCAA-1,Macrophages
CD8dep_CGAACATTCGGCTTGG-1,Monocytes
CD8dep_CGAATGTAGACAAAGG-1,Dendritic cells
CD8dep_CGAATGTAGACGCAAC-1,Monocytes
CD8dep_CGAATGTAGACGCTTT-1,Monocytes
CD8dep_CGAATGTAGAGTACAT-1,Monocytes
CD8dep_CGAATGTAGATCCTGT-1,Monocytes
CD8dep_CGAATGTCAACTGCTA-1,Monocytes
CD8dep_CGAATGTCAGCTGTGC-1,Dendritic cells
CD8dep_CGAATGTCATGTCTCC-1,Monocytes
CD8dep_CGAATGTGTACCGCTG-1,Monocytes
CD8dep_CGAATGTTCAACACAC-1,Monocytes
CD8dep_CGACCTTAGTTAAGTG-1,Monocytes
CD8dep_CGACCTTCAGTAAGCG-1,Monocytes
CD8dep_CGACCTTCATCCCACT-1,Monocytes
CD8dep_CGACCTTGTTCCACGG-1,Monocytes
CD8dep_CGACCTTGTTTAGGAA-1,Monocytes
CD8dep_CGACCTTTCAACCATG-1,Dendritic cells
CD8dep_CGACCTTTCCAGATCA-1,Macrophages
CD8dep_CGACCTTTCGTTTATC-1,Monocytes
CD8dep_CGACCTTTCTTCTGGC-1,Monocytes
CD8dep_CGACTTCAGGACAGAA-1,Macrophages
CD8dep_CGACTTCAGTCGCCGT-1,Monocytes
CD8dep_CGACTTCCAAGCGCTC-1,Monocytes
CD8dep_CGACTTCCATATACCG-1,Monocytes
CD8dep_CGACTTCCATCCGTGG-1,Monocytes
CD8dep_CGACTTCCATGGTCTA-1,Monocytes
CD8dep_CGACTTCGTTAAAGTG-1,Monocytes
CD8dep_CGACTTCTCCACTGGG-1,Macrophages
CD8dep_CGAGAAGAGAAGAAGC-1,Monocytes
CD8dep_CGAGAAGAGACTAAGT-1,Monocytes
CD8dep_CGAGAAGCAACGATCT-1,Monocytes
CD8dep_CGAGAAGTCGCCCTTA-1,Dendritic cells
CD8dep_CGAGAAGTCGTATCAG-1,Monocytes
CD8dep_CGAGCACAGACAAGCC-1,Granulocytes
CD8dep_CGAGCACAGCGAAGGG-1,Monocytes
CD8dep_CGAGCACAGGCTAGGT-1,Monocytes
CD8dep_CGAGCACCAAATACAG-1,Monocytes
CD8dep_CGAGCACCACACCGAC-1,Monocytes
CD8dep_CGAGCACCAGTAAGAT-1,Monocytes
CD8dep_CGAGCACGTAAGAGGA-1,Monocytes
CD8dep_CGAGCACGTCTACCTC-1,Monocytes
CD8dep_CGAGCCAAGACAGACC-1,Monocytes
CD8dep_CGAGCCAAGCTCCCAG-1,Monocytes
CD8dep_CGAGCCACAGACGCAA-1,Dendritic cells
CD8dep_CGAGCCACATAGACTC-1,Monocytes
CD8dep_CGAGCCAGTCGAGATG-1,Monocytes
CD8dep_CGAGCCAGTTCTCATT-1,Monocytes
CD8dep_CGAGCCAGTTGAGTTC-1,Monocytes
CD8dep_CGATCGGAGGAGTCTG-1,Monocytes
CD8dep_CGATCGGCAACAACCT-1,Monocytes
CD8dep_CGATCGGCACGGCCAT-1,Monocytes
CD8dep_CGATCGGGTCCAGTTA-1,T cells
CD8dep_CGATCGGGTGCCTGTG-1,Monocytes
CD8dep_CGATGGCAGCGACGTA-1,Monocytes
CD8dep_CGATGGCGTAAATGAC-1,Monocytes
CD8dep_CGATGGCGTAAGAGGA-1,Monocytes
CD8dep_CGATGGCGTCTTGCGG-1,Monocytes
CD8dep_CGATGGCGTGCGCTTG-1,Granulocytes
CD8dep_CGATGGCTCCCTGACT-1,Monocytes
CD8dep_CGATGTAAGCCTTGAT-1,Monocytes
CD8dep_CGATGTAAGCTGTTCA-1,Monocytes
CD8dep_CGATGTAAGTATTGGA-1,Dendritic cells
CD8dep_CGATGTAAGTCCGTAT-1,Dendritic cells
CD8dep_CGATGTAGTCCAGTTA-1,Monocytes
CD8dep_CGATGTAGTCGGCATC-1,Monocytes
CD8dep_CGATGTAGTGTAATGA-1,Monocytes
CD8dep_CGATGTAGTTAAGAAC-1,Granulocytes
CD8dep_CGATGTAGTTTGTGTG-1,Monocytes
CD8dep_CGATGTATCTCTTGAT-1,Monocytes
CD8dep_CGATTGAAGGCTCTTA-1,Monocytes
CD8dep_CGATTGAAGTGGGATC-1,Granulocytes
CD8dep_CGATTGAAGTTGCAGG-1,Monocytes
CD8dep_CGATTGACATGGGACA-1,Dendritic cells
CD8dep_CGATTGAGTCACAAGG-1,Macrophages
CD8dep_CGATTGAGTCCGTCAG-1,Monocytes
CD8dep_CGATTGAGTGTTGAGG-1,Dendritic cells
CD8dep_CGATTGATCAGTACGT-1,Monocytes
CD8dep_CGATTGATCATGTCTT-1,Monocytes
CD8dep_CGATTGATCTGCTGCT-1,Macrophages
CD8dep_CGATTGATCTTCAACT-1,Dendritic cells
CD8dep_CGCCAAGAGCACCGCT-1,Dendritic cells
CD8dep_CGCCAAGAGCAGCCTC-1,Monocytes
CD8dep_CGCCAAGGTTGAGGTG-1,Monocytes
CD8dep_CGCGGTAAGACCACGA-1,Dendritic cells
CD8dep_CGCGGTAAGCCACCTG-1,Monocytes
CD8dep_CGCGGTAGTCTACCTC-1,Monocytes
CD8dep_CGCGGTAGTTGGTAAA-1,Monocytes
CD8dep_CGCGGTATCATGTGGT-1,Dendritic cells
CD8dep_CGCGGTATCCAGAAGG-1,Monocytes
CD8dep_CGCGTTTCACGTCAGC-1,Monocytes
CD8dep_CGCGTTTGTGTGACGA-1,Monocytes
CD8dep_CGCGTTTGTTAGAACA-1,Monocytes
CD8dep_CGCGTTTTCCTGTAGA-1,Monocytes
CD8dep_CGCGTTTTCTCCAACC-1,Macrophages
CD8dep_CGCGTTTTCTTAACCT-1,Macrophages
CD8dep_CGCTATCAGGCAGGTT-1,Monocytes
CD8dep_CGCTATCCATAGTAAG-1,Dendritic cells
CD8dep_CGCTATCGTGCAACGA-1,Monocytes
CD8dep_CGCTATCGTTCATGGT-1,Monocytes
CD8dep_CGCTATCGTTGGAGGT-1,Macrophages
CD8dep_CGCTATCGTTTGTTGG-1,Monocytes
CD8dep_CGCTATCTCAATCACG-1,Granulocytes
CD8dep_CGCTATCTCTGATACG-1,Monocytes
CD8dep_CGCTGGAAGCTAAACA-1,Monocytes
CD8dep_CGCTGGACACCAGTTA-1,Monocytes
CD8dep_CGCTGGACACTGAAGG-1,Monocytes
CD8dep_CGCTGGACAGAGCCAA-1,Monocytes
CD8dep_CGCTGGACAGCCAATT-1,Monocytes
CD8dep_CGCTGGACATAAGACA-1,Dendritic cells
CD8dep_CGCTGGAGTAAGTTCC-1,Monocytes
CD8dep_CGCTGGAGTGACTACT-1,Dendritic cells
CD8dep_CGCTGGATCCGAATGT-1,Monocytes
CD8dep_CGCTGGATCGAGAACG-1,Monocytes
CD8dep_CGCTTCAAGTAGCGGT-1,Monocytes
CD8dep_CGCTTCAAGTTTGCGT-1,Monocytes
CD8dep_CGCTTCACAAACTGCT-1,Monocytes
CD8dep_CGCTTCACACTACAGT-1,Monocytes
CD8dep_CGCTTCACAGTCGATT-1,Monocytes
CD8dep_CGCTTCACATGCGCAC-1,Macrophages
CD8dep_CGCTTCAGTCTCCCTA-1,Granulocytes
CD8dep_CGCTTCAGTGGTGTAG-1,Monocytes
CD8dep_CGCTTCATCTGTCTAT-1,Monocytes
CD8dep_CGGACACCACAGTCGC-1,Monocytes
CD8dep_CGGACACGTGTGAATA-1,Monocytes
CD8dep_CGGACACTCAAACCGT-1,Monocytes
CD8dep_CGGACACTCACCTTAT-1,Dendritic cells
CD8dep_CGGACACTCATATCGG-1,Monocytes
CD8dep_CGGACACTCATGGTCA-1,Monocytes
CD8dep_CGGACACTCCGAGCCA-1,Monocytes
CD8dep_CGGACACTCTTGTCAT-1,Monocytes
CD8dep_CGGACGTAGGATGGTC-1,Monocytes
CD8dep_CGGACGTCAAGCCGCT-1,Monocytes
CD8dep_CGGACGTCACAACGTT-1,Monocytes
CD8dep_CGGACGTCACCTCGTT-1,Monocytes
CD8dep_CGGACGTCACGTGAGA-1,Monocytes
CD8dep_CGGACGTCACTCAGGC-1,Macrophages
CD8dep_CGGACGTCATCGATTG-1,Monocytes
CD8dep_CGGACGTGTTAAGATG-1,Monocytes
CD8dep_CGGACGTGTTACCGAT-1,Monocytes
CD8dep_CGGACGTTCTCGGACG-1,Monocytes
CD8dep_CGGACTGAGCGATATA-1,Monocytes
CD8dep_CGGACTGAGTACACCT-1,Monocytes
CD8dep_CGGACTGCATACGCTA-1,Monocytes
CD8dep_CGGACTGGTAAGTGTA-1,Monocytes
CD8dep_CGGACTGGTCGTCTTC-1,Monocytes
CD8dep_CGGACTGGTTAAGAAC-1,Monocytes
CD8dep_CGGACTGTCACCCGAG-1,Monocytes
CD8dep_CGGACTGTCCCTCAGT-1,Monocytes
CD8dep_CGGACTGTCGTAGGTT-1,Macrophages
CD8dep_CGGAGCTAGACGCTTT-1,Monocytes
CD8dep_CGGAGCTCACAGACAG-1,Monocytes
CD8dep_CGGAGCTGTGAGGGTT-1,Monocytes
CD8dep_CGGAGCTGTTGATTCG-1,Monocytes
CD8dep_CGGAGCTGTTGTGGCC-1,Dendritic cells
CD8dep_CGGAGCTTCGATCCCT-1,Dendritic cells
CD8dep_CGGAGTCAGACTACAA-1,Monocytes
CD8dep_CGGAGTCAGCAGCGTA-1,Dendritic cells
CD8dep_CGGAGTCGTTCAGGCC-1,Monocytes
CD8dep_CGGAGTCTCCATGCTC-1,Monocytes
CD8dep_CGGCTAGAGATATGGT-1,Monocytes
CD8dep_CGGCTAGCATGTCCTC-1,Granulocytes
CD8dep_CGGCTAGGTATTCGTG-1,Monocytes
CD8dep_CGGCTAGGTCTTCGTC-1,Monocytes
CD8dep_CGGCTAGTCCGAGCCA-1,Monocytes
CD8dep_CGGCTAGTCGCCAAAT-1,Monocytes
CD8dep_CGGCTAGTCGTTTATC-1,Monocytes
CD8dep_CGGGTCACACCAACCG-1,Dendritic cells
CD8dep_CGGGTCACAGTATCTG-1,Monocytes
CD8dep_CGGGTCACATACGCTA-1,Monocytes
CD8dep_CGGGTCACATCTACGA-1,Monocytes
CD8dep_CGGGTCAGTCCCGACA-1,Monocytes
CD8dep_CGGGTCAGTTTGACTG-1,Monocytes
CD8dep_CGGGTCATCGGAGCAA-1,Monocytes
CD8dep_CGGTTAAGTTCGCGAC-1,Monocytes
CD8dep_CGGTTAATCTACTCAT-1,Monocytes
CD8dep_CGGTTAATCTCGTATT-1,Monocytes
CD8dep_CGTAGCGAGATGTGGC-1,Monocytes
CD8dep_CGTAGCGCACTCAGGC-1,Monocytes
CD8dep_CGTAGCGCACTGTTAG-1,Monocytes
CD8dep_CGTAGCGCAGGATTGG-1,Monocytes
CD8dep_CGTAGCGCATTAGCCA-1,Dendritic cells
CD8dep_CGTAGCGGTCCAAGTT-1,Monocytes
CD8dep_CGTAGCGGTGTGTGCC-1,Monocytes
CD8dep_CGTAGCGTCATCGCTC-1,Monocytes
CD8dep_CGTAGCGTCCTATTCA-1,Monocytes
CD8dep_CGTAGCGTCTACGAGT-1,Monocytes
CD8dep_CGTAGGCAGAAACCAT-1,Macrophages
CD8dep_CGTAGGCAGACTAAGT-1,Dendritic cells
CD8dep_CGTAGGCAGTACGATA-1,Monocytes
CD8dep_CGTAGGCAGTCGTTTG-1,Monocytes
CD8dep_CGTAGGCAGTGTGGCA-1,Granulocytes
CD8dep_CGTAGGCAGTTGCAGG-1,Monocytes
CD8dep_CGTAGGCCAAAGCAAT-1,Monocytes
CD8dep_CGTAGGCCAAGTACCT-1,Monocytes
CD8dep_CGTAGGCCACGCGAAA-1,Monocytes
CD8dep_CGTAGGCGTAGAGTGC-1,Dendritic cells
CD8dep_CGTAGGCTCACAACGT-1,Monocytes
CD8dep_CGTAGGCTCCTCCTAG-1,Monocytes
CD8dep_CGTAGGCTCTATCCCG-1,Dendritic cells
CD8dep_CGTCACTAGAGCCTAG-1,Monocytes
CD8dep_CGTCACTAGTGTGGCA-1,Monocytes
CD8dep_CGTCACTCACCTCGTT-1,Monocytes
CD8dep_CGTCACTCAGCGTAAG-1,Monocytes
CD8dep_CGTCACTCAGGACGTA-1,Monocytes
CD8dep_CGTCACTCAGTCACTA-1,Monocytes
CD8dep_CGTCACTGTAAGGGAA-1,Monocytes
CD8dep_CGTCACTGTAGCACGA-1,Monocytes
CD8dep_CGTCACTGTCACCTAA-1,Monocytes
CD8dep_CGTCACTGTCTTGATG-1,Dendritic cells
CD8dep_CGTCACTGTGGGTATG-1,Monocytes
CD8dep_CGTCACTTCAAGAAGT-1,Dendritic cells
CD8dep_CGTCACTTCTGATACG-1,Monocytes
CD8dep_CGTCACTTCTTGGGTA-1,Monocytes
CD8dep_CGTCAGGCAATAAGCA-1,Monocytes
CD8dep_CGTCAGGGTCGATTGT-1,Macrophages
CD8dep_CGTCAGGGTTATGCGT-1,Monocytes
CD8dep_CGTCAGGTCCAGTAGT-1,Monocytes
CD8dep_CGTCAGGTCCCAACGG-1,Monocytes
CD8dep_CGTCCATAGAGTACCG-1,Monocytes
CD8dep_CGTCCATAGTTTAGGA-1,Macrophages
CD8dep_CGTCCATCACAGGTTT-1,Monocytes
CD8dep_CGTCCATCACCTTGTC-1,Monocytes
CD8dep_CGTCCATCACTATCTT-1,Monocytes
CD8dep_CGTCCATCATTTGCCC-1,Monocytes
CD8dep_CGTCCATGTATAAACG-1,Monocytes
CD8dep_CGTCCATTCTGTCTCG-1,Macrophages
CD8dep_CGTCCATTCTTGTATC-1,Macrophages
CD8dep_CGTCTACAGACTGGGT-1,Monocytes
CD8dep_CGTCTACAGGCAGTCA-1,Dendritic cells
CD8dep_CGTCTACAGTCCGTAT-1,Monocytes
CD8dep_CGTCTACCACAGTCGC-1,Dendritic cells
CD8dep_CGTCTACGTCGGATCC-1,Monocytes
CD8dep_CGTCTACGTCTAACGT-1,Monocytes
CD8dep_CGTCTACGTTGCTCCT-1,Monocytes
CD8dep_CGTCTACTCGGCGGTT-1,Monocytes
CD8dep_CGTGAGCAGCGGATCA-1,Monocytes
CD8dep_CGTGAGCCACAGGAGT-1,Monocytes
CD8dep_CGTGAGCTCGCGCCAA-1,Macrophages
CD8dep_CGTGTAAAGAACTGTA-1,Monocytes
CD8dep_CGTGTAAAGGGCTCTC-1,Monocytes
CD8dep_CGTGTAAAGTCACGCC-1,Monocytes
CD8dep_CGTGTAACAGTACACT-1,Dendritic cells
CD8dep_CGTGTAACAGTATCTG-1,Monocytes
CD8dep_CGTGTAAGTAAATGAC-1,Monocytes
CD8dep_CGTGTAAGTACGAAAT-1,Granulocytes
CD8dep_CGTGTAATCGCATGGC-1,Monocytes
CD8dep_CGTGTAATCGTAGGTT-1,Monocytes
CD8dep_CGTGTAATCTCTGTCG-1,Monocytes
CD8dep_CGTGTCTAGGTAAACT-1,Monocytes
CD8dep_CGTGTCTCAAACAACA-1,Monocytes
CD8dep_CGTGTCTCAGGCTCAC-1,Monocytes
CD8dep_CGTGTCTCATGACGGA-1,Monocytes
CD8dep_CGTGTCTGTTTAGGAA-1,Monocytes
CD8dep_CGTGTCTTCACAAACC-1,Macrophages
CD8dep_CGTGTCTTCACTTATC-1,Dendritic cells
CD8dep_CGTGTCTTCCGCATCT-1,Monocytes
CD8dep_CGTGTCTTCTTAACCT-1,Monocytes
CD8dep_CGTTAGAAGGCTATCT-1,Monocytes
CD8dep_CGTTAGAAGTAGGCCA-1,Monocytes
CD8dep_CGTTAGACAATGAATG-1,Monocytes
CD8dep_CGTTAGAGTCCCTTGT-1,Monocytes
CD8dep_CGTTAGAGTTGATTCG-1,Monocytes
CD8dep_CGTTAGATCAATAAGG-1,Macrophages
CD8dep_CGTTAGATCCTATGTT-1,Monocytes
CD8dep_CGTTAGATCGAACGGA-1,Monocytes
CD8dep_CGTTAGATCGGTCCGA-1,Monocytes
CD8dep_CGTTCTGAGGAGCGAG-1,Monocytes
CD8dep_CGTTCTGCATCGGACC-1,Monocytes
CD8dep_CGTTCTGGTAGTAGTA-1,Monocytes
CD8dep_CGTTCTGGTGTTAAGA-1,Monocytes
CD8dep_CGTTCTGTCTCAAACG-1,T cells
CD8dep_CGTTGGGAGCGATTCT-1,Monocytes
CD8dep_CGTTGGGAGGCGCTCT-1,Monocytes
CD8dep_CGTTGGGAGTAGTGCG-1,Monocytes
CD8dep_CGTTGGGCAATTCCTT-1,Monocytes
CD8dep_CGTTGGGCACAGTCGC-1,Monocytes
CD8dep_CGTTGGGGTCTTCGTC-1,Monocytes
CD8dep_CGTTGGGTCCGCAGTG-1,Monocytes
CD8dep_CGTTGGGTCGCCTGAG-1,Dendritic cells
CD8dep_CTAACTTAGCTAGGCA-1,Monocytes
CD8dep_CTAACTTCACCGCTAG-1,Monocytes
CD8dep_CTAACTTCAGGTCCAC-1,Monocytes
CD8dep_CTAACTTGTCCATCCT-1,Dendritic cells
CD8dep_CTAACTTGTCCTAGCG-1,Monocytes
CD8dep_CTAACTTGTCGCTTTC-1,Monocytes
CD8dep_CTAACTTGTCGTCTTC-1,Monocytes
CD8dep_CTAACTTTCGGCATCG-1,Monocytes
CD8dep_CTAAGACAGATGGGTC-1,Monocytes
CD8dep_CTAAGACAGCTAACAA-1,Monocytes
CD8dep_CTAAGACAGTGGTCCC-1,Monocytes
CD8dep_CTAAGACAGTTTAGGA-1,Monocytes
CD8dep_CTAAGACCACACCGCA-1,Macrophages
CD8dep_CTAAGACCAGGGTACA-1,Monocytes
CD8dep_CTAAGACCATCCCATC-1,Monocytes
CD8dep_CTAAGACCATTAACCG-1,Monocytes
CD8dep_CTAAGACGTAGGCTGA-1,Monocytes
CD8dep_CTAAGACGTATAGGTA-1,Dendritic cells
CD8dep_CTAAGACGTCAAGCGA-1,Monocytes
CD8dep_CTAAGACGTTGTGGAG-1,Monocytes
CD8dep_CTAAGACTCGTCACGG-1,Monocytes
CD8dep_CTAAGACTCTGTCTCG-1,Dendritic cells
CD8dep_CTAAGACTCTTTACAC-1,Monocytes
CD8dep_CTAATGGAGCCGATTT-1,Monocytes
CD8dep_CTAATGGAGGCGATAC-1,Monocytes
CD8dep_CTAATGGAGGGTGTTG-1,Monocytes
CD8dep_CTAATGGCACAGACTT-1,Granulocytes
CD8dep_CTAATGGGTACCGCTG-1,Monocytes
CD8dep_CTAATGGTCGGAAACG-1,Monocytes
CD8dep_CTAATGGTCTCTTATG-1,Macrophages
CD8dep_CTACACCAGGAGCGTT-1,Monocytes
CD8dep_CTACACCAGGCAGGTT-1,Monocytes
CD8dep_CTACACCCATCGATGT-1,Monocytes
CD8dep_CTACACCTCAACACCA-1,Monocytes
CD8dep_CTACACCTCAAGAAGT-1,Monocytes
CD8dep_CTACACCTCTGCGGCA-1,Monocytes
CD8dep_CTACATTAGCAGCGTA-1,Dendritic cells
CD8dep_CTACATTAGCGATCCC-1,Monocytes
CD8dep_CTACATTCACGGCCAT-1,Monocytes
CD8dep_CTACATTCAGTCAGAG-1,Monocytes
CD8dep_CTACATTCAGTTCCCT-1,Monocytes
CD8dep_CTACATTGTGAAGGCT-1,Monocytes
CD8dep_CTACATTTCTCGATGA-1,Dendritic cells
CD8dep_CTACATTTCTTACCGC-1,Monocytes
CD8dep_CTACCCACAGTGAGTG-1,Monocytes
CD8dep_CTACCCACATACCATG-1,Monocytes
CD8dep_CTACCCAGTGCGAAAC-1,Monocytes
CD8dep_CTACCCAGTTACGTCA-1,Adipocytes
CD8dep_CTACCCAGTTATGTGC-1,Monocytes
CD8dep_CTACGTCAGTGAAGAG-1,Monocytes
CD8dep_CTACGTCCACAGATTC-1,Monocytes
CD8dep_CTACGTCCATGTAAGA-1,Monocytes
CD8dep_CTACGTCGTCAAGCGA-1,Monocytes
CD8dep_CTACGTCTCAACGAAA-1,Granulocytes
CD8dep_CTAGAGTAGATAGGAG-1,Monocytes
CD8dep_CTAGAGTAGATCCCAT-1,Monocytes
CD8dep_CTAGAGTAGTGTTAGA-1,Monocytes
CD8dep_CTAGAGTCACGAGGTA-1,Monocytes
CD8dep_CTAGAGTCATTGGCGC-1,Monocytes
CD8dep_CTAGAGTTCAAGGCTT-1,Monocytes
CD8dep_CTAGAGTTCAGGTAAA-1,Monocytes
CD8dep_CTAGAGTTCATAACCG-1,Granulocytes
CD8dep_CTAGAGTTCTCAACTT-1,Monocytes
CD8dep_CTAGCCTAGAGACGAA-1,Monocytes
CD8dep_CTAGCCTAGAGACTTA-1,Monocytes
CD8dep_CTAGCCTAGATGCCAG-1,Macrophages
CD8dep_CTAGCCTAGGCTACGA-1,Monocytes
CD8dep_CTAGCCTCAACTGGCC-1,Monocytes
CD8dep_CTAGCCTCAATGGAAT-1,Dendritic cells
CD8dep_CTAGCCTCACAGGAGT-1,Monocytes
CD8dep_CTAGCCTCAGATGGCA-1,Monocytes
CD8dep_CTAGCCTCAGCCAGAA-1,Granulocytes
CD8dep_CTAGCCTTCAAACCAC-1,Monocytes
CD8dep_CTAGCCTTCAGCACAT-1,Macrophages
CD8dep_CTAGTGACAGGGTACA-1,Monocytes
CD8dep_CTAGTGAGTCTAGTCA-1,Monocytes
CD8dep_CTAGTGAGTTCTCATT-1,Granulocytes
CD8dep_CTAGTGAGTTGTACAC-1,Monocytes
CD8dep_CTAGTGATCGCAGGCT-1,Monocytes
CD8dep_CTAGTGATCGTCTGAA-1,Dendritic cells
CD8dep_CTAGTGATCTATCGCC-1,Dendritic cells
CD8dep_CTAGTGATCTGCGACG-1,Monocytes
CD8dep_CTCACACCACACCGCA-1,Monocytes
CD8dep_CTCACACCATTGCGGC-1,Monocytes
CD8dep_CTCACACGTAAGGGCT-1,Monocytes
CD8dep_CTCACACGTGGTGTAG-1,Monocytes
CD8dep_CTCACACGTGTGGCTC-1,Monocytes
CD8dep_CTCACACGTGTTGGGA-1,Monocytes
CD8dep_CTCACACTCAAGATCC-1,Macrophages
CD8dep_CTCACACTCTTGAGAC-1,Dendritic cells
CD8dep_CTCAGAACAACCGCCA-1,Monocytes
CD8dep_CTCAGAACATATACCG-1,Monocytes
CD8dep_CTCAGAAGTAGAGGAA-1,Monocytes
CD8dep_CTCAGAAGTCGAAAGC-1,Monocytes
CD8dep_CTCAGAATCTACGAGT-1,Dendritic cells
CD8dep_CTCATTAAGTCCATAC-1,Monocytes
CD8dep_CTCATTAGTAGCTTGT-1,Macrophages
CD8dep_CTCCTAGAGTTAGCGG-1,Monocytes
CD8dep_CTCCTAGCACGGCGTT-1,Monocytes
CD8dep_CTCCTAGCAGATCCAT-1,Monocytes
CD8dep_CTCCTAGGTACCGTTA-1,Macrophages
CD8dep_CTCCTAGGTATAATGG-1,Monocytes
CD8dep_CTCCTAGTCCTAGGGC-1,Dendritic cells
CD8dep_CTCGAAAAGCCACTAT-1,Monocytes
CD8dep_CTCGAAAAGCGTTCCG-1,Monocytes
CD8dep_CTCGAAAAGCTGAACG-1,Monocytes
CD8dep_CTCGAAAAGTACGTTC-1,Monocytes
CD8dep_CTCGAAAGTAAGAGGA-1,Monocytes
CD8dep_CTCGAAAGTGTGGCTC-1,Monocytes
CD8dep_CTCGAAATCCAGTATG-1,Dendritic cells
CD8dep_CTCGAAATCTACCTGC-1,Monocytes
CD8dep_CTCGAGGAGAACTGTA-1,Macrophages
CD8dep_CTCGAGGAGTCATCCA-1,Monocytes
CD8dep_CTCGAGGGTCAAAGCG-1,Granulocytes
CD8dep_CTCGAGGGTCTAGCGC-1,Monocytes
CD8dep_CTCGAGGTCATGGTCA-1,Dendritic cells
CD8dep_CTCGGAGAGTTCCACA-1,Monocytes
CD8dep_CTCGGAGCACACCGCA-1,Monocytes
CD8dep_CTCGGAGCACGCCAGT-1,Monocytes
CD8dep_CTCGGAGTCACCGGGT-1,Monocytes
CD8dep_CTCGGAGTCCTAAGTG-1,Monocytes
CD8dep_CTCGGGAAGGAGTCTG-1,Monocytes
CD8dep_CTCGGGACACCCATTC-1,Monocytes
CD8dep_CTCGGGACAGGCGATA-1,Monocytes
CD8dep_CTCGGGACATGGTAGG-1,Monocytes
CD8dep_CTCGGGAGTGCAACTT-1,Monocytes
CD8dep_CTCGGGAGTTCGCGAC-1,Monocytes
CD8dep_CTCGGGATCAGGTAAA-1,Monocytes
CD8dep_CTCGGGATCGCCCTTA-1,Monocytes
CD8dep_CTCGGGATCTTCGAGA-1,Monocytes
CD8dep_CTCGTACAGAGGGATA-1,Monocytes
CD8dep_CTCGTACAGGGTGTGT-1,Monocytes
CD8dep_CTCGTACCAGAGTGTG-1,Macrophages
CD8dep_CTCGTACGTAGTGAAT-1,Dendritic cells
CD8dep_CTCGTACGTCCTGCTT-1,Monocytes
CD8dep_CTCGTACGTCGAAAGC-1,Granulocytes
CD8dep_CTCGTACTCAGATAAG-1,Monocytes
CD8dep_CTCGTACTCGAACTGT-1,Monocytes
CD8dep_CTCGTACTCTGCTGTC-1,Monocytes
CD8dep_CTCGTCAAGCCGCCTA-1,Dendritic cells
CD8dep_CTCGTCAAGGAGTAGA-1,Dendritic cells
CD8dep_CTCGTCACACAGGTTT-1,Monocytes
CD8dep_CTCGTCACAGGTCCAC-1,Monocytes
CD8dep_CTCGTCAGTAGCGTAG-1,Monocytes
CD8dep_CTCGTCAGTCAGAGGT-1,Monocytes
CD8dep_CTCGTCAGTCCCTTGT-1,Dendritic cells
CD8dep_CTCGTCAGTGTGACCC-1,Monocytes
CD8dep_CTCGTCAGTTTCCACC-1,Monocytes
CD8dep_CTCGTCATCAATCACG-1,Dendritic cells
CD8dep_CTCGTCATCCCAGGTG-1,Monocytes
CD8dep_CTCTAATAGGCTCAGA-1,Monocytes
CD8dep_CTCTAATCAAGCGCTC-1,Monocytes
CD8dep_CTCTAATCAGGTGGAT-1,Dendritic cells
CD8dep_CTCTAATCATCACGAT-1,Monocytes
CD8dep_CTCTAATGTACCAGTT-1,Monocytes
CD8dep_CTCTAATGTATATGAG-1,Granulocytes
CD8dep_CTCTAATGTATCAGTC-1,Monocytes
CD8dep_CTCTAATGTCTAACGT-1,Monocytes
CD8dep_CTCTACGAGGACATTA-1,Monocytes
CD8dep_CTCTACGAGGATGGAA-1,Monocytes
CD8dep_CTCTACGGTAGAGTGC-1,Monocytes
CD8dep_CTCTACGTCCAAAGTC-1,Monocytes
CD8dep_CTCTACGTCTTGACGA-1,Dendritic cells
CD8dep_CTCTGGTAGATGCGAC-1,Macrophages
CD8dep_CTCTGGTAGCTACCTA-1,Monocytes
CD8dep_CTCTGGTAGGTTCCTA-1,Dendritic cells
CD8dep_CTCTGGTCAACGATGG-1,Monocytes
CD8dep_CTCTGGTCACACAGAG-1,Monocytes
CD8dep_CTCTGGTGTACAGTTC-1,Monocytes
CD8dep_CTCTGGTGTCCAACTA-1,Monocytes
CD8dep_CTCTGGTGTGTCCTCT-1,Monocytes
CD8dep_CTCTGGTGTTCATGGT-1,Monocytes
CD8dep_CTCTGGTGTTCGAATC-1,Monocytes
CD8dep_CTCTGGTTCGTGGTCG-1,Dendritic cells
CD8dep_CTCTGGTTCTGTTGAG-1,Monocytes
CD8dep_CTCTGGTTCTTGCAAG-1,Monocytes
CD8dep_CTGAAACAGAGGACGG-1,Monocytes
CD8dep_CTGAAACCACCGCTAG-1,Monocytes
CD8dep_CTGAAACCAGCGTAAG-1,Monocytes
CD8dep_CTGAAACCAGTCGATT-1,Monocytes
CD8dep_CTGAAACCATCACGTA-1,Monocytes
CD8dep_CTGAAACTCTCGAGTA-1,Monocytes
CD8dep_CTGAAGTAGAGCTATA-1,Monocytes
CD8dep_CTGAAGTAGAGTGACC-1,Macrophages
CD8dep_CTGAAGTCACAGAGGT-1,Monocytes
CD8dep_CTGAAGTCACGAAAGC-1,Monocytes
CD8dep_CTGAAGTCAGACAAGC-1,Monocytes
CD8dep_CTGAAGTGTGCTCTTC-1,Macrophages
CD8dep_CTGAAGTGTGTAACGG-1,Macrophages
CD8dep_CTGAAGTTCGCGATCG-1,Monocytes
CD8dep_CTGATAGAGAAACCAT-1,Monocytes
CD8dep_CTGATAGAGACATAAC-1,Monocytes
CD8dep_CTGATAGAGTGAACAT-1,Monocytes
CD8dep_CTGATAGCAAGTCTGT-1,Macrophages
CD8dep_CTGATAGCACCGATAT-1,Monocytes
CD8dep_CTGATAGCAGATCGGA-1,Monocytes
CD8dep_CTGATAGCAGGGTTAG-1,Monocytes
CD8dep_CTGATAGCAGTTCATG-1,Monocytes
CD8dep_CTGATAGGTCAGAAGC-1,Macrophages
CD8dep_CTGATAGGTCCCGACA-1,Monocytes
CD8dep_CTGATAGGTTACGTCA-1,Monocytes
CD8dep_CTGATAGGTTCATGGT-1,Monocytes
CD8dep_CTGATAGTCCCTGACT-1,Monocytes
CD8dep_CTGATAGTCCGTAGGC-1,Monocytes
CD8dep_CTGATAGTCCTAGTGA-1,Dendritic cells
CD8dep_CTGATCCAGAATTGTG-1,Monocytes
CD8dep_CTGATCCAGTCAAGCG-1,Monocytes
CD8dep_CTGATCCCAATGCCAT-1,Dendritic cells
CD8dep_CTGATCCCATTGTGCA-1,Monocytes
CD8dep_CTGATCCCATTTGCTT-1,Dendritic cells
CD8dep_CTGATCCGTAGTGAAT-1,Monocytes
CD8dep_CTGATCCGTCTTCTCG-1,Monocytes
CD8dep_CTGATCCGTGAAATCA-1,Monocytes
CD8dep_CTGATCCGTTCAGTAC-1,Monocytes
CD8dep_CTGATCCTCTAGCACA-1,Monocytes
CD8dep_CTGATCCTCTCGCTTG-1,Macrophages
CD8dep_CTGCCTAAGTACGACG-1,Dendritic cells
CD8dep_CTGCCTACACAAGTAA-1,Dendritic cells
CD8dep_CTGCCTAGTACTTGAC-1,Macrophages
CD8dep_CTGCCTAGTCAGAATA-1,NK cells
CD8dep_CTGCCTATCCGAGCCA-1,Dendritic cells
CD8dep_CTGCCTATCTACGAGT-1,Dendritic cells
CD8dep_CTGCCTATCTTTAGTC-1,Monocytes
CD8dep_CTGCGGAAGCGATGAC-1,Monocytes
CD8dep_CTGCGGACAGGAATGC-1,Dendritic cells
CD8dep_CTGCGGACAGGCTGAA-1,Macrophages
CD8dep_CTGCGGACATCGGGTC-1,Monocytes
CD8dep_CTGCGGAGTTCGTCTC-1,Monocytes
CD8dep_CTGCGGATCAGGCAAG-1,Monocytes
CD8dep_CTGCGGATCCACTGGG-1,Monocytes
CD8dep_CTGCGGATCGCCATAA-1,Macrophages
CD8dep_CTGCTGTAGTGTACCT-1,Monocytes
CD8dep_CTGCTGTCACCAGTTA-1,Macrophages
CD8dep_CTGCTGTGTAGCACGA-1,Monocytes
CD8dep_CTGCTGTGTCCGAAGA-1,Monocytes
CD8dep_CTGCTGTTCCAGATCA-1,Monocytes
CD8dep_CTGCTGTTCGCAAACT-1,Dendritic cells
CD8dep_CTGGTCTAGTACGACG-1,T cells
CD8dep_CTGGTCTCAGATCCAT-1,Dendritic cells
CD8dep_CTGGTCTGTGCACGAA-1,Monocytes
CD8dep_CTGGTCTGTTATCACG-1,Monocytes
CD8dep_CTGGTCTGTTTAGCTG-1,Dendritic cells
CD8dep_CTGGTCTTCTTCTGGC-1,Monocytes
CD8dep_CTGTGCTAGAGTTGGC-1,Dendritic cells
CD8dep_CTGTGCTAGCATGGCA-1,Monocytes
CD8dep_CTGTGCTAGCGGATCA-1,Monocytes
CD8dep_CTGTGCTAGTACGCCC-1,Dendritic cells
CD8dep_CTGTGCTAGTTTAGGA-1,Monocytes
CD8dep_CTGTGCTCACGGTAGA-1,Monocytes
CD8dep_CTGTGCTGTAAGGGCT-1,Monocytes
CD8dep_CTGTGCTGTACTTAGC-1,Monocytes
CD8dep_CTGTGCTTCATAAAGG-1,Dendritic cells
CD8dep_CTGTGCTTCCGCGGTA-1,Monocytes
CD8dep_CTGTGCTTCGCCTGAG-1,Monocytes
CD8dep_CTGTTTAAGATCCTGT-1,Monocytes
CD8dep_CTGTTTAAGATGCCTT-1,Monocytes
CD8dep_CTGTTTAAGTGCTGCC-1,Monocytes
CD8dep_CTGTTTACAAAGTCAA-1,Monocytes
CD8dep_CTGTTTACAAAGTGCG-1,Monocytes
CD8dep_CTGTTTACAAGCGAGT-1,Monocytes
CD8dep_CTGTTTACATAGAAAC-1,Monocytes
CD8dep_CTGTTTAGTGTGCCTG-1,Monocytes
CD8dep_CTGTTTAGTTATGTGC-1,Monocytes
CD8dep_CTGTTTAGTTGTCGCG-1,T cells
CD8dep_CTGTTTATCCATGAAC-1,Monocytes
CD8dep_CTGTTTATCTGCCAGG-1,Monocytes
CD8dep_CTGTTTATCTGCGTAA-1,Dendritic cells
CD8dep_CTGTTTATCTTGCAAG-1,Monocytes
CD8dep_CTTAACTAGACAATAC-1,Dendritic cells
CD8dep_CTTAACTAGATACACA-1,Monocytes
CD8dep_CTTAACTAGTCTCAAC-1,Monocytes
CD8dep_CTTAACTCAGGGTATG-1,Macrophages
CD8dep_CTTAACTGTCCGAACC-1,Monocytes
CD8dep_CTTAACTGTCTGATCA-1,Monocytes
CD8dep_CTTAACTGTGGTCTCG-1,Monocytes
CD8dep_CTTAACTTCAGTTGAC-1,Monocytes
CD8dep_CTTAACTTCTGGCGAC-1,Macrophages
CD8dep_CTTACCGAGACAAAGG-1,Monocytes
CD8dep_CTTACCGAGCCACTAT-1,Monocytes
CD8dep_CTTACCGAGTCCAGGA-1,Monocytes
CD8dep_CTTACCGAGTGTGGCA-1,Monocytes
CD8dep_CTTACCGCAGCCAGAA-1,Granulocytes
CD8dep_CTTACCGCAGGATCGA-1,Monocytes
CD8dep_CTTACCGCATATACCG-1,Monocytes
CD8dep_CTTACCGCATTAGCCA-1,Dendritic cells
CD8dep_CTTACCGGTAAGGGAA-1,Monocytes
CD8dep_CTTACCGGTAGTAGTA-1,T cells
CD8dep_CTTACCGGTCATACTG-1,Monocytes
CD8dep_CTTACCGGTTCAACCA-1,Monocytes
CD8dep_CTTACCGTCATGTCCC-1,Monocytes
CD8dep_CTTAGGAAGGCAAAGA-1,Monocytes
CD8dep_CTTAGGAAGTAGGTGC-1,Monocytes
CD8dep_CTTAGGACAAGTTAAG-1,Monocytes
CD8dep_CTTAGGACAGATCGGA-1,Monocytes
CD8dep_CTTAGGACATGACGGA-1,Monocytes
CD8dep_CTTAGGAGTAGCGCTC-1,Macrophages
CD8dep_CTTAGGAGTATAGGGC-1,Monocytes
CD8dep_CTTAGGAGTCTAAACC-1,Macrophages
CD8dep_CTTAGGAGTGTATGGG-1,Macrophages
CD8dep_CTTAGGATCATTGCGA-1,Monocytes
CD8dep_CTTAGGATCCTTAATC-1,Dendritic cells
CD8dep_CTTAGGATCTTTAGGG-1,Monocytes
CD8dep_CTTCTCTAGCGATAGC-1,Monocytes
CD8dep_CTTCTCTAGGACAGAA-1,Monocytes
CD8dep_CTTCTCTAGGCCGAAT-1,Monocytes
CD8dep_CTTCTCTAGGGTCGAT-1,Monocytes
CD8dep_CTTCTCTCAATCTGCA-1,Monocytes
CD8dep_CTTCTCTCACATCTTT-1,Monocytes
CD8dep_CTTCTCTCATTGAGCT-1,Monocytes
CD8dep_CTTCTCTGTCGCATAT-1,Monocytes
CD8dep_CTTCTCTGTCTCATCC-1,Monocytes
CD8dep_CTTCTCTGTTATCACG-1,Monocytes
CD8dep_CTTGGCTAGGACAGAA-1,Monocytes
CD8dep_CTTGGCTCATAACCTG-1,Macrophages
CD8dep_CTTGGCTGTCGAATCT-1,Monocytes
CD8dep_CTTGGCTTCTCGCTTG-1,Monocytes
CD8dep_CTTTGCGAGGGCTTCC-1,Dendritic cells
CD8dep_CTTTGCGAGTGTGAAT-1,Monocytes
CD8dep_CTTTGCGCAGGCTGAA-1,Monocytes
CD8dep_CTTTGCGGTACGAAAT-1,Macrophages
CD8dep_CTTTGCGGTCTTCTCG-1,Monocytes
CD8dep_CTTTGCGTCGGCGCAT-1,Dendritic cells
CD8dep_CTTTGCGTCGTTACGA-1,Monocytes
CD8dep_GAAACTCAGACCTTTG-1,Monocytes
CD8dep_GAAACTCCAAGTCATC-1,Dendritic cells
CD8dep_GAAACTCCATACGCCG-1,Monocytes
CD8dep_GAAACTCTCATCGATG-1,Monocytes
CD8dep_GAAATGAAGACAGACC-1,Monocytes
CD8dep_GAAATGAAGCAAATCA-1,Monocytes
CD8dep_GAAATGAAGGGAACGG-1,Monocytes
CD8dep_GAAATGAAGTGTCCAT-1,Monocytes
CD8dep_GAAATGACATATACGC-1,Granulocytes
CD8dep_GAAATGAGTAAGAGGA-1,Dendritic cells
CD8dep_GAAATGAGTTTGACAC-1,Monocytes
CD8dep_GAAATGATCACAGGCC-1,Monocytes
CD8dep_GAAATGATCTCAAGTG-1,Monocytes
CD8dep_GAACATCAGATCCGAG-1,Dendritic cells
CD8dep_GAACATCAGATGCCAG-1,Monocytes
CD8dep_GAACATCAGCTGTCTA-1,Monocytes
CD8dep_GAACATCAGGTAGCTG-1,Monocytes
CD8dep_GAACATCAGTCTTGCA-1,Monocytes
CD8dep_GAACATCCACGGCCAT-1,Monocytes
CD8dep_GAACATCGTCGCGTGT-1,Monocytes
CD8dep_GAACATCTCAGCTCTC-1,Monocytes
CD8dep_GAACCTACAATGGAGC-1,Monocytes
CD8dep_GAACCTACATACGCCG-1,Monocytes
CD8dep_GAACCTAGTCGATTGT-1,Monocytes
CD8dep_GAACCTAGTGTGTGCC-1,Macrophages
CD8dep_GAACCTATCATGTGGT-1,Monocytes
CD8dep_GAACCTATCCGAATGT-1,Monocytes
CD8dep_GAACGGAAGCACGCCT-1,Monocytes
CD8dep_GAACGGACAACTGCTA-1,Macrophages
CD8dep_GAACGGACAAGAAGAG-1,Monocytes
CD8dep_GAACGGACATCTACGA-1,Monocytes
CD8dep_GAACGGATCAACCAAC-1,Monocytes
CD8dep_GAACGGATCTAACTGG-1,Monocytes
CD8dep_GAAGCAGAGCCACTAT-1,Monocytes
CD8dep_GAAGCAGAGCTGTCTA-1,Monocytes
CD8dep_GAAGCAGAGGTGATTA-1,Monocytes
CD8dep_GAAGCAGCACATCCGG-1,Monocytes
CD8dep_GAAGCAGGTACTTAGC-1,Monocytes
CD8dep_GAAGCAGGTCGCATAT-1,Monocytes
CD8dep_GAAGCAGTCCGAGCCA-1,Monocytes
CD8dep_GAAGCAGTCCTCATTA-1,Monocytes
CD8dep_GAATAAGAGAGTGACC-1,Dendritic cells
CD8dep_GAATAAGAGATCCCGC-1,Monocytes
CD8dep_GAATAAGAGCACACAG-1,Monocytes
CD8dep_GAATAAGGTAAGAGAG-1,Monocytes
CD8dep_GAATAAGGTCAAAGAT-1,Monocytes
CD8dep_GAATAAGGTCAGCTAT-1,Dendritic cells
CD8dep_GAATAAGTCAACGCTA-1,Macrophages
CD8dep_GAATGAAAGCTGCGAA-1,Monocytes
CD8dep_GAATGAAAGGAGTTGC-1,Dendritic cells
CD8dep_GAATGAAAGGGAAACA-1,Monocytes
CD8dep_GAATGAACATGAACCT-1,Dendritic cells
CD8dep_GAATGAAGTTCACCTC-1,Monocytes
CD8dep_GAATGAAGTTTGGCGC-1,Macrophages
CD8dep_GAATGAATCAAGGCTT-1,Monocytes
CD8dep_GAATGAATCAGCTGGC-1,Dendritic cells
CD8dep_GAATGAATCATAAAGG-1,Macrophages
CD8dep_GACACGCAGACCCACC-1,Dendritic cells
CD8dep_GACACGCAGCCCAGCT-1,Dendritic cells
CD8dep_GACACGCCAAGTCATC-1,Monocytes
CD8dep_GACACGCCACAGACTT-1,Monocytes
CD8dep_GACACGCCATACTACG-1,Monocytes
CD8dep_GACACGCCATTAACCG-1,Monocytes
CD8dep_GACACGCGTAAGAGGA-1,Monocytes
CD8dep_GACACGCGTCGTCTTC-1,Monocytes
CD8dep_GACACGCGTTCCATGA-1,Monocytes
CD8dep_GACACGCGTTCGCTAA-1,Monocytes
CD8dep_GACACGCGTTCGGCAC-1,Monocytes
CD8dep_GACACGCTCATATCGG-1,Monocytes
CD8dep_GACACGCTCGTTGCCT-1,Monocytes
CD8dep_GACACGCTCTGCGACG-1,Monocytes
CD8dep_GACAGAGCAGCCTGTG-1,Macrophages
CD8dep_GACAGAGGTAAACACA-1,Monocytes
CD8dep_GACCAATAGCTAAACA-1,Monocytes
CD8dep_GACCAATAGTGTGGCA-1,Monocytes
CD8dep_GACCAATGTACAGTTC-1,Monocytes
CD8dep_GACCAATGTTAAAGTG-1,Monocytes
CD8dep_GACCAATGTTCAGCGC-1,Dendritic cells
CD8dep_GACCAATGTTGGACCC-1,Monocytes
CD8dep_GACCAATTCATCTGCC-1,Monocytes
CD8dep_GACCAATTCGACGGAA-1,Monocytes
CD8dep_GACCAATTCGTATCAG-1,Granulocytes
CD8dep_GACCAATTCTCAAACG-1,Dendritic cells
CD8dep_GACCTGGAGGCTAGAC-1,Monocytes
CD8dep_GACCTGGAGTACGTTC-1,Macrophages
CD8dep_GACCTGGCATACTCTT-1,Monocytes
CD8dep_GACCTGGCATGGGACA-1,Granulocytes
CD8dep_GACCTGGCATTAGCCA-1,Monocytes
CD8dep_GACCTGGCATTTGCTT-1,Granulocytes
CD8dep_GACCTGGGTAGATTAG-1,Macrophages
CD8dep_GACCTGGGTCCCTACT-1,Monocytes
CD8dep_GACCTGGGTTCCATGA-1,Monocytes
CD8dep_GACGCGTAGCGGCTTC-1,Monocytes
CD8dep_GACGCGTCAGACGCAA-1,Monocytes
CD8dep_GACGCGTGTCTGGTCG-1,Monocytes
CD8dep_GACGCGTGTGCACCAC-1,Dendritic cells
CD8dep_GACGCGTGTGGGTATG-1,Dendritic cells
CD8dep_GACGCGTTCAACCAAC-1,Monocytes
CD8dep_GACGCGTTCAATCACG-1,Dendritic cells
CD8dep_GACGGCTAGATGTCGG-1,Monocytes
CD8dep_GACGGCTAGCTAGCCC-1,Macrophages
CD8dep_GACGGCTAGTTCGATC-1,Dendritic cells
CD8dep_GACGGCTCACAGACTT-1,Monocytes
CD8dep_GACGGCTCACAGGTTT-1,Dendritic cells
CD8dep_GACGGCTTCAACACCA-1,Monocytes
CD8dep_GACGGCTTCAATAAGG-1,Monocytes
CD8dep_GACGGCTTCAGAGCTT-1,Monocytes
CD8dep_GACGGCTTCATGTCCC-1,Monocytes
CD8dep_GACGGCTTCGTTTAGG-1,Monocytes
CD8dep_GACGTGCAGCTGGAAC-1,Granulocytes
CD8dep_GACGTGCCAGTCACTA-1,Monocytes
CD8dep_GACGTGCGTAGGACAC-1,Macrophages
CD8dep_GACGTGCGTCCGAATT-1,Monocytes
CD8dep_GACGTGCGTCCGACGT-1,Monocytes
CD8dep_GACGTGCGTCGCCATG-1,Monocytes
CD8dep_GACGTGCGTTCGGCAC-1,Dendritic cells
CD8dep_GACGTGCTCAGCTCGG-1,Monocytes
CD8dep_GACGTGCTCGGAATCT-1,Macrophages
CD8dep_GACGTTAAGGAGTAGA-1,Monocytes
CD8dep_GACGTTAAGGGTATCG-1,Dendritic cells
CD8dep_GACGTTACAAGGTTCT-1,Monocytes
CD8dep_GACGTTACAGATCGGA-1,Monocytes
CD8dep_GACGTTAGTCAAACTC-1,Dendritic cells
CD8dep_GACGTTAGTGCTTCTC-1,Monocytes
CD8dep_GACGTTATCCAGAAGG-1,Monocytes
CD8dep_GACTAACAGCGTTCCG-1,Monocytes
CD8dep_GACTAACAGGTTCCTA-1,Monocytes
CD8dep_GACTAACAGTTGAGTA-1,Monocytes
CD8dep_GACTAACCACACGCTG-1,Macrophages
CD8dep_GACTAACCAGTCGATT-1,Monocytes
CD8dep_GACTAACCATGCTAGT-1,Monocytes
CD8dep_GACTAACGTTAAGAAC-1,Monocytes
CD8dep_GACTAACGTTACAGAA-1,Dendritic cells
CD8dep_GACTAACTCAAGAAGT-1,Dendritic cells
CD8dep_GACTAACTCACGCGGT-1,Monocytes
CD8dep_GACTAACTCGCAGGCT-1,Monocytes
CD8dep_GACTACAAGGTCATCT-1,Monocytes
CD8dep_GACTACAAGTCTCCTC-1,T cells
CD8dep_GACTACACACTACAGT-1,Granulocytes
CD8dep_GACTACAGTCAAAGAT-1,Monocytes
CD8dep_GACTACAGTTTACTCT-1,Monocytes
CD8dep_GACTACATCGGAAATA-1,Monocytes
CD8dep_GACTACATCGTGACAT-1,Macrophages
CD8dep_GACTACATCTAGCACA-1,Monocytes
CD8dep_GACTGCGAGGACCACA-1,Granulocytes
CD8dep_GACTGCGCAGACAAAT-1,Dendritic cells
CD8dep_GACTGCGCAGTTCATG-1,Monocytes
CD8dep_GACTGCGGTACTTCTT-1,Monocytes
CD8dep_GACTGCGGTAGATTAG-1,Monocytes
CD8dep_GACTGCGGTTTGGCGC-1,Monocytes
CD8dep_GACTGCGTCAACACTG-1,Monocytes
CD8dep_GAGCAGAAGAAACGAG-1,Monocytes
CD8dep_GAGCAGAAGTATTGGA-1,Monocytes
CD8dep_GAGCAGACAGCTCCGA-1,Monocytes
CD8dep_GAGCAGACAGGTCTCG-1,Monocytes
CD8dep_GAGCAGACAGTACACT-1,Monocytes
CD8dep_GAGCAGAGTAAGAGGA-1,Dendritic cells
CD8dep_GAGCAGAGTCTGCAAT-1,Monocytes
CD8dep_GAGCAGAGTGATAAGT-1,Monocytes
CD8dep_GAGCAGAGTGTTCTTT-1,Macrophages
CD8dep_GAGGTGAAGGACTGGT-1,Dendritic cells
CD8dep_GAGGTGACATCGTCGG-1,Monocytes
CD8dep_GAGTCCGAGAACAATC-1,Dendritic cells
CD8dep_GAGTCCGAGCGTAGTG-1,Monocytes
CD8dep_GAGTCCGAGTTCCACA-1,Macrophages
CD8dep_GAGTCCGCATCCGCGA-1,Dendritic cells
CD8dep_GAGTCCGGTCAAACTC-1,Monocytes
CD8dep_GAGTCCGGTGATGTGG-1,Monocytes
CD8dep_GAGTCCGGTGCACTTA-1,Monocytes
CD8dep_GAGTCCGGTGTTCTTT-1,Monocytes
CD8dep_GAGTCCGGTTCAGCGC-1,Monocytes
CD8dep_GATCAGTGTTTCCACC-1,Monocytes
CD8dep_GATCAGTTCAAAGTAG-1,Dendritic cells
CD8dep_GATCAGTTCCACGCAG-1,Monocytes
CD8dep_GATCAGTTCCTCAACC-1,Monocytes
CD8dep_GATCAGTTCGTTTAGG-1,Monocytes
CD8dep_GATCGATAGGGTCGAT-1,Monocytes
CD8dep_GATCGATAGGGTTCCC-1,Monocytes
CD8dep_GATCGATAGGTAGCCA-1,Monocytes
CD8dep_GATCGATAGTCGCCGT-1,Monocytes
CD8dep_GATCGATCATTAGGCT-1,Monocytes
CD8dep_GATCGATGTAGGGTAC-1,Monocytes
CD8dep_GATCGATGTCATTAGC-1,Macrophages
CD8dep_GATCGATGTCGAACAG-1,Macrophages
CD8dep_GATCGATTCTTGACGA-1,T cells
CD8dep_GATCGCGAGAGTACCG-1,Monocytes
CD8dep_GATCGCGAGGGCTCTC-1,Monocytes
CD8dep_GATCGCGCACTCGACG-1,Monocytes
CD8dep_GATCGCGCAGACGCCT-1,Dendritic cells
CD8dep_GATCGCGCATGTTGAC-1,Macrophages
CD8dep_GATCGCGGTACTTCTT-1,Monocytes
CD8dep_GATCGCGGTAGCACGA-1,Monocytes
CD8dep_GATCGCGGTCCAGTGC-1,Monocytes
CD8dep_GATCGCGTCTAACTGG-1,Monocytes
CD8dep_GATCGCGTCTACTTAC-1,Monocytes
CD8dep_GATCGCGTCTTACCGC-1,Monocytes
CD8dep_GATCGCGTCTTGACGA-1,Monocytes
CD8dep_GATCGTAAGAAACCGC-1,Monocytes
CD8dep_GATCGTAAGGTGACCA-1,Granulocytes
CD8dep_GATCGTAGTCTGGTCG-1,Dendritic cells
CD8dep_GATCGTAGTGCCTGTG-1,Monocytes
CD8dep_GATCGTATCACAAACC-1,Dendritic cells
CD8dep_GATCGTATCATTGCCC-1,Monocytes
CD8dep_GATCGTATCGCCAGCA-1,Monocytes
CD8dep_GATCGTATCGGCGCAT-1,Monocytes
CD8dep_GATCTAGAGCCTCGTG-1,Monocytes
CD8dep_GATCTAGAGCTTTGGT-1,Monocytes
CD8dep_GATCTAGAGGACATTA-1,Monocytes
CD8dep_GATCTAGCACAAGACG-1,Monocytes
CD8dep_GATCTAGCAGGGATTG-1,Monocytes
CD8dep_GATCTAGCATTCCTCG-1,Macrophages
CD8dep_GATCTAGGTAGCGTAG-1,Dendritic cells
CD8dep_GATCTAGGTCTAGCGC-1,Monocytes
CD8dep_GATCTAGTCAACACTG-1,Monocytes
CD8dep_GATCTAGTCCGTACAA-1,Monocytes
CD8dep_GATCTAGTCCGTTGTC-1,Monocytes
CD8dep_GATCTAGTCGCCATAA-1,Monocytes
CD8dep_GATCTAGTCGGTGTCG-1,Monocytes
CD8dep_GATGAAAAGGACATTA-1,Monocytes
CD8dep_GATGAAAAGGACCACA-1,Monocytes
CD8dep_GATGAAAAGGTGTGGT-1,Dendritic cells
CD8dep_GATGAAACACCAACCG-1,Monocytes
CD8dep_GATGAAACATTGGGCC-1,Monocytes
CD8dep_GATGAAATCAATAAGG-1,Monocytes
CD8dep_GATGAAATCAATCACG-1,Monocytes
CD8dep_GATGAAATCCTCATTA-1,Monocytes
CD8dep_GATGAGGCAAGACGTG-1,Monocytes
CD8dep_GATGAGGGTCGTGGCT-1,Monocytes
CD8dep_GATGAGGGTGCTTCTC-1,Monocytes
CD8dep_GATGAGGGTGTGGTTT-1,Dendritic cells
CD8dep_GATGAGGTCCATTCTA-1,Dendritic cells
CD8dep_GATGAGGTCCCAAGTA-1,Monocytes
CD8dep_GATGAGGTCCCTCTTT-1,Macrophages
CD8dep_GATGAGGTCCGCAAGC-1,Monocytes
CD8dep_GATGCTAAGGAGCGAG-1,Monocytes
CD8dep_GATGCTACAATGAAAC-1,Monocytes
CD8dep_GATGCTACAGACGTAG-1,Monocytes
CD8dep_GATGCTAGTAGGACAC-1,Monocytes
CD8dep_GATGCTAGTCGCCATG-1,Monocytes
CD8dep_GATGCTATCATGTCCC-1,Monocytes
CD8dep_GATGCTATCTATGTGG-1,Dendritic cells
CD8dep_GATGCTATCTTAACCT-1,Dendritic cells
CD8dep_GATTCAGAGTGATCGG-1,Monocytes
CD8dep_GATTCAGCAGTTTACG-1,Monocytes
CD8dep_GATTCAGCATGTAAGA-1,Monocytes
CD8dep_GATTCAGGTGTTTGTG-1,Monocytes
CD8dep_GCAAACTAGCGGCTTC-1,Macrophages
CD8dep_GCAAACTAGGAGTAGA-1,Dendritic cells
CD8dep_GCAAACTAGGCAAAGA-1,Monocytes
CD8dep_GCAAACTAGGGAACGG-1,Monocytes
CD8dep_GCAAACTCACATAACC-1,Dendritic cells
CD8dep_GCAAACTCACGTGAGA-1,Macrophages
CD8dep_GCAAACTGTTAGATGA-1,Monocytes
CD8dep_GCAAACTGTTCAGGCC-1,Monocytes
CD8dep_GCAAACTGTTTGGGCC-1,Macrophages
CD8dep_GCAAACTTCACTCCTG-1,Monocytes
CD8dep_GCAAACTTCCGCATCT-1,Monocytes
CD8dep_GCAATCAAGAGCCCAA-1,Monocytes
CD8dep_GCAATCAAGCTGAACG-1,Granulocytes
CD8dep_GCAATCAAGTACGCCC-1,Monocytes
CD8dep_GCAATCATCCAAGCCG-1,Macrophages
CD8dep_GCAATCATCTGTTGAG-1,Monocytes
CD8dep_GCACATAAGCAGCCTC-1,Monocytes
CD8dep_GCACATAGTAAGGATT-1,Monocytes
CD8dep_GCACATAGTACAGTTC-1,Monocytes
CD8dep_GCACATAGTACCGGCT-1,Monocytes
CD8dep_GCACATAGTCGCGAAA-1,Monocytes
CD8dep_GCACATAGTTGAGGTG-1,Monocytes
CD8dep_GCACATATCAAGATCC-1,Monocytes
CD8dep_GCACATATCCAGAAGG-1,Monocytes
CD8dep_GCACTCTAGAGCTGCA-1,Monocytes
CD8dep_GCACTCTAGAGTGACC-1,NK cells
CD8dep_GCACTCTAGCCGGTAA-1,Dendritic cells
CD8dep_GCACTCTCACGGCCAT-1,Monocytes
CD8dep_GCACTCTTCGGAATCT-1,Monocytes
CD8dep_GCAGCCAAGGAATCGC-1,Monocytes
CD8dep_GCAGCCAAGTTGAGAT-1,Monocytes
CD8dep_GCAGCCACAAAGAATC-1,Monocytes
CD8dep_GCAGCCACAAGGTTCT-1,Monocytes
CD8dep_GCAGCCACACTTAAGC-1,Monocytes
CD8dep_GCAGCCACATAAGACA-1,Monocytes
CD8dep_GCAGCCACATGCCACG-1,Monocytes
CD8dep_GCAGCCAGTCCGTTAA-1,Macrophages
CD8dep_GCAGCCATCATGCTCC-1,Monocytes
CD8dep_GCAGTTAAGAATTCCC-1,Monocytes
CD8dep_GCAGTTAAGCCAGAAC-1,Monocytes
CD8dep_GCAGTTACAGCTGTTA-1,Monocytes
CD8dep_GCAGTTAGTAAATACG-1,Monocytes
CD8dep_GCAGTTAGTAGCTCCG-1,Monocytes
CD8dep_GCAGTTAGTCAATACC-1,Monocytes
CD8dep_GCAGTTAGTTCCACTC-1,Monocytes
CD8dep_GCAGTTATCACCATAG-1,Macrophages
CD8dep_GCAGTTATCGGCGCTA-1,Monocytes
CD8dep_GCATACAAGATCCCGC-1,Monocytes
CD8dep_GCATACAAGATGTGGC-1,Monocytes
CD8dep_GCATACAAGGCCCTCA-1,Monocytes
CD8dep_GCATACAAGTCATCCA-1,Monocytes
CD8dep_GCATACACACCCTATC-1,Monocytes
CD8dep_GCATACACAGTATCTG-1,Monocytes
CD8dep_GCATACAGTCAAACTC-1,Monocytes
CD8dep_GCATACAGTCGACTAT-1,Monocytes
CD8dep_GCATACAGTTGTGGCC-1,Monocytes
CD8dep_GCATGATCAAAGTCAA-1,Monocytes
CD8dep_GCATGATGTAACGTTC-1,Monocytes
CD8dep_GCATGATGTAGCGTAG-1,Monocytes
CD8dep_GCATGATGTATGAAAC-1,Monocytes
CD8dep_GCATGATTCGTCTGAA-1,Monocytes
CD8dep_GCATGCGAGATAGTCA-1,Monocytes
CD8dep_GCATGCGAGTCCGTAT-1,Monocytes
CD8dep_GCATGCGCATTACGAC-1,Dendritic cells
CD8dep_GCATGCGTCGACCAGC-1,Monocytes
CD8dep_GCATGCGTCTCGATGA-1,Monocytes
CD8dep_GCATGTAAGAAGGTTT-1,Monocytes
CD8dep_GCATGTAAGATGTGGC-1,Monocytes
CD8dep_GCATGTAAGTGACTCT-1,Monocytes
CD8dep_GCATGTACACCATCCT-1,Monocytes
CD8dep_GCATGTACAGGGCATA-1,Monocytes
CD8dep_GCATGTACATGACGGA-1,Monocytes
CD8dep_GCATGTACATGCATGT-1,Monocytes
CD8dep_GCATGTATCATTCACT-1,Dendritic cells
CD8dep_GCATGTATCCTGTAGA-1,Macrophages
CD8dep_GCCAAATAGAAACGCC-1,Monocytes
CD8dep_GCCAAATAGCCCAGCT-1,Monocytes
CD8dep_GCCAAATAGGAATGGA-1,Monocytes
CD8dep_GCCAAATCAAGCGAGT-1,Macrophages
CD8dep_GCCAAATCACCTATCC-1,Monocytes
CD8dep_GCCAAATCACGAGGTA-1,Monocytes
CD8dep_GCCAAATGTACGACCC-1,Monocytes
CD8dep_GCCAAATGTCTCCCTA-1,Monocytes
CD8dep_GCCAAATTCCCAGGTG-1,Macrophages
CD8dep_GCCAAATTCCTCCTAG-1,Monocytes
CD8dep_GCCAAATTCGAATGGG-1,Monocytes
CD8dep_GCCAAATTCTTCTGGC-1,Monocytes
CD8dep_GCCTCTAAGACTGTAA-1,Macrophages
CD8dep_GCCTCTAAGCCAGGAT-1,Monocytes
CD8dep_GCCTCTAAGGGTATCG-1,Monocytes
CD8dep_GCCTCTACAAGGGTCA-1,Macrophages
CD8dep_GCCTCTAGTCAATGTC-1,Monocytes
CD8dep_GCCTCTAGTGCCTGCA-1,Monocytes
CD8dep_GCCTCTAGTGCTTCTC-1,Monocytes
CD8dep_GCGACCAAGAGTGAGA-1,Monocytes
CD8dep_GCGACCAAGTGAAGAG-1,Monocytes
CD8dep_GCGACCACATTAGGCT-1,Monocytes
CD8dep_GCGACCAGTGACGGTA-1,Monocytes
CD8dep_GCGACCATCAGCCTAA-1,Monocytes
CD8dep_GCGACCATCATAACCG-1,Monocytes
CD8dep_GCGAGAAAGACTGGGT-1,Monocytes
CD8dep_GCGAGAAAGCTTCGCG-1,Monocytes
CD8dep_GCGAGAAAGGGTATCG-1,Monocytes
CD8dep_GCGAGAAAGGTGCTTT-1,Monocytes
CD8dep_GCGAGAAGTTAAAGAC-1,Monocytes
CD8dep_GCGAGAATCCAAATGC-1,Monocytes
CD8dep_GCGAGAATCCTTGCCA-1,Monocytes
CD8dep_GCGAGAATCGACCAGC-1,Macrophages
CD8dep_GCGAGAATCGCCAAAT-1,Macrophages
CD8dep_GCGCAACAGCCTTGAT-1,Macrophages
CD8dep_GCGCAACAGGACAGCT-1,Granulocytes
CD8dep_GCGCAACAGGCCATAG-1,Monocytes
CD8dep_GCGCAACCATCCCACT-1,Monocytes
CD8dep_GCGCAACCATTGAGCT-1,Monocytes
CD8dep_GCGCAACTCTCAAGTG-1,Monocytes
CD8dep_GCGCAGTAGGCGACAT-1,Granulocytes
CD8dep_GCGCAGTCACGAAGCA-1,Monocytes
CD8dep_GCGCAGTCAGCTCGAC-1,Monocytes
CD8dep_GCGCAGTGTACTCAAC-1,Monocytes
CD8dep_GCGCAGTGTCAGTGGA-1,Monocytes
CD8dep_GCGCCAAAGGTGACCA-1,Monocytes
CD8dep_GCGCCAAAGTTCGCGC-1,Monocytes
CD8dep_GCGCCAACAACAACCT-1,Monocytes
CD8dep_GCGCCAACAGACTCGC-1,Monocytes
CD8dep_GCGCCAAGTATGCTTG-1,Monocytes
CD8dep_GCGCCAAGTGTCGCTG-1,Monocytes
CD8dep_GCGCCAAGTGTTAAGA-1,Monocytes
CD8dep_GCGCCAAGTTGCTCCT-1,Monocytes
CD8dep_GCGCCAAGTTGTCGCG-1,Macrophages
CD8dep_GCGCCAATCCAAGTAC-1,Dendritic cells
CD8dep_GCGCCAATCGTACGGC-1,Granulocytes
CD8dep_GCGCGATCACTAAGTC-1,Monocytes
CD8dep_GCGCGATCAGTAACGG-1,Monocytes
CD8dep_GCGCGATCAGTATCTG-1,Monocytes
CD8dep_GCGCGATGTAAGAGGA-1,Monocytes
CD8dep_GCGCGATGTGAAGGCT-1,Monocytes
CD8dep_GCGCGATTCTGGCGAC-1,Monocytes
CD8dep_GCGGGTTAGAAGCCCA-1,Monocytes
CD8dep_GCGGGTTAGCTCAACT-1,Monocytes
CD8dep_GCGGGTTAGCTGTTCA-1,Macrophages
CD8dep_GCGGGTTGTGGCGAAT-1,Dendritic cells
CD8dep_GCTCCTAAGAGATGAG-1,Monocytes
CD8dep_GCTCCTAAGCTAGTCT-1,Monocytes
CD8dep_GCTCCTAAGGGTATCG-1,Monocytes
CD8dep_GCTCCTAAGTGGGATC-1,Monocytes
CD8dep_GCTCCTACAGTAACGG-1,Monocytes
CD8dep_GCTCCTACATCACGAT-1,Monocytes
CD8dep_GCTCCTAGTTATGCGT-1,Monocytes
CD8dep_GCTCCTATCATCGGAT-1,Granulocytes
CD8dep_GCTCCTATCTCAACTT-1,Monocytes
CD8dep_GCTCTGTAGGATGGAA-1,Monocytes
CD8dep_GCTCTGTAGTTCGCGC-1,Monocytes
CD8dep_GCTCTGTCAGTAAGAT-1,Monocytes
CD8dep_GCTCTGTGTCTAGAGG-1,Monocytes
CD8dep_GCTCTGTGTTAGATGA-1,Monocytes
CD8dep_GCTCTGTTCCCTAACC-1,Monocytes
CD8dep_GCTGCAGAGAGCCTAG-1,Monocytes
CD8dep_GCTGCAGAGCGAAGGG-1,Monocytes
CD8dep_GCTGCAGAGTCGATAA-1,Monocytes
CD8dep_GCTGCAGCAAAGGTGC-1,Monocytes
CD8dep_GCTGCAGCACTACAGT-1,Monocytes
CD8dep_GCTGCAGGTACTTAGC-1,Dendritic cells
CD8dep_GCTGCAGTCAACACGT-1,Macrophages
CD8dep_GCTGCAGTCTCGCTTG-1,Monocytes
CD8dep_GCTGCGAAGCTAACAA-1,Dendritic cells
CD8dep_GCTGCGAAGCTGAAAT-1,Monocytes
CD8dep_GCTGCGACACGAAACG-1,Monocytes
CD8dep_GCTGCGAGTACCAGTT-1,Monocytes
CD8dep_GCTGCGAGTGCATCTA-1,Monocytes
CD8dep_GCTGCGATCACATACG-1,Monocytes
CD8dep_GCTGCGATCATTATCC-1,Monocytes
CD8dep_GCTGCGATCGCACTCT-1,Monocytes
CD8dep_GCTGCGATCGCCAGCA-1,Macrophages
CD8dep_GCTGCTTAGCCGATTT-1,Monocytes
CD8dep_GCTGCTTAGCTGGAAC-1,Monocytes
CD8dep_GCTGCTTCACGGTGTC-1,Dendritic cells
CD8dep_GCTGCTTCAGATGGGT-1,Monocytes
CD8dep_GCTGCTTCAGGTCTCG-1,Monocytes
CD8dep_GCTGCTTGTACCGAGA-1,Monocytes
CD8dep_GCTGCTTGTCAGCTAT-1,Macrophages
CD8dep_GCTGCTTGTGCAGGTA-1,Granulocytes
CD8dep_GCTGCTTTCCAAGCCG-1,Monocytes
CD8dep_GCTGGGTAGAGTTGGC-1,Monocytes
CD8dep_GCTGGGTGTAGGGTAC-1,Monocytes
CD8dep_GCTGGGTGTATTCGTG-1,Dendritic cells
CD8dep_GCTGGGTGTTACGTCA-1,T cells
CD8dep_GCTGGGTTCAACGCTA-1,Macrophages
CD8dep_GCTGGGTTCCACTCCA-1,Monocytes
CD8dep_GCTGGGTTCCCTAACC-1,Dendritic cells
CD8dep_GCTGGGTTCTTGAGGT-1,Monocytes
CD8dep_GCTTCCAAGAAACGAG-1,Monocytes
CD8dep_GCTTCCAAGACTAAGT-1,Granulocytes
CD8dep_GCTTCCAAGGTGGGTT-1,Monocytes
CD8dep_GCTTCCACAGACTCGC-1,Monocytes
CD8dep_GCTTCCACAGATCGGA-1,Monocytes
CD8dep_GCTTCCAGTGTGACCC-1,Dendritic cells
CD8dep_GCTTCCATCAACCATG-1,Dendritic cells
CD8dep_GCTTCCATCCGTAGTA-1,Dendritic cells
CD8dep_GCTTCCATCCTCAATT-1,Macrophages
CD8dep_GCTTCCATCGTCTGCT-1,Monocytes
CD8dep_GCTTGAAAGCCGGTAA-1,Dendritic cells
CD8dep_GCTTGAAAGGAATTAC-1,Monocytes
CD8dep_GCTTGAAAGTGGACGT-1,Monocytes
CD8dep_GCTTGAAGTAAATACG-1,Monocytes
CD8dep_GCTTGAAGTCGCATAT-1,Macrophages
CD8dep_GCTTGAAGTTGGTAAA-1,Monocytes
CD8dep_GCTTGAATCATCGCTC-1,Monocytes
CD8dep_GCTTGAATCGCTGATA-1,Monocytes
CD8dep_GGAAAGCAGACCGGAT-1,Monocytes
CD8dep_GGAAAGCAGATAGGAG-1,Monocytes
CD8dep_GGAAAGCAGCTGCAAG-1,Monocytes
CD8dep_GGAAAGCAGTGTCCCG-1,Monocytes
CD8dep_GGAAAGCCAAGTCTAC-1,Fibroblasts
CD8dep_GGAAAGCGTAGTGAAT-1,Dendritic cells
CD8dep_GGAACTTAGAGCAATT-1,Monocytes
CD8dep_GGAACTTAGAGGGATA-1,Monocytes
CD8dep_GGAACTTAGATCCCGC-1,Dendritic cells
CD8dep_GGAACTTAGCGTTGCC-1,Monocytes
CD8dep_GGAACTTCACGGTAGA-1,Monocytes
CD8dep_GGAACTTCATGCAATC-1,Monocytes
CD8dep_GGAACTTCATGTCGAT-1,Monocytes
CD8dep_GGAACTTGTGAGTATA-1,Monocytes
CD8dep_GGAACTTGTTAAGAAC-1,Monocytes
CD8dep_GGAACTTTCAACGCTA-1,Monocytes
CD8dep_GGAACTTTCCAGAGGA-1,Dendritic cells
CD8dep_GGAATAAAGCCCAGCT-1,Monocytes
CD8dep_GGAATAAAGCTAGGCA-1,Monocytes
CD8dep_GGAATAACAAGCTGGA-1,Monocytes
CD8dep_GGAATAACAGGCTGAA-1,Macrophages
CD8dep_GGAATAATCTTACCGC-1,Monocytes
CD8dep_GGACAAGAGATAGTCA-1,Monocytes
CD8dep_GGACAAGCACTATCTT-1,Monocytes
CD8dep_GGACAAGGTGACAAAT-1,Monocytes
CD8dep_GGACAAGGTTCTGAAC-1,Monocytes
CD8dep_GGACAAGTCAAACCGT-1,Monocytes
CD8dep_GGACAAGTCAACGCTA-1,Monocytes
CD8dep_GGACAGAAGGCGATAC-1,Dendritic cells
CD8dep_GGACAGAAGTCATGCT-1,Monocytes
CD8dep_GGACAGAAGTTCCACA-1,Monocytes
CD8dep_GGACAGACACGAAATA-1,Monocytes
CD8dep_GGACAGACAGTCTTCC-1,Monocytes
CD8dep_GGACAGAGTCGGGTCT-1,Dendritic cells
CD8dep_GGACAGAGTGTCGCTG-1,Monocytes
CD8dep_GGACAGATCGCACTCT-1,Monocytes
CD8dep_GGACATTAGCTAAACA-1,Granulocytes
CD8dep_GGACATTAGTGGAGAA-1,Macrophages
CD8dep_GGACATTAGTTAACGA-1,Macrophages
CD8dep_GGACATTCACCAGTTA-1,Monocytes
CD8dep_GGACATTCAGATGAGC-1,Monocytes
CD8dep_GGACATTGTAAATACG-1,Dendritic cells
CD8dep_GGACATTGTAAGTTCC-1,Monocytes
CD8dep_GGACATTGTACCGTTA-1,Macrophages
CD8dep_GGACATTGTGTTAAGA-1,Monocytes
CD8dep_GGACATTGTTGTCTTT-1,Monocytes
CD8dep_GGACATTTCAAACAAG-1,Monocytes
CD8dep_GGACATTTCCATGCTC-1,Monocytes
CD8dep_GGACATTTCCTCAACC-1,Monocytes
CD8dep_GGACATTTCGTATCAG-1,Monocytes
CD8dep_GGACATTTCTCAACTT-1,Monocytes
CD8dep_GGACATTTCTGGCGAC-1,Monocytes
CD8dep_GGACGTCAGGACAGCT-1,Monocytes
CD8dep_GGACGTCAGTATCTCG-1,Monocytes
CD8dep_GGACGTCAGTGACATA-1,Monocytes
CD8dep_GGACGTCCAGACAAGC-1,Monocytes
CD8dep_GGACGTCCATAGAAAC-1,Monocytes
CD8dep_GGACGTCGTACCAGTT-1,Monocytes
CD8dep_GGACGTCGTCACTTCC-1,Monocytes
CD8dep_GGACGTCGTCGGCATC-1,Monocytes
CD8dep_GGACGTCGTGTGACCC-1,Monocytes
CD8dep_GGACGTCGTTGAGTTC-1,Monocytes
CD8dep_GGACGTCTCCATTCTA-1,Monocytes
CD8dep_GGACGTCTCGGACAAG-1,Monocytes
CD8dep_GGAGCAAAGGTGCACA-1,Monocytes
CD8dep_GGAGCAAGTACTCGCG-1,Monocytes
CD8dep_GGAGCAAGTACTTAGC-1,Monocytes
CD8dep_GGAGCAAGTCAGAATA-1,Monocytes
CD8dep_GGAGCAAGTCGTGGCT-1,Monocytes
CD8dep_GGAGCAAGTCTCTCTG-1,Monocytes
CD8dep_GGAGCAATCATCTGCC-1,Monocytes
CD8dep_GGAGCAATCCCTTGTG-1,Dendritic cells
CD8dep_GGAGCAATCGTCTGCT-1,Monocytes
CD8dep_GGAGCAATCTGCCCTA-1,Monocytes
CD8dep_GGATGTTAGAAGGGTA-1,Monocytes
CD8dep_GGATGTTAGACAAGCC-1,Monocytes
CD8dep_GGATGTTAGAGCCTAG-1,Dendritic cells
CD8dep_GGATGTTAGTTCCACA-1,Monocytes
CD8dep_GGATGTTGTCGCTTCT-1,Monocytes
CD8dep_GGATGTTGTGTTTGGT-1,Monocytes
CD8dep_GGATGTTGTTAAGATG-1,Monocytes
CD8dep_GGATGTTGTTTGACTG-1,Dendritic cells
CD8dep_GGATTACAGGGTTTCT-1,Macrophages
CD8dep_GGATTACAGTGACATA-1,Monocytes
CD8dep_GGATTACAGTTAGCGG-1,Monocytes
CD8dep_GGATTACCAGCTCGAC-1,Monocytes
CD8dep_GGATTACCATGTCTCC-1,Dendritic cells
CD8dep_GGATTACGTCTGCGGT-1,Monocytes
CD8dep_GGATTACGTTCGCTAA-1,Dendritic cells
CD8dep_GGATTACGTTTCGCTC-1,Monocytes
CD8dep_GGATTACTCAACCAAC-1,Dendritic cells
CD8dep_GGATTACTCACGACTA-1,Dendritic cells
CD8dep_GGATTACTCCAAATGC-1,Monocytes
CD8dep_GGATTACTCGCGCCAA-1,Monocytes
CD8dep_GGCAATTAGAAGGCCT-1,Macrophages
CD8dep_GGCAATTCACACTGCG-1,Monocytes
CD8dep_GGCAATTCACAGACTT-1,Monocytes
CD8dep_GGCAATTCACGTTGGC-1,Granulocytes
CD8dep_GGCAATTCACTTAAGC-1,Monocytes
CD8dep_GGCAATTGTGCTGTAT-1,Monocytes
CD8dep_GGCAATTGTTTGACTG-1,Monocytes
CD8dep_GGCAATTTCACCCTCA-1,Macrophages
CD8dep_GGCCGATCACGAAATA-1,Monocytes
CD8dep_GGCCGATCATGCCTTC-1,Monocytes
CD8dep_GGCCGATCATGTCCTC-1,Monocytes
CD8dep_GGCCGATGTAACGTTC-1,Monocytes
CD8dep_GGCCGATGTACAAGTA-1,Granulocytes
CD8dep_GGCCGATGTACAGACG-1,Monocytes
CD8dep_GGCCGATGTACATCCA-1,Monocytes
CD8dep_GGCCGATGTGTTTGGT-1,Macrophages
CD8dep_GGCCGATTCTGACCTC-1,Monocytes
CD8dep_GGCCGATTCTGGCGAC-1,Macrophages
CD8dep_GGCGACTAGCACACAG-1,Monocytes
CD8dep_GGCGACTAGGGTCTCC-1,Monocytes
CD8dep_GGCGACTGTTAAAGAC-1,Monocytes
CD8dep_GGCGACTTCACCTCGT-1,Monocytes
CD8dep_GGCGACTTCCGTACAA-1,Monocytes
CD8dep_GGCGTGTAGTCCAGGA-1,Dendritic cells
CD8dep_GGCGTGTTCACATGCA-1,T cells
CD8dep_GGCGTGTTCCAAACAC-1,Dendritic cells
CD8dep_GGCGTGTTCGCTTAGA-1,Monocytes
CD8dep_GGCGTGTTCTCCAGGG-1,Monocytes
CD8dep_GGCGTGTTCTCCCTGA-1,Monocytes
CD8dep_GGCGTGTTCTGCCAGG-1,Monocytes
CD8dep_GGCTCGAAGCGATAGC-1,Monocytes
CD8dep_GGCTCGACACGTCAGC-1,Monocytes
CD8dep_GGCTCGACATGCATGT-1,Monocytes
CD8dep_GGCTCGAGTCCAGTGC-1,Monocytes
CD8dep_GGCTCGAGTCCGTCAG-1,Macrophages
CD8dep_GGCTCGAGTCGCGGTT-1,Monocytes
CD8dep_GGCTCGAGTTCTGTTT-1,Monocytes
CD8dep_GGCTCGATCTGCAGTA-1,Monocytes
CD8dep_GGCTGGTCACCGAAAG-1,Monocytes
CD8dep_GGCTGGTGTCAGAAGC-1,Monocytes
CD8dep_GGCTGGTGTCATGCCG-1,Macrophages
CD8dep_GGCTGGTGTGTCGCTG-1,Monocytes
CD8dep_GGCTGGTTCTTTAGGG-1,Monocytes
CD8dep_GGGAATGAGCCAGTTT-1,Monocytes
CD8dep_GGGAATGAGCGTAATA-1,Monocytes
CD8dep_GGGAATGCAAGGGTCA-1,Granulocytes
CD8dep_GGGAATGCACACCGAC-1,Monocytes
CD8dep_GGGAATGCATGCCACG-1,Monocytes
CD8dep_GGGAATGGTAAACACA-1,Monocytes
CD8dep_GGGAATGGTACAGACG-1,Monocytes
CD8dep_GGGAATGGTGCGAAAC-1,Dendritic cells
CD8dep_GGGAATGGTGTGCGTC-1,Dendritic cells
CD8dep_GGGAATGTCAGTTGAC-1,Macrophages
CD8dep_GGGAATGTCCTATTCA-1,Monocytes
CD8dep_GGGAATGTCGTCGTTC-1,Monocytes
CD8dep_GGGAATGTCTAACTTC-1,Granulocytes
CD8dep_GGGAATGTCTGCTGCT-1,Monocytes
CD8dep_GGGACCTAGGTGGGTT-1,Monocytes
CD8dep_GGGACCTGTTCCCGAG-1,T cells
CD8dep_GGGACCTTCGCGTAGC-1,Monocytes
CD8dep_GGGACCTTCTCTAAGG-1,Monocytes
CD8dep_GGGACCTTCTGCTGTC-1,Monocytes
CD8dep_GGGACCTTCTGTACGA-1,Monocytes
CD8dep_GGGAGATAGAAACGCC-1,Macrophages
CD8dep_GGGAGATCACGCCAGT-1,Monocytes
CD8dep_GGGAGATCAGACACTT-1,Monocytes
CD8dep_GGGATGAAGCTAAGAT-1,Monocytes
CD8dep_GGGATGAAGTTATCGC-1,Monocytes
CD8dep_GGGATGACAGAGTGTG-1,Monocytes
CD8dep_GGGATGACAGGCAGTA-1,Monocytes
CD8dep_GGGATGACAGTCGATT-1,Macrophages
CD8dep_GGGATGAGTAGATTAG-1,Monocytes
CD8dep_GGGATGAGTCACAAGG-1,Dendritic cells
CD8dep_GGGCACTCAATAGCAA-1,Monocytes
CD8dep_GGGCACTCAGACAAAT-1,Monocytes
CD8dep_GGGCACTTCCACGACG-1,Monocytes
CD8dep_GGGCACTTCCCAAGTA-1,Monocytes
CD8dep_GGGCATCAGAGCTATA-1,Dendritic cells
CD8dep_GGGCATCAGCACGCCT-1,Monocytes
CD8dep_GGGCATCAGCCACGCT-1,Monocytes
CD8dep_GGGCATCCAAAGAATC-1,Monocytes
CD8dep_GGGCATCCAATGCCAT-1,Macrophages
CD8dep_GGGCATCCACACGCTG-1,Dendritic cells
CD8dep_GGGCATCCACTGTCGG-1,Monocytes
CD8dep_GGGCATCCACTTCGAA-1,Monocytes
CD8dep_GGGCATCCATCAGTCA-1,Monocytes
CD8dep_GGGCATCGTTCAGCGC-1,Monocytes
CD8dep_GGGCATCGTTGATTGC-1,Monocytes
CD8dep_GGGTCTGAGAGGTTGC-1,Monocytes
CD8dep_GGGTCTGAGGCCCTTG-1,Monocytes
CD8dep_GGGTCTGCACGCTTTC-1,Monocytes
CD8dep_GGGTCTGGTATATCCG-1,Monocytes
CD8dep_GGGTCTGGTCATATCG-1,Monocytes
CD8dep_GGGTCTGGTTATGTGC-1,Macrophages
CD8dep_GGGTCTGTCTGAGGGA-1,Monocytes
CD8dep_GGGTTGCAGACAGGCT-1,Dendritic cells
CD8dep_GGGTTGCAGCACACAG-1,Monocytes
CD8dep_GGGTTGCAGTCATCCA-1,Granulocytes
CD8dep_GGGTTGCAGTCTTGCA-1,Monocytes
CD8dep_GGGTTGCCAGCGTTCG-1,Monocytes
CD8dep_GGGTTGCGTACTCGCG-1,Macrophages
CD8dep_GGGTTGCGTAGTACCT-1,Adipocytes
CD8dep_GGGTTGCGTCTAGAGG-1,Monocytes
CD8dep_GGTATTGAGACTAGGC-1,Monocytes
CD8dep_GGTATTGAGGCAATTA-1,Monocytes
CD8dep_GGTATTGGTACTCGCG-1,Monocytes
CD8dep_GGTATTGGTATTCGTG-1,Dendritic cells
CD8dep_GGTATTGGTGCGAAAC-1,Monocytes
CD8dep_GGTATTGGTGTGAAAT-1,Dendritic cells
CD8dep_GGTATTGGTTAAGGGC-1,Monocytes
CD8dep_GGTATTGGTTCTGTTT-1,Monocytes
CD8dep_GGTATTGTCATAACCG-1,Monocytes
CD8dep_GGTATTGTCCCTTGCA-1,Monocytes
CD8dep_GGTATTGTCCTAAGTG-1,Monocytes
CD8dep_GGTATTGTCTCCCTGA-1,Monocytes
CD8dep_GGTATTGTCTGTCTAT-1,Macrophages
CD8dep_GGTGAAGAGCGTAGTG-1,Monocytes
CD8dep_GGTGAAGAGGCGCTCT-1,Monocytes
CD8dep_GGTGAAGAGTTAAGTG-1,Dendritic cells
CD8dep_GGTGAAGCAGCTATTG-1,Monocytes
CD8dep_GGTGAAGGTAAACCTC-1,Monocytes
CD8dep_GGTGAAGGTCAGAAGC-1,Monocytes
CD8dep_GGTGAAGGTTAAGTAG-1,Monocytes
CD8dep_GGTGAAGTCCGTCAAA-1,Monocytes
CD8dep_GGTGAAGTCTGCCAGG-1,Monocytes
CD8dep_GGTGCGTAGAAGGTGA-1,Monocytes
CD8dep_GGTGCGTAGATACACA-1,Monocytes
CD8dep_GGTGCGTAGCAGCGTA-1,Monocytes
CD8dep_GGTGCGTAGCCAGAAC-1,Monocytes
CD8dep_GGTGCGTAGCCCTAAT-1,Dendritic cells
CD8dep_GGTGCGTCAAGTTAAG-1,Granulocytes
CD8dep_GGTGCGTCAGTACACT-1,Monocytes
CD8dep_GGTGCGTCATGAGCGA-1,Monocytes
CD8dep_GGTGCGTGTAAATGAC-1,Monocytes
CD8dep_GGTGCGTGTCATGCAT-1,Monocytes
CD8dep_GGTGCGTGTTGGTTTG-1,Granulocytes
CD8dep_GGTGTTAAGAAACCAT-1,Macrophages
CD8dep_GGTGTTAAGCACCGCT-1,Monocytes
CD8dep_GGTGTTACAATTCCTT-1,Monocytes
CD8dep_GGTGTTACACGGATAG-1,Monocytes
CD8dep_GGTGTTACATCCTTGC-1,Macrophages
CD8dep_GGTGTTAGTACCAGTT-1,Monocytes
CD8dep_GGTGTTAGTCGGATCC-1,Monocytes
CD8dep_GGTGTTATCGTCTGAA-1,Monocytes
CD8dep_GTAACGTAGACCGGAT-1,Monocytes
CD8dep_GTAACGTAGTGGTAGC-1,Monocytes
CD8dep_GTAACGTGTGTGCGTC-1,Macrophages
CD8dep_GTAACGTGTTCGTGAT-1,Monocytes
CD8dep_GTAACGTGTTTGCATG-1,Monocytes
CD8dep_GTAACGTTCTTCAACT-1,Granulocytes
CD8dep_GTAACTGAGGCATGGT-1,Monocytes
CD8dep_GTAACTGAGGCTAGAC-1,Dendritic cells
CD8dep_GTAACTGCAACTTGAC-1,Monocytes
CD8dep_GTAACTGCAAGAGTCG-1,Monocytes
CD8dep_GTAACTGCACCGTTGG-1,Monocytes
CD8dep_GTAACTGCACGACGAA-1,Monocytes
CD8dep_GTAACTGGTGACCAAG-1,Fibroblasts
CD8dep_GTAACTGGTGCACTTA-1,Monocytes
CD8dep_GTAACTGGTGCGAAAC-1,Monocytes
CD8dep_GTAACTGGTTCAACCA-1,Monocytes
CD8dep_GTAACTGGTTCTGAAC-1,Monocytes
CD8dep_GTAACTGTCCGTCATC-1,Monocytes
CD8dep_GTACGTAAGCCACCTG-1,Monocytes
CD8dep_GTACGTACAAAGTCAA-1,Monocytes
CD8dep_GTACGTACAGGGATTG-1,Monocytes
CD8dep_GTACGTACATGCATGT-1,Macrophages
CD8dep_GTACGTAGTCACTGGC-1,Granulocytes
CD8dep_GTACGTAGTCGTGGCT-1,Monocytes
CD8dep_GTACGTAGTGACCAAG-1,Monocytes
CD8dep_GTACGTATCCCATTAT-1,Monocytes
CD8dep_GTACGTATCGGCGCTA-1,Monocytes
CD8dep_GTACGTATCGGCTTGG-1,Monocytes
CD8dep_GTACTCCCACACCGCA-1,Dendritic cells
CD8dep_GTACTCCCAGACGTAG-1,Monocytes
CD8dep_GTACTCCGTCATGCCG-1,Monocytes
CD8dep_GTACTCCGTCTGCGGT-1,Monocytes
CD8dep_GTACTCCTCCACGCAG-1,Monocytes
CD8dep_GTACTCCTCGGTTCGG-1,Monocytes
CD8dep_GTACTTTAGTAGCGGT-1,Granulocytes
CD8dep_GTACTTTAGTCGTACT-1,Monocytes
CD8dep_GTACTTTAGTGAACAT-1,Monocytes
CD8dep_GTACTTTCATGGTAGG-1,Monocytes
CD8dep_GTACTTTGTCCGACGT-1,Monocytes
CD8dep_GTACTTTGTGGTACAG-1,Monocytes
CD8dep_GTACTTTGTTACAGAA-1,Monocytes
CD8dep_GTACTTTTCGAGGTAG-1,Monocytes
CD8dep_GTACTTTTCGCCAAAT-1,Monocytes
CD8dep_GTACTTTTCTATCCTA-1,Monocytes
CD8dep_GTACTTTTCTTAGCCC-1,Monocytes
CD8dep_GTAGGCCAGCGATATA-1,Macrophages
CD8dep_GTAGGCCAGGTGCTAG-1,Monocytes
CD8dep_GTAGGCCAGTGGAGTC-1,Monocytes
CD8dep_GTAGGCCCATATACGC-1,Monocytes
CD8dep_GTAGGCCGTACTCTCC-1,Monocytes
CD8dep_GTAGGCCGTAGTACCT-1,Monocytes
CD8dep_GTAGGCCGTGGTCTCG-1,Monocytes
CD8dep_GTAGGCCGTTCGTTGA-1,Monocytes
CD8dep_GTAGTCAAGACCCACC-1,Granulocytes
CD8dep_GTAGTCAAGTGGTAAT-1,Monocytes
CD8dep_GTAGTCACAGTTCCCT-1,Monocytes
CD8dep_GTAGTCAGTGGACGAT-1,Macrophages
CD8dep_GTAGTCAGTGGTCCGT-1,Monocytes
CD8dep_GTAGTCAGTTAGATGA-1,Monocytes
CD8dep_GTAGTCATCACATAGC-1,Monocytes
CD8dep_GTAGTCATCACCGTAA-1,Monocytes
CD8dep_GTAGTCATCCGTCATC-1,Monocytes
CD8dep_GTAGTCATCTGATACG-1,Dendritic cells
CD8dep_GTATCTTAGCATCATC-1,Monocytes
CD8dep_GTATCTTCAGTCACTA-1,Monocytes
CD8dep_GTATCTTCATGAGCGA-1,Monocytes
CD8dep_GTATCTTGTAGCACGA-1,Monocytes
CD8dep_GTATCTTGTCGACTGC-1,Dendritic cells
CD8dep_GTATTCTAGGCTCTTA-1,Monocytes
CD8dep_GTATTCTAGTGAAGTT-1,Monocytes
CD8dep_GTATTCTCATACTACG-1,Macrophages
CD8dep_GTATTCTGTAAATGTG-1,Monocytes
CD8dep_GTATTCTGTTGGTAAA-1,Granulocytes
CD8dep_GTATTCTTCGAATGGG-1,Monocytes
CD8dep_GTCAAGTAGAGGTAGA-1,Monocytes
CD8dep_GTCAAGTAGTCGTACT-1,Monocytes
CD8dep_GTCAAGTAGTGTACGG-1,Monocytes
CD8dep_GTCAAGTCACACTGCG-1,Monocytes
CD8dep_GTCAAGTCAGGACCCT-1,Monocytes
CD8dep_GTCAAGTCAGGTTTCA-1,Monocytes
CD8dep_GTCAAGTGTCTCCCTA-1,Monocytes
CD8dep_GTCAAGTGTTCAACCA-1,Monocytes
CD8dep_GTCACAAAGAGTGAGA-1,Monocytes
CD8dep_GTCACAAAGCCGATTT-1,Monocytes
CD8dep_GTCACAAAGCTAACAA-1,Monocytes
CD8dep_GTCACAAAGTCCCACG-1,Monocytes
CD8dep_GTCACAAAGTTAACGA-1,Monocytes
CD8dep_GTCACAACAACACGCC-1,Monocytes
CD8dep_GTCACAACACCATCCT-1,Monocytes
CD8dep_GTCACAACAGACGCCT-1,Monocytes
CD8dep_GTCACAACAGATAATG-1,Monocytes
CD8dep_GTCACAAGTCATCGGC-1,Monocytes
CD8dep_GTCACAAGTCCCTACT-1,Monocytes
CD8dep_GTCACAAGTCGCGAAA-1,Monocytes
CD8dep_GTCACAAGTCTCCACT-1,Monocytes
CD8dep_GTCACAAGTTCCATGA-1,Monocytes
CD8dep_GTCACAATCACTCCTG-1,Monocytes
CD8dep_GTCACAATCACTTATC-1,Dendritic cells
CD8dep_GTCACAATCAGAAATG-1,Monocytes
CD8dep_GTCACAATCCGTAGTA-1,Monocytes
CD8dep_GTCACAATCGCCGTGA-1,Monocytes
CD8dep_GTCACGGCAAGCGAGT-1,Monocytes
CD8dep_GTCACGGCACAGATTC-1,Monocytes
CD8dep_GTCACGGCACATTTCT-1,Monocytes
CD8dep_GTCACGGCACGTAAGG-1,Monocytes
CD8dep_GTCACGGCAGCTCGAC-1,Dendritic cells
CD8dep_GTCACGGGTATCGCAT-1,Monocytes
CD8dep_GTCACGGTCAGTCCCT-1,Monocytes
CD8dep_GTCACGGTCAGTGTTG-1,Monocytes
CD8dep_GTCACGGTCGCGTAGC-1,Monocytes
CD8dep_GTCACGGTCTCTAGGA-1,Monocytes
CD8dep_GTCATTTAGCACACAG-1,Monocytes
CD8dep_GTCATTTAGGACCACA-1,Monocytes
CD8dep_GTCATTTAGGCAATTA-1,Monocytes
CD8dep_GTCATTTCAAACTGCT-1,Monocytes
CD8dep_GTCATTTCAAGCTGTT-1,Monocytes
CD8dep_GTCATTTGTATGAAAC-1,Dendritic cells
CD8dep_GTCATTTGTCCGAGTC-1,Monocytes
CD8dep_GTCATTTGTCTGATCA-1,Monocytes
CD8dep_GTCATTTGTGATAAAC-1,Monocytes
CD8dep_GTCATTTGTGTGGCTC-1,Monocytes
CD8dep_GTCATTTGTTTGACTG-1,Monocytes
CD8dep_GTCATTTTCAGGCCCA-1,Dendritic cells
CD8dep_GTCATTTTCCAACCAA-1,Monocytes
CD8dep_GTCATTTTCTTCCTTC-1,Monocytes
CD8dep_GTCCTCAAGCGTGAGT-1,Monocytes
CD8dep_GTCCTCAAGCTAACAA-1,Monocytes
CD8dep_GTCCTCAAGGCTCATT-1,Monocytes
CD8dep_GTCCTCAAGGGCACTA-1,Monocytes
CD8dep_GTCCTCACACCCTATC-1,Monocytes
CD8dep_GTCCTCACAGCTTCGG-1,Monocytes
CD8dep_GTCCTCATCAACCATG-1,Monocytes
CD8dep_GTCGGGTAGATACACA-1,Monocytes
CD8dep_GTCGGGTAGGCGATAC-1,Monocytes
CD8dep_GTCGGGTAGTACGTAA-1,Monocytes
CD8dep_GTCGGGTCACGTTGGC-1,Monocytes
CD8dep_GTCGGGTCAGCCAGAA-1,Monocytes
CD8dep_GTCGGGTCAGTGACAG-1,Monocytes
CD8dep_GTCGGGTGTATAAACG-1,Dendritic cells
CD8dep_GTCGGGTGTTGTTTGG-1,Monocytes
CD8dep_GTCGGGTTCCAAATGC-1,Monocytes
CD8dep_GTCGGGTTCGGTCTAA-1,Monocytes
CD8dep_GTCGGGTTCTGAGTGT-1,Monocytes
CD8dep_GTCGTAACAACACGCC-1,Monocytes
CD8dep_GTCGTAACAAGGTTCT-1,Monocytes
CD8dep_GTCGTAACACCAGATT-1,Monocytes
CD8dep_GTCGTAACAGTGGAGT-1,Dendritic cells
CD8dep_GTCGTAACATTAGCCA-1,Monocytes
CD8dep_GTCGTAAGTCTTCTCG-1,Monocytes
CD8dep_GTCGTAAGTTCAGTAC-1,Monocytes
CD8dep_GTCGTAATCCCAACGG-1,Monocytes
CD8dep_GTCGTAATCTAACTGG-1,Monocytes
CD8dep_GTCTCGTAGAGACTAT-1,Monocytes
CD8dep_GTCTCGTAGCGACGTA-1,Monocytes
CD8dep_GTCTCGTAGCTGTTCA-1,Monocytes
CD8dep_GTCTCGTAGGCTCTTA-1,Monocytes
CD8dep_GTCTCGTAGGGCTTGA-1,Monocytes
CD8dep_GTCTCGTAGGTGCTAG-1,Monocytes
CD8dep_GTCTCGTAGTACGTAA-1,Monocytes
CD8dep_GTCTCGTAGTGTTTGC-1,Fibroblasts
CD8dep_GTCTCGTGTCAGGACA-1,Granulocytes
CD8dep_GTCTCGTGTGCTGTAT-1,Monocytes
CD8dep_GTCTCGTGTTATGTGC-1,Macrophages
CD8dep_GTCTCGTTCAGTCCCT-1,Monocytes
CD8dep_GTCTCGTTCCGCGGTA-1,Monocytes
CD8dep_GTCTTCGAGAACTGTA-1,Dendritic cells
CD8dep_GTCTTCGAGAAGGGTA-1,Monocytes
CD8dep_GTCTTCGAGCTTCGCG-1,Macrophages
CD8dep_GTCTTCGAGGAGTACC-1,Monocytes
CD8dep_GTCTTCGAGTTTCCTT-1,Monocytes
CD8dep_GTCTTCGCAACGCACC-1,Dendritic cells
CD8dep_GTCTTCGGTAAACCTC-1,Monocytes
CD8dep_GTCTTCGGTATATGGA-1,Macrophages
CD8dep_GTCTTCGTCCAGATCA-1,T cells
CD8dep_GTCTTCGTCCGCATCT-1,Monocytes
CD8dep_GTCTTCGTCTCGAGTA-1,Macrophages
CD8dep_GTGAAGGAGCCATCGC-1,Monocytes
CD8dep_GTGAAGGAGTATTGGA-1,Monocytes
CD8dep_GTGAAGGCACCAGGTC-1,Monocytes
CD8dep_GTGAAGGCAGCGTCCA-1,Monocytes
CD8dep_GTGAAGGGTATCGCAT-1,Monocytes
CD8dep_GTGAAGGGTTATCACG-1,Monocytes
CD8dep_GTGAAGGGTTATGTGC-1,Monocytes
CD8dep_GTGAAGGGTTGGTGGA-1,Monocytes
CD8dep_GTGAAGGTCTGGGCCA-1,Macrophages
CD8dep_GTGCAGCCACAAGACG-1,T cells
CD8dep_GTGCAGCGTAAGGATT-1,Monocytes
CD8dep_GTGCAGCGTCATTAGC-1,Granulocytes
CD8dep_GTGCAGCGTCTAGAGG-1,Macrophages
CD8dep_GTGCAGCGTGATGTGG-1,Monocytes
CD8dep_GTGCAGCGTTCATGGT-1,Monocytes
CD8dep_GTGCATAAGTACATGA-1,Dendritic cells
CD8dep_GTGCATAAGTTCGATC-1,Monocytes
CD8dep_GTGCATACAGCTGTGC-1,Monocytes
CD8dep_GTGCATACAGTAAGCG-1,Monocytes
CD8dep_GTGCATACATTGGGCC-1,Monocytes
CD8dep_GTGCATAGTAAGGGCT-1,Monocytes
CD8dep_GTGCATAGTAGCAAAT-1,Granulocytes
CD8dep_GTGCATAGTCAACTGT-1,Monocytes
CD8dep_GTGCATAGTTGGACCC-1,Granulocytes
CD8dep_GTGCATATCATGTCTT-1,Dendritic cells
CD8dep_GTGCATATCCGAATGT-1,Monocytes
CD8dep_GTGCATATCCTTAATC-1,Fibroblasts
CD8dep_GTGCGGTAGCCCAACC-1,Monocytes
CD8dep_GTGCGGTAGCCGATTT-1,Monocytes
CD8dep_GTGCGGTAGCGATCCC-1,Monocytes
CD8dep_GTGCGGTAGCTAACAA-1,Granulocytes
CD8dep_GTGCGGTAGGGATCTG-1,Granulocytes
CD8dep_GTGCGGTCAAGGTTCT-1,Monocytes
CD8dep_GTGCGGTCACCGAATT-1,Monocytes
CD8dep_GTGCGGTCACGACTCG-1,Monocytes
CD8dep_GTGCGGTCAGAAGCAC-1,Monocytes
CD8dep_GTGCGGTGTAGCCTCG-1,Monocytes
CD8dep_GTGCGGTGTCGCTTCT-1,Monocytes
CD8dep_GTGCGGTGTTAGTGGG-1,Monocytes
CD8dep_GTGCGGTGTTCAGCGC-1,Monocytes
CD8dep_GTGCGGTGTTCGAATC-1,Monocytes
CD8dep_GTGCGGTGTTGAGGTG-1,Monocytes
CD8dep_GTGCGGTTCGGTCCGA-1,Monocytes
CD8dep_GTGCTTCAGGGATACC-1,Monocytes
CD8dep_GTGCTTCAGTTAACGA-1,Monocytes
CD8dep_GTGCTTCGTACTTCTT-1,Monocytes
CD8dep_GTGCTTCGTCCTCCAT-1,Monocytes
CD8dep_GTGCTTCGTTCACCTC-1,Monocytes
CD8dep_GTGCTTCTCGCAGGCT-1,Monocytes
CD8dep_GTGCTTCTCTCAAGTG-1,Monocytes
CD8dep_GTGCTTCTCTGGTATG-1,Monocytes
CD8dep_GTGGGTCAGACTTGAA-1,Monocytes
CD8dep_GTGGGTCAGATGTGGC-1,Monocytes
CD8dep_GTGGGTCAGTCCTCCT-1,Monocytes
CD8dep_GTGGGTCAGTCTCAAC-1,Dendritic cells
CD8dep_GTGGGTCAGTGTCCCG-1,Monocytes
CD8dep_GTGGGTCCAAGGTTCT-1,Monocytes
CD8dep_GTGGGTCGTGTGACGA-1,Monocytes
CD8dep_GTGGGTCGTTCCATGA-1,Monocytes
CD8dep_GTGTGCGAGAAGAAGC-1,Monocytes
CD8dep_GTGTGCGCATGGAATA-1,Monocytes
CD8dep_GTGTGCGCATTACGAC-1,Monocytes
CD8dep_GTGTGCGCATTGGTAC-1,Monocytes
CD8dep_GTGTGCGGTGTGACGA-1,Monocytes
CD8dep_GTGTGCGTCACAAACC-1,Dendritic cells
CD8dep_GTGTGCGTCACTCTTA-1,Monocytes
CD8dep_GTGTGCGTCAGTGCAT-1,Monocytes
CD8dep_GTGTGCGTCGGCGCTA-1,Monocytes
CD8dep_GTGTGCGTCTTTACAC-1,Monocytes
CD8dep_GTGTTAGAGGCTAGCA-1,Monocytes
CD8dep_GTGTTAGAGTAAGTAC-1,Monocytes
CD8dep_GTGTTAGCAGTCGATT-1,Monocytes
CD8dep_GTGTTAGCATGGTTGT-1,Monocytes
CD8dep_GTGTTAGGTGGCAAAC-1,Monocytes
CD8dep_GTGTTAGTCGACCAGC-1,Monocytes
CD8dep_GTGTTAGTCTCATTCA-1,Monocytes
CD8dep_GTTAAGCAGCCCGAAA-1,Macrophages
CD8dep_GTTAAGCAGCGAGAAA-1,Monocytes
CD8dep_GTTAAGCAGGATGGAA-1,Monocytes
CD8dep_GTTAAGCAGTACGCCC-1,Monocytes
CD8dep_GTTAAGCCAACGATGG-1,Macrophages
CD8dep_GTTAAGCCAACTGCGC-1,Monocytes
CD8dep_GTTAAGCCAATGAATG-1,Macrophages
CD8dep_GTTAAGCCATCAGTCA-1,Monocytes
CD8dep_GTTAAGCGTAAGTTCC-1,Dendritic cells
CD8dep_GTTAAGCGTCGAATCT-1,Dendritic cells
CD8dep_GTTAAGCGTGCTCTTC-1,Monocytes
CD8dep_GTTAAGCTCGGCGCTA-1,Monocytes
CD8dep_GTTAAGCTCGGCTACG-1,Monocytes
CD8dep_GTTACAGAGAAACGAG-1,Monocytes
CD8dep_GTTACAGAGAGGTACC-1,T cells
CD8dep_GTTACAGAGATGCCAG-1,Monocytes
CD8dep_GTTACAGCACAACGTT-1,Dendritic cells
CD8dep_GTTACAGCATGTTGAC-1,Dendritic cells
CD8dep_GTTACAGCATTCTCAT-1,Monocytes
CD8dep_GTTACAGGTGGCAAAC-1,Monocytes
CD8dep_GTTACAGGTGTTCGAT-1,Monocytes
CD8dep_GTTACAGGTTCCCTTG-1,Monocytes
CD8dep_GTTACAGTCACTTCAT-1,Granulocytes
CD8dep_GTTCATTAGAGCCCAA-1,Monocytes
CD8dep_GTTCATTAGGATGTAT-1,T cells
CD8dep_GTTCATTCAATAGAGT-1,Monocytes
CD8dep_GTTCATTCAGTACACT-1,Monocytes
CD8dep_GTTCATTCATGGGAAC-1,Monocytes
CD8dep_GTTCATTCATGGTAGG-1,Monocytes
CD8dep_GTTCATTTCACGATGT-1,Monocytes
CD8dep_GTTCATTTCATCGATG-1,Monocytes
CD8dep_GTTCATTTCTTGCATT-1,Monocytes
CD8dep_GTTCGGGAGATCACGG-1,Monocytes
CD8dep_GTTCGGGAGTTGTAGA-1,Monocytes
CD8dep_GTTCGGGCACCAGCAC-1,Macrophages
CD8dep_GTTCGGGTCACTTATC-1,Monocytes
CD8dep_GTTCGGGTCTGAAAGA-1,Monocytes
CD8dep_GTTCGGGTCTTGTTTG-1,Monocytes
CD8dep_GTTCGGGTCTTTACGT-1,Monocytes
CD8dep_GTTCTCGGTAGAGTGC-1,Monocytes
CD8dep_GTTCTCGGTCCATGAT-1,Monocytes
CD8dep_GTTCTCGGTGAAAGAG-1,Monocytes
CD8dep_GTTCTCGTCACTTATC-1,Macrophages
CD8dep_GTTCTCGTCCGTACAA-1,Granulocytes
CD8dep_GTTCTCGTCTTCTGGC-1,Dendritic cells
CD8dep_GTTTCTAAGAGACTTA-1,Monocytes
CD8dep_GTTTCTAAGCAGCCTC-1,Dendritic cells
CD8dep_GTTTCTAAGGTACTCT-1,Monocytes
CD8dep_GTTTCTACAAGGGTCA-1,Macrophages
CD8dep_GTTTCTACACAGACAG-1,Monocytes
CD8dep_GTTTCTACACGAAGCA-1,Dendritic cells
CD8dep_GTTTCTACATCGTCGG-1,Dendritic cells
CD8dep_GTTTCTAGTCCTCCAT-1,Monocytes
CD8dep_GTTTCTATCACTATTC-1,Monocytes
CD8dep_GTTTCTATCCTACAGA-1,Monocytes
CD8dep_GTTTCTATCGCCTGTT-1,Granulocytes
CD8dep_TAAACCGAGAACAATC-1,Monocytes
CD8dep_TAAACCGAGACGCAAC-1,Monocytes
CD8dep_TAAACCGCACGGTAAG-1,Dendritic cells
CD8dep_TAAACCGCATCGTCGG-1,Monocytes
CD8dep_TAAACCGGTAATTGGA-1,Monocytes
CD8dep_TAAACCGGTTCGGCAC-1,Monocytes
CD8dep_TAAACCGGTTGGTAAA-1,Monocytes
CD8dep_TAAGAGACATGTCGAT-1,Monocytes
CD8dep_TAAGAGAGTACTTGAC-1,Monocytes
CD8dep_TAAGAGAGTAGGCATG-1,Monocytes
CD8dep_TAAGAGATCGCCGTGA-1,Monocytes
CD8dep_TAAGAGATCTGATTCT-1,Macrophages
CD8dep_TAAGCGTAGACAGGCT-1,Monocytes
CD8dep_TAAGCGTAGCAGATCG-1,Monocytes
CD8dep_TAAGCGTAGGTAGCCA-1,Monocytes
CD8dep_TAAGCGTCAAACGTGG-1,Monocytes
CD8dep_TAAGCGTCAAAGCGGT-1,Monocytes
CD8dep_TAAGCGTCAAGTTGTC-1,Monocytes
CD8dep_TAAGCGTCAGTTAACC-1,Monocytes
CD8dep_TAAGCGTCAGTTCCCT-1,Monocytes
CD8dep_TAAGCGTTCTACTTAC-1,Macrophages
CD8dep_TAAGCGTTCTTCGAGA-1,Monocytes
CD8dep_TAAGTGCAGAGTAAGG-1,Monocytes
CD8dep_TAAGTGCAGATATGCA-1,Granulocytes
CD8dep_TAAGTGCAGATGGCGT-1,Monocytes
CD8dep_TAAGTGCAGCTGGAAC-1,Monocytes
CD8dep_TAAGTGCAGGCCCTCA-1,Monocytes
CD8dep_TAAGTGCAGTTTAGGA-1,Monocytes
CD8dep_TAAGTGCCAACTGCTA-1,T cells
CD8dep_TAAGTGCCACAGTCGC-1,Monocytes
CD8dep_TAAGTGCCACCACGTG-1,Monocytes
CD8dep_TAAGTGCCACCTATCC-1,Monocytes
CD8dep_TAAGTGCCACGACGAA-1,Monocytes
CD8dep_TAAGTGCCACGGCCAT-1,Monocytes
CD8dep_TAAGTGCTCCAGTATG-1,Monocytes
CD8dep_TAAGTGCTCGGTGTCG-1,Monocytes
CD8dep_TACACGAAGGCAGGTT-1,Monocytes
CD8dep_TACACGAAGTAAGTAC-1,Monocytes
CD8dep_TACACGACATCTGGTA-1,Macrophages
CD8dep_TACACGAGTAGCTTGT-1,Monocytes
CD8dep_TACACGAGTCGACTGC-1,Monocytes
CD8dep_TACACGAGTGAGTGAC-1,Monocytes
CD8dep_TACACGAGTGCCTTGG-1,Monocytes
CD8dep_TACAGTGAGCCGATTT-1,Monocytes
CD8dep_TACAGTGAGGCGTACA-1,Monocytes
CD8dep_TACAGTGGTCCGACGT-1,Monocytes
CD8dep_TACAGTGGTTGGTGGA-1,Monocytes
CD8dep_TACAGTGTCCTGTACC-1,Monocytes
CD8dep_TACAGTGTCCTTGGTC-1,Monocytes
CD8dep_TACAGTGTCTATCCTA-1,Macrophages
CD8dep_TACCTATAGGCATGTG-1,Macrophages
CD8dep_TACCTATAGGTGATAT-1,Dendritic cells
CD8dep_TACCTATCACCACGTG-1,Monocytes
CD8dep_TACCTATCAGGCTGAA-1,Monocytes
CD8dep_TACCTATGTCGCTTCT-1,Dendritic cells
CD8dep_TACCTATTCATGCTCC-1,Monocytes
CD8dep_TACCTTACAATGGAAT-1,Monocytes
CD8dep_TACCTTACACAGTCGC-1,Dendritic cells
CD8dep_TACCTTACAGGGTTAG-1,Monocytes
CD8dep_TACCTTACAGTCCTTC-1,Monocytes
CD8dep_TACCTTAGTTTGTTTC-1,Monocytes
CD8dep_TACCTTATCCTTTCTC-1,Monocytes
CD8dep_TACCTTATCGACAGCC-1,Dendritic cells
CD8dep_TACCTTATCGTCCGTT-1,Monocytes
CD8dep_TACGGATAGAGGTTGC-1,Monocytes
CD8dep_TACGGATAGATCCTGT-1,Monocytes
CD8dep_TACGGATAGTAACCCT-1,Monocytes
CD8dep_TACGGATAGTAGATGT-1,Monocytes
CD8dep_TACGGATAGTCCGGTC-1,Macrophages
CD8dep_TACGGATCACTTACGA-1,Monocytes
CD8dep_TACGGATCATCAGTCA-1,Monocytes
CD8dep_TACGGATGTACCCAAT-1,Monocytes
CD8dep_TACGGATGTCACCTAA-1,Monocytes
CD8dep_TACGGATTCCCTTGTG-1,Monocytes
CD8dep_TACGGATTCCGTAGGC-1,Granulocytes
CD8dep_TACGGATTCCTAGTGA-1,Monocytes
CD8dep_TACGGATTCCTCATTA-1,Monocytes
CD8dep_TACGGATTCGGCATCG-1,Monocytes
CD8dep_TACGGGCCAATTGCTG-1,Monocytes
CD8dep_TACGGGCGTGCACCAC-1,Monocytes
CD8dep_TACGGGCTCTCTGAGA-1,Monocytes
CD8dep_TACGGGCTCTGTACGA-1,Monocytes
CD8dep_TACGGGCTCTGTGCAA-1,Monocytes
CD8dep_TACGGTAAGCAGGCTA-1,Monocytes
CD8dep_TACGGTACAATAAGCA-1,Monocytes
CD8dep_TACGGTAGTAAACGCG-1,Monocytes
CD8dep_TACGGTAGTTCCACTC-1,Monocytes
CD8dep_TACTCATAGCGCCTCA-1,Monocytes
CD8dep_TACTCATAGCGCCTTG-1,Monocytes
CD8dep_TACTCATAGTTAGCGG-1,Dendritic cells
CD8dep_TACTCATCAGACGCCT-1,Monocytes
CD8dep_TACTCATGTAAATGAC-1,Monocytes
CD8dep_TACTCATGTTAGGGTG-1,Monocytes
CD8dep_TACTCATGTTATGCGT-1,Granulocytes
CD8dep_TACTCATTCGTATCAG-1,Macrophages
CD8dep_TACTCGCAGACCCACC-1,Granulocytes
CD8dep_TACTCGCAGCGATTCT-1,Monocytes
CD8dep_TACTCGCAGTGCTGCC-1,Monocytes
CD8dep_TACTCGCCAATCCAAC-1,Monocytes
CD8dep_TACTCGCCACATTAGC-1,Monocytes
CD8dep_TACTCGCCATCACAAC-1,Macrophages
CD8dep_TACTCGCCATGTAGTC-1,Granulocytes
CD8dep_TACTCGCGTCTTCTCG-1,Monocytes
CD8dep_TACTCGCGTTGCCTCT-1,Monocytes
CD8dep_TACTCGCTCATGTCTT-1,Monocytes
CD8dep_TACTCGCTCATTATCC-1,Monocytes
CD8dep_TACTCGCTCCTGTACC-1,Monocytes
CD8dep_TACTCGCTCTCTAGGA-1,Monocytes
CD8dep_TACTTACGTAGCCTCG-1,Dendritic cells
CD8dep_TACTTACGTGACCAAG-1,Monocytes
CD8dep_TACTTACTCGCAGGCT-1,Macrophages
CD8dep_TACTTGTAGATCCGAG-1,Monocytes
CD8dep_TACTTGTCACTGTCGG-1,Macrophages
CD8dep_TACTTGTCAGGACGTA-1,Monocytes
CD8dep_TACTTGTGTATCGCAT-1,Monocytes
CD8dep_TACTTGTTCTTGCAAG-1,Monocytes
CD8dep_TAGACCAAGTTTAGGA-1,Monocytes
CD8dep_TAGACCACAATCAGAA-1,Monocytes
CD8dep_TAGACCAGTACAGCAG-1,Monocytes
CD8dep_TAGACCAGTCTAAAGA-1,Monocytes
CD8dep_TAGACCAGTTCGCTAA-1,Macrophages
CD8dep_TAGACCATCACAACGT-1,Monocytes
CD8dep_TAGACCATCACTTATC-1,Monocytes
CD8dep_TAGACCATCCCAAGTA-1,Monocytes
CD8dep_TAGAGCTAGAATTCCC-1,Monocytes
CD8dep_TAGAGCTAGAGACTTA-1,Monocytes
CD8dep_TAGAGCTAGTGGTAGC-1,Monocytes
CD8dep_TAGAGCTCATACAGCT-1,Monocytes
CD8dep_TAGAGCTCATTCGACA-1,Monocytes
CD8dep_TAGAGCTGTAAGCACG-1,Monocytes
CD8dep_TAGAGCTTCCGTACAA-1,Monocytes
CD8dep_TAGCCGGAGACAAGCC-1,Granulocytes
CD8dep_TAGCCGGAGACCTTTG-1,Monocytes
CD8dep_TAGCCGGCAAGTCATC-1,Granulocytes
CD8dep_TAGCCGGCAGGACCCT-1,Monocytes
CD8dep_TAGCCGGCAGTATGCT-1,Monocytes
CD8dep_TAGCCGGGTATGAAAC-1,Monocytes
CD8dep_TAGCCGGGTGTGCCTG-1,Monocytes
CD8dep_TAGCCGGGTTGGTGGA-1,Monocytes
CD8dep_TAGCCGGTCATCATTC-1,Dendritic cells
CD8dep_TAGGCATAGCCACCTG-1,Monocytes
CD8dep_TAGGCATCACAACGCC-1,Monocytes
CD8dep_TAGGCATCAGACTCGC-1,Granulocytes
CD8dep_TAGGCATGTAAGGATT-1,Macrophages
CD8dep_TAGGCATGTTTCCACC-1,Monocytes
CD8dep_TAGGCATTCAGCAACT-1,Macrophages
CD8dep_TAGGCATTCAGCATGT-1,Dendritic cells
CD8dep_TAGGCATTCTAACTGG-1,Monocytes
CD8dep_TAGTGGTAGAAGGCCT-1,Monocytes
CD8dep_TAGTGGTAGAATCTCC-1,Monocytes
CD8dep_TAGTGGTAGACTCGGA-1,Monocytes
CD8dep_TAGTGGTAGTCAAGGC-1,Macrophages
CD8dep_TAGTGGTCAATCTGCA-1,Monocytes
CD8dep_TAGTGGTCAATGGTCT-1,Monocytes
CD8dep_TAGTGGTCACCCATTC-1,Monocytes
CD8dep_TAGTGGTCACTCTGTC-1,Monocytes
CD8dep_TAGTGGTGTCAGAAGC-1,Monocytes
CD8dep_TAGTGGTGTCGGCTCA-1,Monocytes
CD8dep_TAGTGGTTCGCAGGCT-1,Monocytes
CD8dep_TAGTTGGAGACAATAC-1,Granulocytes
CD8dep_TAGTTGGAGAGGTTAT-1,Monocytes
CD8dep_TAGTTGGAGGTTACCT-1,Monocytes
CD8dep_TAGTTGGAGTGCGTGA-1,Monocytes
CD8dep_TAGTTGGAGTGTACCT-1,Dendritic cells
CD8dep_TAGTTGGAGTTAGCGG-1,Monocytes
CD8dep_TAGTTGGCAAGTTCTG-1,Monocytes
CD8dep_TAGTTGGCACGGTAAG-1,Monocytes
CD8dep_TAGTTGGGTCTGCAAT-1,Monocytes
CD8dep_TAGTTGGGTTGGACCC-1,Monocytes
CD8dep_TAGTTGGTCCGAAGAG-1,Monocytes
CD8dep_TAGTTGGTCCGTCATC-1,Monocytes
CD8dep_TATCAGGAGAATCTCC-1,Monocytes
CD8dep_TATCAGGAGACTCGGA-1,Monocytes
CD8dep_TATCAGGAGCCCAACC-1,Monocytes
CD8dep_TATCAGGAGCGAAGGG-1,Monocytes
CD8dep_TATCAGGAGTCAAGGC-1,Monocytes
CD8dep_TATCAGGCAATAAGCA-1,Monocytes
CD8dep_TATCAGGCACGCTTTC-1,Monocytes
CD8dep_TATCAGGTCATCTGCC-1,Monocytes
CD8dep_TATCAGGTCTCAACTT-1,Monocytes
CD8dep_TATCTCAAGAGACTAT-1,Macrophages
CD8dep_TATCTCACACAGACAG-1,Monocytes
CD8dep_TATCTCACAGGCTCAC-1,Monocytes
CD8dep_TATCTCACATACAGCT-1,Monocytes
CD8dep_TATCTCAGTACCCAAT-1,Monocytes
CD8dep_TATCTCAGTCATACTG-1,Monocytes
CD8dep_TATCTCAGTCCAGTTA-1,Dendritic cells
CD8dep_TATCTCAGTCTCATCC-1,Monocytes
CD8dep_TATCTCAGTTGAGGTG-1,Monocytes
CD8dep_TATCTCATCCTCCTAG-1,Monocytes
CD8dep_TATGCCCAGCTGAACG-1,Monocytes
CD8dep_TATGCCCAGGCCATAG-1,Monocytes
CD8dep_TATGCCCAGGTAGCTG-1,Monocytes
CD8dep_TATGCCCAGTGTACGG-1,Monocytes
CD8dep_TATGCCCCACCTCGTT-1,Monocytes
CD8dep_TATGCCCCAGGGCATA-1,Monocytes
CD8dep_TATGCCCCAGTGGGAT-1,Monocytes
CD8dep_TATGCCCCATTAGCCA-1,Monocytes
CD8dep_TATGCCCGTAGCTGCC-1,Monocytes
CD8dep_TATGCCCGTCCGCTGA-1,Monocytes
CD8dep_TATGCCCTCGGTCCGA-1,Monocytes
CD8dep_TATTACCCATAGACTC-1,Monocytes
CD8dep_TATTACCCATCTCGCT-1,Macrophages
CD8dep_TATTACCGTAATTGGA-1,Monocytes
CD8dep_TATTACCGTCTCTCTG-1,Monocytes
CD8dep_TATTACCGTGTAATGA-1,Monocytes
CD8dep_TATTACCGTGTCCTCT-1,Monocytes
CD8dep_TATTACCGTTCGGGCT-1,Monocytes
CD8dep_TATTACCTCCACTCCA-1,T cells
CD8dep_TCAACGAAGAAACCAT-1,Monocytes
CD8dep_TCAACGAAGACATAAC-1,Macrophages
CD8dep_TCAACGAAGACTTGAA-1,Monocytes
CD8dep_TCAACGAAGCCAGTTT-1,Monocytes
CD8dep_TCAACGAAGCGATCCC-1,Monocytes
CD8dep_TCAACGAAGGGCATGT-1,Monocytes
CD8dep_TCAACGAAGTCGTACT-1,Monocytes
CD8dep_TCAACGAAGTTGTAGA-1,Monocytes
CD8dep_TCAACGACAAACGCGA-1,Monocytes
CD8dep_TCAACGACAAGTCTAC-1,Dendritic cells
CD8dep_TCAACGACAGCTGTGC-1,Monocytes
CD8dep_TCAACGACAGTGGAGT-1,Dendritic cells
CD8dep_TCAACGAGTGTTGGGA-1,Monocytes
CD8dep_TCAACGAGTTCAGACT-1,Dendritic cells
CD8dep_TCAACGATCATACGGT-1,Monocytes
CD8dep_TCAACGATCCCTGACT-1,Monocytes
CD8dep_TCAACGATCTACGAGT-1,Monocytes
CD8dep_TCAACGATCTGGTGTA-1,Monocytes
CD8dep_TCAATCTAGTGTTTGC-1,Macrophages
CD8dep_TCAATCTCAATGGATA-1,Monocytes
CD8dep_TCAATCTCATCGGAAG-1,Monocytes
CD8dep_TCAATCTGTCAATACC-1,Monocytes
CD8dep_TCAATCTGTCCCTACT-1,Monocytes
CD8dep_TCAATCTGTTCAGCGC-1,Monocytes
CD8dep_TCAATCTTCTATGTGG-1,Dendritic cells
CD8dep_TCACAAGAGAAGCCCA-1,Macrophages
CD8dep_TCACAAGCAATTGCTG-1,Monocytes
CD8dep_TCACAAGCAGGTCTCG-1,Monocytes
CD8dep_TCACAAGCATTACGAC-1,Monocytes
CD8dep_TCACAAGGTAGCGTGA-1,Monocytes
CD8dep_TCACAAGGTGAAAGAG-1,Monocytes
CD8dep_TCACAAGGTGTTAAGA-1,Monocytes
CD8dep_TCACAAGTCTACGAGT-1,Monocytes
CD8dep_TCACGAAAGGTGCAAC-1,Monocytes
CD8dep_TCACGAACAATGGACG-1,Monocytes
CD8dep_TCACGAAGTATATGGA-1,Monocytes
CD8dep_TCACGAATCGTTTGCC-1,Monocytes
CD8dep_TCACGAATCTCAAACG-1,Macrophages
CD8dep_TCAGATGAGTCACGCC-1,Macrophages
CD8dep_TCAGATGCAAAGTGCG-1,Dendritic cells
CD8dep_TCAGATGCATCATCCC-1,Monocytes
CD8dep_TCAGATGCATCGGACC-1,Macrophages
CD8dep_TCAGATGGTCTAAAGA-1,Macrophages
CD8dep_TCAGATGGTCTGGAGA-1,Dendritic cells
CD8dep_TCAGATGGTTAAGACA-1,Monocytes
CD8dep_TCAGATGGTTGCGTTA-1,Monocytes
CD8dep_TCAGATGTCAGCTCGG-1,Monocytes
CD8dep_TCAGATGTCAGGCAAG-1,Monocytes
CD8dep_TCAGCAACAAACCTAC-1,Macrophages
CD8dep_TCAGCAACAGACGCAA-1,Macrophages
CD8dep_TCAGCAACAGGCTCAC-1,Monocytes
CD8dep_TCAGCAACATCGTCGG-1,Monocytes
CD8dep_TCAGCAACATGCAACT-1,Monocytes
CD8dep_TCAGCAAGTAGTACCT-1,Dendritic cells
CD8dep_TCAGCAAGTCTGCGGT-1,Monocytes
CD8dep_TCAGCAAGTCTGGAGA-1,Monocytes
CD8dep_TCAGCAAGTGGACGAT-1,Monocytes
CD8dep_TCAGCAATCCTTGACC-1,Monocytes
CD8dep_TCAGCAATCCTTGGTC-1,Monocytes
CD8dep_TCAGCTCAGGACTGGT-1,Monocytes
CD8dep_TCAGCTCAGTCAATAG-1,Monocytes
CD8dep_TCAGCTCCAAGGCTCC-1,Monocytes
CD8dep_TCAGCTCCAAGTTAAG-1,Macrophages
CD8dep_TCAGCTCGTACTTCTT-1,Monocytes
CD8dep_TCAGCTCGTCTTCAAG-1,Monocytes
CD8dep_TCAGCTCGTTAAGATG-1,Monocytes
CD8dep_TCAGCTCTCACTTACT-1,Monocytes
CD8dep_TCAGGATAGCGCTTAT-1,Monocytes
CD8dep_TCAGGATAGCTTCGCG-1,Monocytes
CD8dep_TCAGGATAGGTACTCT-1,Monocytes
CD8dep_TCAGGATCAAGTCTGT-1,Dendritic cells
CD8dep_TCAGGATCAATGTAAG-1,Monocytes
CD8dep_TCAGGATCACAACGTT-1,Granulocytes
CD8dep_TCAGGATCATATGGTC-1,Monocytes
CD8dep_TCAGGATGTACAGTGG-1,Granulocytes
CD8dep_TCAGGATGTGTTGGGA-1,Granulocytes
CD8dep_TCAGGATTCCGCATCT-1,Monocytes
CD8dep_TCAGGATTCCTGCAGG-1,Monocytes
CD8dep_TCAGGTAAGCGTCTAT-1,Monocytes
CD8dep_TCAGGTAAGTTATCGC-1,Monocytes
CD8dep_TCAGGTAAGTTGTCGT-1,Monocytes
CD8dep_TCAGGTACACGGACAA-1,Monocytes
CD8dep_TCAGGTACAGCCAGAA-1,Macrophages
CD8dep_TCAGGTAGTAAGAGAG-1,Monocytes
CD8dep_TCAGGTAGTCGAGATG-1,Dendritic cells
CD8dep_TCAGGTAGTTGTGGAG-1,Monocytes
CD8dep_TCAGGTATCCGGCACA-1,Monocytes
CD8dep_TCATTACAGACCTAGG-1,Dendritic cells
CD8dep_TCATTACAGAGTTGGC-1,Monocytes
CD8dep_TCATTACAGCATGGCA-1,Monocytes
CD8dep_TCATTACAGCCCAGCT-1,Macrophages
CD8dep_TCATTACAGCTCCCAG-1,Monocytes
CD8dep_TCATTACAGTGAAGAG-1,Dendritic cells
CD8dep_TCATTACCAGTCCTTC-1,Dendritic cells
CD8dep_TCATTACCATCCTTGC-1,Monocytes
CD8dep_TCATTACGTAGATTAG-1,Monocytes
CD8dep_TCATTACGTATAAACG-1,Monocytes
CD8dep_TCATTACGTCCCTTGT-1,Monocytes
CD8dep_TCATTACTCAGAGACG-1,Granulocytes
CD8dep_TCATTACTCATCACCC-1,Monocytes
CD8dep_TCATTACTCGCCTGAG-1,Monocytes
CD8dep_TCATTACTCGGCGCTA-1,Dendritic cells
CD8dep_TCATTTGAGACCGGAT-1,Dendritic cells
CD8dep_TCATTTGAGTAAGTAC-1,Monocytes
CD8dep_TCATTTGCACACTGCG-1,Monocytes
CD8dep_TCATTTGCACTGTTAG-1,Monocytes
CD8dep_TCATTTGCATCGATGT-1,Monocytes
CD8dep_TCATTTGCATTAGGCT-1,Monocytes
CD8dep_TCATTTGCATTTCACT-1,Dendritic cells
CD8dep_TCATTTGGTCAAGCGA-1,Monocytes
CD8dep_TCCACACAGATGCGAC-1,Monocytes
CD8dep_TCCACACCACGAGGTA-1,Monocytes
CD8dep_TCCACACCATCACGTA-1,Macrophages
CD8dep_TCCACACCATTCCTGC-1,Monocytes
CD8dep_TCCACACGTAAACCTC-1,Monocytes
CD8dep_TCCACACGTCCTAGCG-1,Monocytes
CD8dep_TCCACACTCCACTCCA-1,Monocytes
CD8dep_TCCACACTCGTGGTCG-1,Monocytes
CD8dep_TCCCGATAGCCCAACC-1,Dendritic cells
CD8dep_TCCCGATAGCTAACAA-1,Monocytes
CD8dep_TCCCGATAGGAGTTGC-1,Monocytes
CD8dep_TCCCGATAGTGAAGAG-1,Adipocytes
CD8dep_TCCCGATCATTGGCGC-1,Monocytes
CD8dep_TCCCGATGTGACCAAG-1,Monocytes
CD8dep_TCCCGATGTGCTCTTC-1,Monocytes
CD8dep_TCCCGATTCAGCGACC-1,Monocytes
CD8dep_TCCCGATTCGTGACAT-1,Monocytes
CD8dep_TCCCGATTCTAGAGTC-1,Macrophages
CD8dep_TCCCGATTCTGGTATG-1,Monocytes
CD8dep_TCGAGGCAGCAGCGTA-1,Monocytes
CD8dep_TCGAGGCCAGTGGGAT-1,Monocytes
CD8dep_TCGAGGCCATCCTTGC-1,Monocytes
CD8dep_TCGAGGCGTCATCGGC-1,Monocytes
CD8dep_TCGAGGCGTCTGCAAT-1,Monocytes
CD8dep_TCGAGGCTCCGCGGTA-1,Monocytes
CD8dep_TCGAGGCTCTCGCATC-1,Monocytes
CD8dep_TCGCGAGAGCCGCCTA-1,Monocytes
CD8dep_TCGCGAGAGCTGTTCA-1,Monocytes
CD8dep_TCGCGAGCAACCGCCA-1,Monocytes
CD8dep_TCGCGAGCAGGAATCG-1,Dendritic cells
CD8dep_TCGCGAGCAGGGTATG-1,Monocytes
CD8dep_TCGCGAGCATGGTCTA-1,Monocytes
CD8dep_TCGCGAGTCAAAGTAG-1,Monocytes
CD8dep_TCGCGAGTCGCGCCAA-1,Monocytes
CD8dep_TCGCGTTAGCTGAAAT-1,Granulocytes
CD8dep_TCGCGTTAGGGATCTG-1,Monocytes
CD8dep_TCGCGTTGTAAGAGAG-1,Monocytes
CD8dep_TCGCGTTGTACCATCA-1,Monocytes
CD8dep_TCGCGTTGTACCGTTA-1,Monocytes
CD8dep_TCGCGTTGTCGTGGCT-1,Monocytes
CD8dep_TCGCGTTTCAATAAGG-1,Monocytes
CD8dep_TCGCGTTTCCAGATCA-1,Monocytes
CD8dep_TCGCGTTTCTGCGGCA-1,Granulocytes
CD8dep_TCGGGACAGGGTCTCC-1,Dendritic cells
CD8dep_TCGGGACAGTATGACA-1,Monocytes
CD8dep_TCGGGACCAATACGCT-1,Dendritic cells
CD8dep_TCGGGACGTATAAACG-1,Dendritic cells
CD8dep_TCGGGACGTATATCCG-1,Monocytes
CD8dep_TCGGGACTCAACTCTT-1,Monocytes
CD8dep_TCGGGACTCCCAGGTG-1,Monocytes
CD8dep_TCGGTAAAGAGTACAT-1,Macrophages
CD8dep_TCGGTAAGTAAGCACG-1,Monocytes
CD8dep_TCGGTAATCAATCACG-1,Monocytes
CD8dep_TCGGTAATCTGGAGCC-1,Macrophages
CD8dep_TCGTACCAGACCTAGG-1,Monocytes
CD8dep_TCGTACCGTACTCTCC-1,Monocytes
CD8dep_TCGTACCGTAGCTTGT-1,Monocytes
CD8dep_TCGTACCGTCTCGTTC-1,Monocytes
CD8dep_TCGTACCGTTTCCACC-1,Monocytes
CD8dep_TCGTACCTCAGTTGAC-1,Monocytes
CD8dep_TCGTACCTCCACTCCA-1,Monocytes
CD8dep_TCGTACCTCTGTCTCG-1,Monocytes
CD8dep_TCGTACCTCTGTTTGT-1,Monocytes
CD8dep_TCGTACCTCTTAGAGC-1,Dendritic cells
CD8dep_TCGTAGAAGCAATCTC-1,Dendritic cells
CD8dep_TCGTAGAAGCATGGCA-1,Monocytes
CD8dep_TCGTAGAAGCGCCTTG-1,Monocytes
CD8dep_TCGTAGACAATCCAAC-1,Dendritic cells
CD8dep_TCGTAGACAGATGGGT-1,Macrophages
CD8dep_TCGTAGAGTTACGCGC-1,Monocytes
CD8dep_TCGTAGATCTGGTGTA-1,Monocytes
CD8dep_TCTATTGAGACTTTCG-1,Monocytes
CD8dep_TCTATTGCACAGGCCT-1,Monocytes
CD8dep_TCTATTGGTTAAGATG-1,Monocytes
CD8dep_TCTATTGTCCAGTATG-1,Dendritic cells
CD8dep_TCTATTGTCCGTAGTA-1,Macrophages
CD8dep_TCTATTGTCGTCTGCT-1,Monocytes
CD8dep_TCTCATAAGGATGTAT-1,Monocytes
CD8dep_TCTCATACAACACGCC-1,Monocytes
CD8dep_TCTCATACACATTAGC-1,Monocytes
CD8dep_TCTCATACACTTAACG-1,Dendritic cells
CD8dep_TCTCATACAGCCACCA-1,Monocytes
CD8dep_TCTCTAAAGCCCAACC-1,T cells
CD8dep_TCTCTAAAGTGCTGCC-1,Monocytes
CD8dep_TCTCTAACAAAGGTGC-1,Granulocytes
CD8dep_TCTCTAACACATGGGA-1,Monocytes
CD8dep_TCTCTAACATCGGAAG-1,Monocytes
CD8dep_TCTCTAAGTAAAGGAG-1,Monocytes
CD8dep_TCTCTAAGTAGTGAAT-1,Monocytes
CD8dep_TCTCTAATCAACGAAA-1,Monocytes
CD8dep_TCTCTAATCACATAGC-1,Granulocytes
CD8dep_TCTCTAATCCCACTTG-1,Dendritic cells
CD8dep_TCTCTAATCCGTCATC-1,Monocytes
CD8dep_TCTGAGAAGACAAGCC-1,Monocytes
CD8dep_TCTGAGAAGAGCCTAG-1,Monocytes
CD8dep_TCTGAGACAATAACGA-1,Monocytes
CD8dep_TCTGAGAGTCTGGTCG-1,Macrophages
CD8dep_TCTGAGATCCAGGGCT-1,Dendritic cells
CD8dep_TCTGAGATCCGCGCAA-1,Dendritic cells
CD8dep_TCTGAGATCGGAATCT-1,Monocytes
CD8dep_TCTGGAAAGACCACGA-1,Monocytes
CD8dep_TCTGGAACACAGACAG-1,Monocytes
CD8dep_TCTGGAAGTACAGTGG-1,Monocytes
CD8dep_TCTGGAAGTTGGTTTG-1,Dendritic cells
CD8dep_TCTGGAATCCATGCTC-1,Dendritic cells
CD8dep_TCTGGAATCTGCCCTA-1,Monocytes
CD8dep_TCTTCGGAGAATGTGT-1,Monocytes
CD8dep_TCTTCGGAGACCGGAT-1,Monocytes
CD8dep_TCTTCGGAGCGACGTA-1,Monocytes
CD8dep_TCTTCGGAGCTTATCG-1,Monocytes
CD8dep_TCTTCGGCAAACAACA-1,Dendritic cells
CD8dep_TCTTCGGCACAAGACG-1,Monocytes
CD8dep_TCTTCGGCAGCGTTCG-1,Dendritic cells
CD8dep_TCTTCGGGTCTAGGTT-1,Monocytes
CD8dep_TCTTCGGGTGTCTGAT-1,Monocytes
CD8dep_TCTTCGGGTTATTCTC-1,Monocytes
CD8dep_TCTTCGGGTTTGGCGC-1,Macrophages
CD8dep_TCTTCGGTCACCCGAG-1,Monocytes
CD8dep_TCTTCGGTCATAAAGG-1,Monocytes
CD8dep_TCTTTCCAGACGCACA-1,Monocytes
CD8dep_TCTTTCCAGGAGTAGA-1,Monocytes
CD8dep_TCTTTCCAGTGGTAAT-1,Monocytes
CD8dep_TCTTTCCCAACTGCTA-1,Macrophages
CD8dep_TCTTTCCCACATGGGA-1,Monocytes
CD8dep_TCTTTCCCACCCTATC-1,Monocytes
CD8dep_TCTTTCCGTAGAAAGG-1,Monocytes
CD8dep_TCTTTCCGTGCCTGTG-1,Dendritic cells
CD8dep_TCTTTCCGTGTCAATC-1,Monocytes
CD8dep_TCTTTCCGTTACCGAT-1,Monocytes
CD8dep_TCTTTCCTCAGGTAAA-1,Monocytes
CD8dep_TCTTTCCTCATATCGG-1,Monocytes
CD8dep_TCTTTCCTCGTGTAGT-1,Monocytes
CD8dep_TGAAAGAAGTGGAGAA-1,Monocytes
CD8dep_TGAAAGAAGTGGTAAT-1,Monocytes
CD8dep_TGAAAGACACCGAATT-1,Monocytes
CD8dep_TGAAAGACACTTCTGC-1,Monocytes
CD8dep_TGAAAGACAGATGGGT-1,Monocytes
CD8dep_TGAAAGAGTCCCTTGT-1,Monocytes
CD8dep_TGAAAGAGTGGCTCCA-1,Monocytes
CD8dep_TGAAAGAGTGTTGGGA-1,T cells
CD8dep_TGAAAGATCCAGGGCT-1,Macrophages
CD8dep_TGAAAGATCGAGGTAG-1,Monocytes
CD8dep_TGACAACAGAGGTTGC-1,Monocytes
CD8dep_TGACAACAGATATGGT-1,Monocytes
CD8dep_TGACAACAGCCCTAAT-1,Monocytes
CD8dep_TGACAACAGGAGCGAG-1,Monocytes
CD8dep_TGACAACAGTGTACCT-1,Monocytes
CD8dep_TGACAACGTATCACCA-1,Dendritic cells
CD8dep_TGACAACGTCCAGTTA-1,Monocytes
CD8dep_TGACAACTCACAGGCC-1,Monocytes
CD8dep_TGACAACTCTTTAGGG-1,Monocytes
CD8dep_TGACGGCAGCGACGTA-1,Dendritic cells
CD8dep_TGACGGCAGGTTCCTA-1,Monocytes
CD8dep_TGACGGCAGTTTGCGT-1,Monocytes
CD8dep_TGACGGCCACCATGTA-1,Monocytes
CD8dep_TGACGGCGTCGTCTTC-1,Monocytes
CD8dep_TGACGGCGTGCAGACA-1,Macrophages
CD8dep_TGACGGCTCCGCAGTG-1,Macrophages
CD8dep_TGACTAGAGAATGTGT-1,Monocytes
CD8dep_TGACTAGAGACAAAGG-1,Monocytes
CD8dep_TGACTAGAGTGAATTG-1,Monocytes
CD8dep_TGACTAGCAGACGCAA-1,Monocytes
CD8dep_TGACTAGGTACGACCC-1,Monocytes
CD8dep_TGACTAGGTCTACCTC-1,Monocytes
CD8dep_TGACTAGGTCTCCATC-1,Dendritic cells
CD8dep_TGACTAGGTGACTCAT-1,Monocytes
CD8dep_TGACTTTAGAACTCGG-1,Monocytes
CD8dep_TGACTTTAGCGAAGGG-1,Monocytes
CD8dep_TGACTTTAGGACAGAA-1,Macrophages
CD8dep_TGACTTTAGTGCAAGC-1,Monocytes
CD8dep_TGACTTTAGTTCGCAT-1,Monocytes
CD8dep_TGACTTTGTCTAGCCG-1,Macrophages
CD8dep_TGACTTTTCCGCGTTT-1,Macrophages
CD8dep_TGACTTTTCTACCAGA-1,Monocytes
CD8dep_TGACTTTTCTCCAGGG-1,Monocytes
CD8dep_TGAGAGGAGAAGAAGC-1,Monocytes
CD8dep_TGAGAGGGTGCATCTA-1,Monocytes
CD8dep_TGAGAGGTCACGGTTA-1,Monocytes
CD8dep_TGAGCATAGACTAGAT-1,Monocytes
CD8dep_TGAGCATAGAGCAATT-1,Macrophages
CD8dep_TGAGCATCAAGCTGAG-1,Monocytes
CD8dep_TGAGCATCACACCGAC-1,Monocytes
CD8dep_TGAGCATCAGGTGGAT-1,Monocytes
CD8dep_TGAGCATCATTACGAC-1,Monocytes
CD8dep_TGAGCATGTCGGCATC-1,Monocytes
CD8dep_TGAGCATGTTCGTTGA-1,Monocytes
CD8dep_TGAGCATTCAGCAACT-1,Granulocytes
CD8dep_TGAGCATTCATTGCCC-1,Dendritic cells
CD8dep_TGAGCCGAGATGCGAC-1,Monocytes
CD8dep_TGAGCCGAGCAGGTCA-1,Monocytes
CD8dep_TGAGCCGAGGTGTGGT-1,Monocytes
CD8dep_TGAGCCGCACTTCGAA-1,Monocytes
CD8dep_TGAGCCGCATCGGGTC-1,Monocytes
CD8dep_TGAGCCGCATGCCACG-1,Monocytes
CD8dep_TGAGCCGTCGCCCTTA-1,Monocytes
CD8dep_TGAGCCGTCGGTGTTA-1,Monocytes
CD8dep_TGAGCCGTCTTCTGGC-1,Monocytes
CD8dep_TGAGGGACAAGCCGCT-1,Granulocytes
CD8dep_TGAGGGACATAGAAAC-1,Monocytes
CD8dep_TGAGGGAGTCCAGTTA-1,Monocytes
CD8dep_TGAGGGAGTCTCCATC-1,Monocytes
CD8dep_TGAGGGAGTTAGGGTG-1,Monocytes
CD8dep_TGAGGGATCACAGTAC-1,Monocytes
CD8dep_TGAGGGATCACCCTCA-1,Monocytes
CD8dep_TGATTTCAGAAGAAGC-1,Monocytes
CD8dep_TGATTTCAGTGGTCCC-1,Monocytes
CD8dep_TGATTTCGTCTTGATG-1,Monocytes
CD8dep_TGATTTCGTGTCCTCT-1,Monocytes
CD8dep_TGATTTCGTTCTGTTT-1,Monocytes
CD8dep_TGATTTCTCGGTTCGG-1,Monocytes
CD8dep_TGATTTCTCTACGAGT-1,Monocytes
CD8dep_TGCACCTAGGACCACA-1,Monocytes
CD8dep_TGCACCTCATATACCG-1,Monocytes
CD8dep_TGCACCTTCAACCATG-1,Monocytes
CD8dep_TGCACCTTCTGGCGAC-1,Monocytes
CD8dep_TGCCAAAAGATAGTCA-1,Monocytes
CD8dep_TGCCAAAAGATGCCAG-1,Monocytes
CD8dep_TGCCAAAAGCAAATCA-1,Monocytes
CD8dep_TGCCAAAAGGCTACGA-1,Monocytes
CD8dep_TGCCAAAAGTAATCCC-1,Monocytes
CD8dep_TGCCAAAAGTCAAGCG-1,Monocytes
CD8dep_TGCCAAACACCTCGTT-1,Monocytes
CD8dep_TGCCAAACACGGATAG-1,Granulocytes
CD8dep_TGCCAAACAGACTCGC-1,Monocytes
CD8dep_TGCCAAAGTATAGGTA-1,Monocytes
CD8dep_TGCCAAATCCCGACTT-1,Monocytes
CD8dep_TGCCCATAGAGTGAGA-1,Monocytes
CD8dep_TGCCCATAGCCTATGT-1,Monocytes
CD8dep_TGCCCATAGGCTAGCA-1,Monocytes
CD8dep_TGCCCATCAAGGTTTC-1,Monocytes
CD8dep_TGCCCATCACATAACC-1,Macrophages
CD8dep_TGCCCATGTGTTTGGT-1,Monocytes
CD8dep_TGCCCATTCACCTTAT-1,Granulocytes
CD8dep_TGCCCATTCTGAGTGT-1,Monocytes
CD8dep_TGCCCTAAGACGCACA-1,Monocytes
CD8dep_TGCCCTAAGAGGGCTT-1,Monocytes
CD8dep_TGCCCTAAGCATGGCA-1,Dendritic cells
CD8dep_TGCCCTAAGTACCGGA-1,Monocytes
CD8dep_TGCCCTAAGTCATGCT-1,Monocytes
CD8dep_TGCCCTACAGTATGCT-1,Monocytes
CD8dep_TGCCCTACAGTTTACG-1,Monocytes
CD8dep_TGCCCTAGTCCCGACA-1,Monocytes
CD8dep_TGCCCTAGTTTCCACC-1,Monocytes
CD8dep_TGCCCTATCGTTACAG-1,Monocytes
CD8dep_TGCCCTATCTAACTGG-1,Monocytes
CD8dep_TGCGCAGAGCAGGCTA-1,Monocytes
CD8dep_TGCGCAGAGCGTTCCG-1,Monocytes
CD8dep_TGCGCAGAGTTTCCTT-1,Monocytes
CD8dep_TGCGCAGCAAGAGGCT-1,Dendritic cells
CD8dep_TGCGCAGCAAGTACCT-1,Monocytes
CD8dep_TGCGCAGCATGGATGG-1,Dendritic cells
CD8dep_TGCGCAGCATGGGACA-1,Monocytes
CD8dep_TGCGCAGGTCGAGTTT-1,Monocytes
CD8dep_TGCGCAGGTTATCCGA-1,Monocytes
CD8dep_TGCGCAGTCAACACAC-1,Monocytes
CD8dep_TGCGCAGTCCAAGTAC-1,Monocytes
CD8dep_TGCGCAGTCTCTTATG-1,Macrophages
CD8dep_TGCGGGTAGATATACG-1,Monocytes
CD8dep_TGCGGGTAGCAGATCG-1,Monocytes
CD8dep_TGCGGGTAGGAATTAC-1,Monocytes
CD8dep_TGCGGGTAGGGATGGG-1,Granulocytes
CD8dep_TGCGGGTAGTCTTGCA-1,Monocytes
CD8dep_TGCGGGTCAAAGCGGT-1,Monocytes
CD8dep_TGCGGGTCATAGAAAC-1,Macrophages
CD8dep_TGCGGGTGTGACAAAT-1,Monocytes
CD8dep_TGCGGGTGTGCGAAAC-1,Dendritic cells
CD8dep_TGCGGGTTCTCGAGTA-1,Monocytes
CD8dep_TGCGTGGAGCAGCCTC-1,Macrophages
CD8dep_TGCGTGGCAAAGGTGC-1,Dendritic cells
CD8dep_TGCGTGGCAGGCAGTA-1,Monocytes
CD8dep_TGCGTGGGTAAATGTG-1,Monocytes
CD8dep_TGCGTGGGTCTTCTCG-1,Dendritic cells
CD8dep_TGCGTGGTCGCCATAA-1,Granulocytes
CD8dep_TGCTACCAGATGCCTT-1,Dendritic cells
CD8dep_TGCTACCCAAGTTCTG-1,Monocytes
CD8dep_TGCTACCCAGATCGGA-1,Monocytes
CD8dep_TGCTACCGTCTAGGTT-1,Monocytes
CD8dep_TGCTACCGTGATGATA-1,Monocytes
CD8dep_TGCTGCTAGAGGTTAT-1,Monocytes
CD8dep_TGCTGCTAGGATGGTC-1,Monocytes
CD8dep_TGCTGCTGTACCGAGA-1,Monocytes
CD8dep_TGCTGCTGTCGCTTTC-1,Monocytes
CD8dep_TGCTGCTGTGAAAGAG-1,Macrophages
CD8dep_TGCTGCTGTTATGTGC-1,Monocytes
CD8dep_TGCTGCTTCCATGAGT-1,Monocytes
CD8dep_TGCTGCTTCTCCGGTT-1,Monocytes
CD8dep_TGCTGCTTCTGCCCTA-1,Monocytes
CD8dep_TGCTGCTTCTGGCGTG-1,Monocytes
CD8dep_TGGACGCAGAGCTGCA-1,Monocytes
CD8dep_TGGACGCAGGCTCATT-1,Monocytes
CD8dep_TGGACGCAGTGGCACA-1,Monocytes
CD8dep_TGGACGCAGTTGAGTA-1,Monocytes
CD8dep_TGGACGCCACAGCGTC-1,Monocytes
CD8dep_TGGACGCGTCCGAAGA-1,Monocytes
CD8dep_TGGACGCGTGCTCTTC-1,Monocytes
CD8dep_TGGACGCTCGCGTAGC-1,Monocytes
CD8dep_TGGACGCTCTGCGGCA-1,Monocytes
CD8dep_TGGCCAGAGATCCGAG-1,Monocytes
CD8dep_TGGCCAGAGGGAACGG-1,Monocytes
CD8dep_TGGCCAGCAATGGTCT-1,Monocytes
CD8dep_TGGCCAGCACATTCGA-1,Monocytes
CD8dep_TGGCCAGCATGAAGTA-1,Monocytes
CD8dep_TGGCCAGCATGCATGT-1,T cells
CD8dep_TGGCCAGGTCATGCCG-1,Monocytes
CD8dep_TGGCCAGGTGCAACTT-1,Monocytes
CD8dep_TGGCCAGGTTAGATGA-1,Macrophages
CD8dep_TGGCCAGGTTCGTTGA-1,Monocytes
CD8dep_TGGCCAGTCAAACGGG-1,Macrophages
CD8dep_TGGCGCAAGCTCCTTC-1,Granulocytes
CD8dep_TGGCGCAAGTGGTAAT-1,Monocytes
CD8dep_TGGCGCACATGGTCAT-1,Monocytes
CD8dep_TGGCGCAGTACTTCTT-1,Monocytes
CD8dep_TGGCGCAGTAGGCTGA-1,Monocytes
CD8dep_TGGCGCAGTTCGGCAC-1,Fibroblasts
CD8dep_TGGCGCATCGCCAGCA-1,Monocytes
CD8dep_TGGCTGGAGCGATAGC-1,T cells
CD8dep_TGGCTGGAGCTCCTCT-1,Granulocytes
CD8dep_TGGCTGGCACCGATAT-1,Monocytes
CD8dep_TGGCTGGCACTCAGGC-1,Monocytes
CD8dep_TGGCTGGCATCGGGTC-1,Monocytes
CD8dep_TGGCTGGGTAGAAAGG-1,Monocytes
CD8dep_TGGCTGGGTCACTTCC-1,Monocytes
CD8dep_TGGCTGGGTCGGCACT-1,Monocytes
CD8dep_TGGCTGGTCTGGTTCC-1,Macrophages
CD8dep_TGGGAAGAGTGAACAT-1,Monocytes
CD8dep_TGGGAAGCAGCTGGCT-1,Granulocytes
CD8dep_TGGGAAGCATCACGAT-1,Monocytes
CD8dep_TGGGAAGCATGGTAGG-1,Monocytes
CD8dep_TGGGAAGGTAATCACC-1,Monocytes
CD8dep_TGGGAAGGTATAAACG-1,Monocytes
CD8dep_TGGGAAGGTCCCGACA-1,Monocytes
CD8dep_TGGGAAGTCAGGTTCA-1,Monocytes
CD8dep_TGGGAAGTCATCACCC-1,Monocytes
CD8dep_TGGGCGTAGGCATGGT-1,Monocytes
CD8dep_TGGGCGTGTCACCCAG-1,Monocytes
CD8dep_TGGGCGTGTGGCAAAC-1,Monocytes
CD8dep_TGGGCGTTCCTTGCCA-1,Monocytes
CD8dep_TGGTTAGAGGCCCTTG-1,Monocytes
CD8dep_TGGTTAGCACCTTGTC-1,Monocytes
CD8dep_TGGTTAGCAGGATCGA-1,Monocytes
CD8dep_TGGTTAGCAGGTCCAC-1,Monocytes
CD8dep_TGGTTAGCAGTCTTCC-1,Monocytes
CD8dep_TGGTTAGGTAGCCTAT-1,Monocytes
CD8dep_TGGTTAGGTCAGCTAT-1,Monocytes
CD8dep_TGGTTAGGTGAAATCA-1,Monocytes
CD8dep_TGGTTAGGTGCAGGTA-1,Monocytes
CD8dep_TGGTTAGGTGCGCTTG-1,Monocytes
CD8dep_TGGTTAGTCATATCGG-1,Monocytes
CD8dep_TGGTTAGTCTGTACGA-1,Monocytes
CD8dep_TGGTTCCAGCATGGCA-1,Monocytes
CD8dep_TGGTTCCCACGGTAGA-1,Monocytes
CD8dep_TGGTTCCGTGCGATAG-1,Monocytes
CD8dep_TGGTTCCGTTGCGCAC-1,Monocytes
CD8dep_TGGTTCCTCAGTGTTG-1,Monocytes
CD8dep_TGGTTCCTCCAGATCA-1,Monocytes
CD8dep_TGGTTCCTCGGACAAG-1,Monocytes
CD8dep_TGTATTCCAATAGCGG-1,Monocytes
CD8dep_TGTATTCCAGGCAGTA-1,Monocytes
CD8dep_TGTATTCGTAGCGCAA-1,Monocytes
CD8dep_TGTATTCGTGAGGGTT-1,Granulocytes
CD8dep_TGTATTCGTGTGGCTC-1,Monocytes
CD8dep_TGTATTCGTTGTACAC-1,Macrophages
CD8dep_TGTATTCTCACCAGGC-1,Monocytes
CD8dep_TGTCCCAAGAGACTAT-1,Monocytes
CD8dep_TGTCCCAAGCACAGGT-1,Macrophages
CD8dep_TGTCCCAAGTCGAGTG-1,Monocytes
CD8dep_TGTCCCAAGTGTGAAT-1,Monocytes
CD8dep_TGTCCCACATGAGCGA-1,Monocytes
CD8dep_TGTCCCAGTCCGTGAC-1,Monocytes
CD8dep_TGTCCCAGTTGTCTTT-1,Dendritic cells
CD8dep_TGTCCCATCCTAAGTG-1,Monocytes
CD8dep_TGTGGTACACAAGTAA-1,Dendritic cells
CD8dep_TGTGGTACATAGTAAG-1,Granulocytes
CD8dep_TGTGGTACATCGGTTA-1,Monocytes
CD8dep_TGTGGTACATGTAAGA-1,Monocytes
CD8dep_TGTGGTAGTATAGGGC-1,Dendritic cells
CD8dep_TGTGGTAGTCCCGACA-1,Monocytes
CD8dep_TGTGGTAGTTCGAATC-1,Macrophages
CD8dep_TGTGGTATCGCAAGCC-1,Monocytes
CD8dep_TGTGGTATCTGCGGCA-1,Dendritic cells
CD8dep_TGTGGTATCTTTACGT-1,Monocytes
CD8dep_TGTGTTTAGAGGTTAT-1,Monocytes
CD8dep_TGTGTTTAGTACGTAA-1,Monocytes
CD8dep_TGTGTTTCAAGCCGCT-1,Dendritic cells
CD8dep_TGTGTTTCAGCCACCA-1,Dendritic cells
CD8dep_TGTGTTTGTAAAGTCA-1,B cells
CD8dep_TGTGTTTGTTAGATGA-1,Monocytes
CD8dep_TGTGTTTTCAAAGTAG-1,Monocytes
CD8dep_TGTGTTTTCTCTAGGA-1,Dendritic cells
CD8dep_TGTTCCGAGAGTACCG-1,Monocytes
CD8dep_TGTTCCGGTTAAGAAC-1,Dendritic cells
CD8dep_TGTTCCGGTTGGACCC-1,Monocytes
CD8dep_TGTTCCGTCCGAATGT-1,Macrophages
CD8dep_TGTTCCGTCGGCGCTA-1,NK cells
CD8dep_TGTTCCGTCTAAGCCA-1,Dendritic cells
CD8dep_TGTTCCGTCTGCAGTA-1,Monocytes
CD8dep_TTAACTCAGCCAGTAG-1,Monocytes
CD8dep_TTAACTCAGCCCAACC-1,Monocytes
CD8dep_TTAACTCAGGAGTCTG-1,Monocytes
CD8dep_TTAACTCAGTCTCGGC-1,Monocytes
CD8dep_TTAACTCAGTGCCATT-1,Monocytes
CD8dep_TTAACTCGTAACGCGA-1,Monocytes
CD8dep_TTAACTCGTAGGCATG-1,Dendritic cells
CD8dep_TTAACTCGTCTTGTCC-1,Monocytes
CD8dep_TTAGGACAGCACACAG-1,Monocytes
CD8dep_TTAGGACAGTACGACG-1,Dendritic cells
CD8dep_TTAGGACCAAGGACAC-1,Monocytes
CD8dep_TTAGGACCACTTACGA-1,Monocytes
CD8dep_TTAGGACCAGATCTGT-1,Monocytes
CD8dep_TTAGGACCAGTCCTTC-1,Monocytes
CD8dep_TTAGGACGTCTCTTAT-1,Monocytes
CD8dep_TTAGGACGTGGCCCTA-1,Macrophages
CD8dep_TTAGGACGTTAAAGTG-1,Monocytes
CD8dep_TTAGGACGTTCTCATT-1,Monocytes
CD8dep_TTAGGACTCAGCCTAA-1,Monocytes
CD8dep_TTAGGACTCGAATGGG-1,Monocytes
CD8dep_TTAGGACTCGGGAGTA-1,Monocytes
CD8dep_TTAGGACTCGGTTAAC-1,Monocytes
CD8dep_TTAGGACTCTCTAGGA-1,Monocytes
CD8dep_TTAGGCAAGAAACGAG-1,T cells
CD8dep_TTAGGCAAGACTAAGT-1,Monocytes
CD8dep_TTAGGCAAGCGAAGGG-1,Monocytes
CD8dep_TTAGGCAAGCTAGGCA-1,Monocytes
CD8dep_TTAGGCAAGTAAGTAC-1,Monocytes
CD8dep_TTAGGCAGTGACTCAT-1,Monocytes
CD8dep_TTAGGCAGTTCCACAA-1,Monocytes
CD8dep_TTAGTTCAGAACAATC-1,Dendritic cells
CD8dep_TTAGTTCCAATTCCTT-1,T cells
CD8dep_TTAGTTCCATTAACCG-1,Monocytes
CD8dep_TTAGTTCGTAGCTAAA-1,Monocytes
CD8dep_TTAGTTCGTCTCACCT-1,Monocytes
CD8dep_TTAGTTCGTGATGTCT-1,Monocytes
CD8dep_TTAGTTCTCCTATTCA-1,Granulocytes
CD8dep_TTAGTTCTCGGCATCG-1,NK cells
CD8dep_TTAGTTCTCTGACCTC-1,Monocytes
CD8dep_TTAGTTCTCTGTCAAG-1,Monocytes
CD8dep_TTAGTTCTCTTAACCT-1,Monocytes
CD8dep_TTATGCTAGACCGGAT-1,Monocytes
CD8dep_TTATGCTAGGAGTACC-1,Monocytes
CD8dep_TTATGCTAGGAGTCTG-1,Monocytes
CD8dep_TTATGCTCAAGGACTG-1,Granulocytes
CD8dep_TTATGCTCACCGATAT-1,Monocytes
CD8dep_TTATGCTGTAGCTCCG-1,Monocytes
CD8dep_TTATGCTGTCACAAGG-1,Monocytes
CD8dep_TTATGCTGTCCGTGAC-1,Monocytes
CD8dep_TTATGCTGTGAGTGAC-1,Monocytes
CD8dep_TTATGCTGTGCAGTAG-1,Monocytes
CD8dep_TTATGCTGTTGATTCG-1,Monocytes
CD8dep_TTATGCTGTTGCGTTA-1,Dendritic cells
CD8dep_TTATGCTTCAAAGACA-1,Monocytes
CD8dep_TTCCCAGAGAGCTGCA-1,Monocytes
CD8dep_TTCCCAGAGCCCAGCT-1,Monocytes
CD8dep_TTCCCAGAGGGCACTA-1,Dendritic cells
CD8dep_TTCCCAGCATGTAGTC-1,Monocytes
CD8dep_TTCCCAGGTCTAGTGT-1,Monocytes
CD8dep_TTCCCAGGTGTTCTTT-1,Monocytes
CD8dep_TTCCCAGTCACATAGC-1,Monocytes
CD8dep_TTCCCAGTCAGTACGT-1,Monocytes
CD8dep_TTCGAAGAGCGCTTAT-1,Monocytes
CD8dep_TTCGAAGCAAGCCGTC-1,Monocytes
CD8dep_TTCGAAGTCCACGAAT-1,Monocytes
CD8dep_TTCGGTCAGTGTGAAT-1,Monocytes
CD8dep_TTCGGTCCAAACCCAT-1,Monocytes
CD8dep_TTCGGTCCACGAAACG-1,Monocytes
CD8dep_TTCGGTCCATAGACTC-1,Monocytes
CD8dep_TTCGGTCCATCACGTA-1,Monocytes
CD8dep_TTCGGTCGTCTGCGGT-1,Macrophages
CD8dep_TTCGGTCTCCCTTGCA-1,Dendritic cells
CD8dep_TTCGGTCTCGGATGTT-1,Monocytes
CD8dep_TTCGGTCTCGGTTCGG-1,Monocytes
CD8dep_TTCTACAAGACAATAC-1,Monocytes
CD8dep_TTCTACAAGAGACTAT-1,Monocytes
CD8dep_TTCTACAAGCCAACAG-1,Monocytes
CD8dep_TTCTACACAAGCCATT-1,Monocytes
CD8dep_TTCTACACAGTAACGG-1,Granulocytes
CD8dep_TTCTACAGTACGACCC-1,Monocytes
CD8dep_TTCTACAGTCAACTGT-1,Monocytes
CD8dep_TTCTACAGTCATATCG-1,Monocytes
CD8dep_TTCTACAGTCTAAACC-1,Monocytes
CD8dep_TTCTACAGTGCACGAA-1,Monocytes
CD8dep_TTCTACATCAACCATG-1,Monocytes
CD8dep_TTCTACATCGTGGACC-1,Monocytes
CD8dep_TTCTCAAAGATCTGAA-1,Monocytes
CD8dep_TTCTCAAAGCTCCTTC-1,Monocytes
CD8dep_TTCTCAACAAGTTAAG-1,Macrophages
CD8dep_TTCTCAACACTCTGTC-1,Dendritic cells
CD8dep_TTCTCAACAGTCAGCC-1,Monocytes
CD8dep_TTCTCAACATGTCCTC-1,Monocytes
CD8dep_TTCTCAACATGTCGAT-1,T cells
CD8dep_TTCTCAAGTACGCACC-1,Monocytes
CD8dep_TTCTCAAGTCGGCACT-1,Monocytes
CD8dep_TTCTCAATCACGCGGT-1,Monocytes
CD8dep_TTCTCAATCAGCGACC-1,Monocytes
CD8dep_TTCTCAATCCTCAACC-1,Monocytes
CD8dep_TTCTCAATCTACTCAT-1,Monocytes
CD8dep_TTCTCCTCAGCGTCCA-1,Monocytes
CD8dep_TTCTCCTCAGTCACTA-1,Macrophages
CD8dep_TTCTCCTCATATACCG-1,Macrophages
CD8dep_TTCTCCTCATTAGGCT-1,Monocytes
CD8dep_TTCTCCTGTAACGACG-1,Dendritic cells
CD8dep_TTCTCCTGTGTCTGAT-1,Monocytes
CD8dep_TTCTCCTGTTAAGATG-1,Macrophages
CD8dep_TTCTCCTTCACATACG-1,Dendritic cells
CD8dep_TTCTCCTTCGAACTGT-1,Dendritic cells
CD8dep_TTCTTAGAGAGGTTAT-1,Monocytes
CD8dep_TTCTTAGAGAGTGACC-1,Dendritic cells
CD8dep_TTCTTAGAGATGAGAG-1,Monocytes
CD8dep_TTCTTAGAGCAGATCG-1,Monocytes
CD8dep_TTCTTAGAGCCACGCT-1,Monocytes
CD8dep_TTCTTAGAGCTAAACA-1,Dendritic cells
CD8dep_TTCTTAGAGGAGTTTA-1,Macrophages
CD8dep_TTCTTAGCACAGATTC-1,Monocytes
CD8dep_TTCTTAGCACGAAGCA-1,Monocytes
CD8dep_TTCTTAGCAGCAGTTT-1,Monocytes
CD8dep_TTCTTAGGTTCATGGT-1,Monocytes
CD8dep_TTCTTAGGTTTAGCTG-1,Monocytes
CD8dep_TTCTTAGTCAAGCCTA-1,Monocytes
CD8dep_TTGAACGAGTGCGTGA-1,Monocytes
CD8dep_TTGAACGGTGCAACGA-1,Monocytes
CD8dep_TTGAACGGTGCCTGTG-1,Monocytes
CD8dep_TTGAACGGTTAGATGA-1,Monocytes
CD8dep_TTGAACGTCATCTGCC-1,Dendritic cells
CD8dep_TTGAACGTCCACGTTC-1,Granulocytes
CD8dep_TTGAACGTCGGTCCGA-1,Monocytes
CD8dep_TTGAACGTCTAACTCT-1,Monocytes
CD8dep_TTGAACGTCTCTAGGA-1,Monocytes
CD8dep_TTGACTTAGCGATCCC-1,Monocytes
CD8dep_TTGACTTAGCGTGAGT-1,Monocytes
CD8dep_TTGACTTAGCTTATCG-1,Monocytes
CD8dep_TTGACTTAGGTTCCTA-1,Monocytes
CD8dep_TTGACTTCAAACTGCT-1,Granulocytes
CD8dep_TTGACTTCACCGATAT-1,Monocytes
CD8dep_TTGACTTCAGGGCATA-1,Monocytes
CD8dep_TTGACTTCATTACCTT-1,Monocytes
CD8dep_TTGACTTGTAGGGACT-1,Monocytes
CD8dep_TTGACTTGTGCATCTA-1,Monocytes
CD8dep_TTGACTTGTGGGTATG-1,Monocytes
CD8dep_TTGCCGTCAATAAGCA-1,Monocytes
CD8dep_TTGCCGTCATTAACCG-1,Monocytes
CD8dep_TTGCCGTGTGCAGACA-1,Macrophages
CD8dep_TTGCCGTTCAGCATGT-1,Monocytes
CD8dep_TTGCGTCAGATATACG-1,Monocytes
CD8dep_TTGCGTCAGCTAGTCT-1,Monocytes
CD8dep_TTGCGTCAGGACACCA-1,Monocytes
CD8dep_TTGCGTCAGGATATAC-1,Monocytes
CD8dep_TTGCGTCAGGGTTCCC-1,Monocytes
CD8dep_TTGCGTCCAAACTGCT-1,Monocytes
CD8dep_TTGCGTCCACAGTCGC-1,Monocytes
CD8dep_TTGCGTCGTACAGCAG-1,Monocytes
CD8dep_TTGCGTCGTCGCTTTC-1,Monocytes
CD8dep_TTGCGTCGTCGGCTCA-1,Monocytes
CD8dep_TTGCGTCGTTGAACTC-1,Monocytes
CD8dep_TTGCGTCTCGTTTAGG-1,Monocytes
CD8dep_TTGCGTCTCTCAACTT-1,Monocytes
CD8dep_TTGGAACAGATGCCTT-1,Monocytes
CD8dep_TTGGAACAGCACACAG-1,Dendritic cells
CD8dep_TTGGAACAGCCGATTT-1,Monocytes
CD8dep_TTGGAACAGGGCATGT-1,Monocytes
CD8dep_TTGGAACCAAGAAGAG-1,Dendritic cells
CD8dep_TTGGAACCAGGTGGAT-1,Monocytes
CD8dep_TTGGAACGTATTCGTG-1,Macrophages
CD8dep_TTGGAACGTCCGCTGA-1,Dendritic cells
CD8dep_TTGGAACGTTAGTGGG-1,Monocytes
CD8dep_TTGGAACGTTCCCTTG-1,Monocytes
CD8dep_TTGGCAAAGAGCAATT-1,Monocytes
CD8dep_TTGGCAAAGGTAGCTG-1,Monocytes
CD8dep_TTGGCAACACCGTTGG-1,Monocytes
CD8dep_TTGGCAACATGGGACA-1,Monocytes
CD8dep_TTGGCAAGTCATCGGC-1,Monocytes
CD8dep_TTGGCAATCGCCTGTT-1,Monocytes
CD8dep_TTGTAGGAGCCCTAAT-1,Granulocytes
CD8dep_TTGTAGGCATACGCTA-1,Monocytes
CD8dep_TTGTAGGGTCTAGTGT-1,Monocytes
CD8dep_TTGTAGGGTGTAACGG-1,Granulocytes
CD8dep_TTGTAGGGTTGGAGGT-1,Monocytes
CD8dep_TTGTAGGTCGAGAACG-1,Monocytes
CD8dep_TTGTAGGTCGCAGGCT-1,Monocytes
CD8dep_TTGTAGGTCGGACAAG-1,Monocytes
CD8dep_TTGTAGGTCGTGGTCG-1,Monocytes
CD8dep_TTGTAGGTCTGCGTAA-1,Monocytes
CD8dep_TTTACTGAGAATTGTG-1,Monocytes
CD8dep_TTTACTGAGGCCCTCA-1,Granulocytes
CD8dep_TTTACTGAGTACGACG-1,Monocytes
CD8dep_TTTACTGAGTCAATAG-1,Monocytes
CD8dep_TTTACTGAGTGTGAAT-1,Monocytes
CD8dep_TTTACTGCAAGACACG-1,Monocytes
CD8dep_TTTACTGCAGACGCCT-1,Granulocytes
CD8dep_TTTACTGCATCTGGTA-1,Monocytes
CD8dep_TTTACTGCATTCTCAT-1,Macrophages
CD8dep_TTTACTGGTGCAGACA-1,Monocytes
CD8dep_TTTACTGGTGTGAATA-1,Dendritic cells
CD8dep_TTTACTGGTTCTGGTA-1,Monocytes
CD8dep_TTTACTGTCAACACTG-1,Monocytes
CD8dep_TTTACTGTCATGCAAC-1,Dendritic cells
CD8dep_TTTACTGTCTTCAACT-1,Monocytes
CD8dep_TTTATGCCAAGTTGTC-1,Monocytes
CD8dep_TTTATGCCACGTGAGA-1,Monocytes
CD8dep_TTTATGCCAGTGACAG-1,Monocytes
CD8dep_TTTATGCGTAAGGATT-1,Monocytes
CD8dep_TTTATGCGTCTAGCGC-1,Dendritic cells
CD8dep_TTTATGCTCGGTTAAC-1,Macrophages
CD8dep_TTTCCTCAGATCGGGT-1,Monocytes
CD8dep_TTTCCTCAGCTGAAAT-1,Monocytes
CD8dep_TTTCCTCAGTCTTGCA-1,Monocytes
CD8dep_TTTCCTCCACCTGGTG-1,Dendritic cells
CD8dep_TTTCCTCGTATCTGCA-1,Monocytes
CD8dep_TTTCCTCGTGCGCTTG-1,Monocytes
CD8dep_TTTCCTCGTGTAATGA-1,Monocytes
CD8dep_TTTCCTCGTGTGCCTG-1,Monocytes
CD8dep_TTTCCTCGTTCTGAAC-1,Macrophages
CD8dep_TTTCCTCTCATCTGTT-1,Monocytes
CD8dep_TTTCCTCTCTTTACGT-1,Monocytes
CD8dep_TTTGCGCAGAATGTTG-1,Monocytes
CD8dep_TTTGCGCCATCGTCGG-1,Monocytes
CD8dep_TTTGCGCCATGTCTCC-1,Monocytes
CD8dep_TTTGCGCGTCCGAACC-1,Monocytes
CD8dep_TTTGCGCTCCTACAGA-1,Monocytes
CD8dep_TTTGCGCTCGAATGGG-1,Monocytes
CD8dep_TTTGCGCTCGCTAGCG-1,Monocytes
CD8dep_TTTGCGCTCTCCAGGG-1,Dendritic cells
CD8dep_TTTGGTTAGAAGATTC-1,Macrophages
CD8dep_TTTGGTTAGACAGAGA-1,Dendritic cells
CD8dep_TTTGGTTAGATCCCGC-1,Monocytes
CD8dep_TTTGGTTCAACACCCG-1,Monocytes
CD8dep_TTTGGTTCATATGCTG-1,Monocytes
CD8dep_TTTGGTTGTTCCACAA-1,Monocytes
CD8dep_TTTGGTTGTTGCGCAC-1,Dendritic cells
CD8dep_TTTGGTTTCGTGGACC-1,Dendritic cells
CD8dep_TTTGGTTTCTGATACG-1,Monocytes
CD8dep_TTTGTCAAGACGACGT-1,Monocytes
CD8dep_TTTGTCAAGGACCACA-1,Dendritic cells
CD8dep_TTTGTCACATCGGTTA-1,Macrophages
CD8dep_TTTGTCAGTACTTCTT-1,Monocytes
CD8dep_TTTGTCAGTCGCTTCT-1,Monocytes
CD8dep_TTTGTCAGTTCAGTAC-1,Monocytes
CD8dep_TTTGTCATCGTAGGAG-1,Monocytes
